sim_time,strategy,rank,code,name,entry_price,exit_price,qty,pnl,pnl_pct,exit_reason,source,params_hash
2026-04-07 19:20:35,A,,0007C0,아크릴,0,0,53,0.0,0.0,,실시간순위,20260407_192035
2026-04-07 19:20:35,A,,046890,서울반도체,0,0,194,0.0,0.0,,실시간순위,20260407_192035
2026-04-07 19:20:35,A,,004650,창해에탄올,0,0,165,0.0,0.0,,실시간순위,20260407_192035
2026-04-07 19:20:35,A,,005810,풍산홀딩스,0,0,36,0.0,0.0,,실시간순위,20260407_192035
2026-04-07 19:20:35,A,,033640,네패스,0,0,91,0.0,0.0,,실시간순위,20260407_192035
2026-04-07 19:20:35,A,,0007C0,아크릴,0,0,53,19822,1.0,,실시간순위,20260407_192035
2026-04-07 19:20:35,A,,046890,서울반도체,0,0,194,19788,1.0,,실시간순위,20260407_192035
2026-04-07 19:20:35,A,,004650,창해에탄올,0,0,165,19800,1.0,,실시간순위,20260407_192035
2026-04-07 19:20:35,A,,005810,풍산홀딩스,0,0,36,19656,1.0,,실시간순위,20260407_192035
2026-04-07 19:20:35,A,,033640,네패스,0,0,91,9464,0.47,,실시간순위,20260407_192035
2026-04-07 19:20:35,B,,0007C0,아크릴,0,0,26,0.0,0.0,,실시간순위,20260407_192035
2026-04-07 19:20:35,B,,046890,서울반도체,0,0,97,0.0,0.0,,실시간순위,20260407_192035
2026-04-07 19:20:35,B,,004650,창해에탄올,0,0,82,0.0,0.0,,실시간순위,20260407_192035
2026-04-07 19:20:35,B,,005810,풍산홀딩스,0,0,18,0.0,0.0,,실시간순위,20260407_192035
2026-04-07 19:20:35,B,,033640,네패스,0,0,45,0.0,0.0,,실시간순위,20260407_192035
2026-04-07 19:20:35,B,,493330,지에프아이,0,0,70,0.0,0.0,,실시간순위,20260407_192035
2026-04-07 19:20:35,B,,077360,덕산하이메탈,0,0,84,0.0,0.0,,실시간순위,20260407_192035
2026-04-07 19:20:35,B,,393890,더블유씨피,0,0,63,0.0,0.0,,실시간순위,20260407_192035
2026-04-07 19:20:35,B,,394420,리센스메디컬,0,0,42,0.0,0.0,,실시간순위,20260407_192035
2026-04-07 19:20:35,B,,079000,와토스코리아,0,0,113,0.0,0.0,,실시간순위,20260407_192035
2026-04-07 19:20:35,B,,0007C0,아크릴,0,0,26,19448,2.0,,실시간순위,20260407_192035
2026-04-07 19:20:35,B,,046890,서울반도체,0,0,97,-4947,-0.5,,실시간순위,20260407_192035
2026-04-07 19:20:35,B,,004650,창해에탄올,0,0,82,19762,2.0,,실시간순위,20260407_192035
2026-04-07 19:20:35,B,,005810,풍산홀딩스,0,0,18,19656,2.0,,실시간순위,20260407_192035
2026-04-07 19:20:35,B,,033640,네패스,0,0,45,19710,2.0,,실시간순위,20260407_192035
2026-04-07 19:20:35,B,,493330,지에프아이,0,0,70,19670,2.0,,실시간순위,20260407_192035
2026-04-07 19:20:35,B,,077360,덕산하이메탈,0,0,84,19740,2.0,,실시간순위,20260407_192035
2026-04-07 19:20:35,B,,393890,더블유씨피,0,0,63,19719,2.0,,실시간순위,20260407_192035
2026-04-07 19:20:35,B,,394420,리센스메디컬,0,0,42,19572,2.0,,실시간순위,20260407_192035
2026-04-07 19:20:35,B,,079000,와토스코리아,0,0,113,19888,2.0,,실시간순위,20260407_192035
2026-04-07 19:20:35,C,,0007C0,아크릴,0,0,53,0.0,0.0,,실시간순위,20260407_192035
2026-04-07 19:20:35,C,,046890,서울반도체,0,0,194,0.0,0.0,,실시간순위,20260407_192035
2026-04-07 19:20:35,C,,004650,창해에탄올,0,0,165,0.0,0.0,,실시간순위,20260407_192035
2026-04-07 19:20:35,C,,005810,풍산홀딩스,0,0,36,0.0,0.0,,실시간순위,20260407_192035
2026-04-07 19:20:35,C,,033640,네패스,0,0,91,0.0,0.0,,실시간순위,20260407_192035
2026-04-07 19:20:35,C,,0007C0,아크릴,0,0,53,29680,1.5,,실시간순위,20260407_192035
2026-04-07 19:20:35,C,,046890,서울반도체,0,0,194,29876,1.5,,실시간순위,20260407_192035
2026-04-07 19:20:35,C,,004650,창해에탄올,0,0,165,29865,1.5,,실시간순위,20260407_192035
2026-04-07 19:20:35,C,,005810,풍산홀딩스,0,0,36,29448,1.5,,실시간순위,20260407_192035
2026-04-07 19:20:35,C,,033640,네패스,0,0,91,29848,1.5,,실시간순위,20260407_192035
2026-04-07 19:20:43,A,,0007C0,아크릴,0,0,53,0.0,0.0,,실시간순위,20260407_192043
2026-04-07 19:20:43,A,,046890,서울반도체,0,0,194,0.0,0.0,,실시간순위,20260407_192043
2026-04-07 19:20:43,A,,004650,창해에탄올,0,0,165,0.0,0.0,,실시간순위,20260407_192043
2026-04-07 19:20:43,A,,005810,풍산홀딩스,0,0,36,0.0,0.0,,실시간순위,20260407_192043
2026-04-07 19:20:43,A,,033640,네패스,0,0,91,0.0,0.0,,실시간순위,20260407_192043
2026-04-07 19:20:43,A,,0007C0,아크릴,0,0,53,265,0.01,,실시간순위,20260407_192043
2026-04-07 19:20:43,A,,046890,서울반도체,0,0,194,19788,1.0,,실시간순위,20260407_192043
2026-04-07 19:20:43,A,,004650,창해에탄올,0,0,165,19800,1.0,,실시간순위,20260407_192043
2026-04-07 19:20:43,A,,005810,풍산홀딩스,0,0,36,19656,1.0,,실시간순위,20260407_192043
2026-04-07 19:20:43,A,,033640,네패스,0,0,91,19929,1.0,,실시간순위,20260407_192043
2026-04-07 19:20:43,B,,0007C0,아크릴,0,0,26,0.0,0.0,,실시간순위,20260407_192043
2026-04-07 19:20:43,B,,046890,서울반도체,0,0,97,0.0,0.0,,실시간순위,20260407_192043
2026-04-07 19:20:43,B,,004650,창해에탄올,0,0,82,0.0,0.0,,실시간순위,20260407_192043
2026-04-07 19:20:43,B,,005810,풍산홀딩스,0,0,18,0.0,0.0,,실시간순위,20260407_192043
2026-04-07 19:20:43,B,,033640,네패스,0,0,45,0.0,0.0,,실시간순위,20260407_192043
2026-04-07 19:20:43,B,,493330,지에프아이,0,0,70,0.0,0.0,,실시간순위,20260407_192043
2026-04-07 19:20:43,B,,077360,덕산하이메탈,0,0,84,0.0,0.0,,실시간순위,20260407_192043
2026-04-07 19:20:43,B,,393890,더블유씨피,0,0,63,0.0,0.0,,실시간순위,20260407_192043
2026-04-07 19:20:43,B,,394420,리센스메디컬,0,0,42,0.0,0.0,,실시간순위,20260407_192043
2026-04-07 19:20:43,B,,079000,와토스코리아,0,0,113,0.0,0.0,,실시간순위,20260407_192043
2026-04-07 19:20:43,B,,0007C0,아크릴,0,0,26,19448,2.0,,실시간순위,20260407_192043
2026-04-07 19:20:43,B,,046890,서울반도체,0,0,97,19885,2.0,,실시간순위,20260407_192043
2026-04-07 19:20:43,B,,004650,창해에탄올,0,0,82,19762,2.0,,실시간순위,20260407_192043
2026-04-07 19:20:43,B,,005810,풍산홀딩스,0,0,18,19656,2.0,,실시간순위,20260407_192043
2026-04-07 19:20:43,B,,033640,네패스,0,0,45,19710,2.0,,실시간순위,20260407_192043
2026-04-07 19:20:43,B,,493330,지에프아이,0,0,70,19670,2.0,,실시간순위,20260407_192043
2026-04-07 19:20:43,B,,077360,덕산하이메탈,0,0,84,19740,2.0,,실시간순위,20260407_192043
2026-04-07 19:20:43,B,,393890,더블유씨피,0,0,63,19719,2.0,,실시간순위,20260407_192043
2026-04-07 19:20:43,B,,394420,리센스메디컬,0,0,42,19572,2.0,,실시간순위,20260407_192043
2026-04-07 19:20:43,B,,079000,와토스코리아,0,0,113,19888,2.0,,실시간순위,20260407_192043
2026-04-07 19:20:43,C,,0007C0,아크릴,0,0,53,0.0,0.0,,실시간순위,20260407_192043
2026-04-07 19:20:43,C,,046890,서울반도체,0,0,194,0.0,0.0,,실시간순위,20260407_192043
2026-04-07 19:20:43,C,,004650,창해에탄올,0,0,165,0.0,0.0,,실시간순위,20260407_192043
2026-04-07 19:20:43,C,,005810,풍산홀딩스,0,0,36,0.0,0.0,,실시간순위,20260407_192043
2026-04-07 19:20:43,C,,033640,네패스,0,0,91,0.0,0.0,,실시간순위,20260407_192043
2026-04-07 19:20:43,C,,0007C0,아크릴,0,0,53,29680,1.5,,실시간순위,20260407_192043
2026-04-07 19:20:43,C,,046890,서울반도체,0,0,194,29876,1.5,,실시간순위,20260407_192043
2026-04-07 19:20:43,C,,004650,창해에탄올,0,0,165,29865,1.5,,실시간순위,20260407_192043
2026-04-07 19:20:43,C,,005810,풍산홀딩스,0,0,36,29448,1.5,,실시간순위,20260407_192043
2026-04-07 19:20:43,C,,033640,네패스,0,0,91,29848,1.5,,실시간순위,20260407_192043
2026-04-07 19:20:52,A,,0007C0,아크릴,0,0,53,0.0,0.0,,실시간순위,20260407_192052
2026-04-07 19:20:52,A,,046890,서울반도체,0,0,194,0.0,0.0,,실시간순위,20260407_192052
2026-04-07 19:20:52,A,,004650,창해에탄올,0,0,165,0.0,0.0,,실시간순위,20260407_192052
2026-04-07 19:20:52,A,,005810,풍산홀딩스,0,0,36,0.0,0.0,,실시간순위,20260407_192052
2026-04-07 19:20:52,A,,033640,네패스,0,0,91,0.0,0.0,,실시간순위,20260407_192052
2026-04-07 19:20:52,A,,0007C0,아크릴,0,0,53,19822,1.0,,실시간순위,20260407_192052
2026-04-07 19:20:52,A,,046890,서울반도체,0,0,194,19788,1.0,,실시간순위,20260407_192052
2026-04-07 19:20:52,A,,004650,창해에탄올,0,0,165,19800,1.0,,실시간순위,20260407_192052
2026-04-07 19:20:52,A,,005810,풍산홀딩스,0,0,36,19656,1.0,,실시간순위,20260407_192052
2026-04-07 19:20:52,A,,033640,네패스,0,0,91,19929,1.0,,실시간순위,20260407_192052
2026-04-07 19:20:52,B,,0007C0,아크릴,0,0,26,0.0,0.0,,실시간순위,20260407_192052
2026-04-07 19:20:52,B,,046890,서울반도체,0,0,97,0.0,0.0,,실시간순위,20260407_192052
2026-04-07 19:20:52,B,,004650,창해에탄올,0,0,82,0.0,0.0,,실시간순위,20260407_192052
2026-04-07 19:20:52,B,,005810,풍산홀딩스,0,0,18,0.0,0.0,,실시간순위,20260407_192052
2026-04-07 19:20:52,B,,033640,네패스,0,0,45,0.0,0.0,,실시간순위,20260407_192052
2026-04-07 19:20:52,B,,493330,지에프아이,0,0,70,0.0,0.0,,실시간순위,20260407_192052
2026-04-07 19:20:52,B,,077360,덕산하이메탈,0,0,84,0.0,0.0,,실시간순위,20260407_192052
2026-04-07 19:20:52,B,,393890,더블유씨피,0,0,63,0.0,0.0,,실시간순위,20260407_192052
2026-04-07 19:20:52,B,,394420,리센스메디컬,0,0,42,0.0,0.0,,실시간순위,20260407_192052
2026-04-07 19:20:52,B,,079000,와토스코리아,0,0,113,0.0,0.0,,실시간순위,20260407_192052
2026-04-07 19:20:52,B,,0007C0,아크릴,0,0,26,8658,0.89,,실시간순위,20260407_192052
2026-04-07 19:20:52,B,,046890,서울반도체,0,0,97,19885,2.0,,실시간순위,20260407_192052
2026-04-07 19:20:52,B,,004650,창해에탄올,0,0,82,19762,2.0,,실시간순위,20260407_192052
2026-04-07 19:20:52,B,,005810,풍산홀딩스,0,0,18,19656,2.0,,실시간순위,20260407_192052
2026-04-07 19:20:52,B,,033640,네패스,0,0,45,19710,2.0,,실시간순위,20260407_192052
2026-04-07 19:20:52,B,,493330,지에프아이,0,0,70,19670,2.0,,실시간순위,20260407_192052
2026-04-07 19:20:52,B,,077360,덕산하이메탈,0,0,84,19740,2.0,,실시간순위,20260407_192052
2026-04-07 19:20:52,B,,393890,더블유씨피,0,0,63,19719,2.0,,실시간순위,20260407_192052
2026-04-07 19:20:52,B,,394420,리센스메디컬,0,0,42,19572,2.0,,실시간순위,20260407_192052
2026-04-07 19:20:52,B,,079000,와토스코리아,0,0,113,19888,2.0,,실시간순위,20260407_192052
2026-04-07 19:20:52,C,,0007C0,아크릴,0,0,53,0.0,0.0,,실시간순위,20260407_192052
2026-04-07 19:20:52,C,,046890,서울반도체,0,0,194,0.0,0.0,,실시간순위,20260407_192052
2026-04-07 19:20:52,C,,004650,창해에탄올,0,0,165,0.0,0.0,,실시간순위,20260407_192052
2026-04-07 19:20:52,C,,005810,풍산홀딩스,0,0,36,0.0,0.0,,실시간순위,20260407_192052
2026-04-07 19:20:52,C,,033640,네패스,0,0,91,0.0,0.0,,실시간순위,20260407_192052
2026-04-07 19:20:52,C,,0007C0,아크릴,0,0,53,29680,1.5,,실시간순위,20260407_192052
2026-04-07 19:20:52,C,,046890,서울반도체,0,0,194,29876,1.5,,실시간순위,20260407_192052
2026-04-07 19:20:52,C,,004650,창해에탄올,0,0,165,238095,11.94,,실시간순위,20260407_192052
2026-04-07 19:20:52,C,,005810,풍산홀딩스,0,0,36,29448,1.5,,실시간순위,20260407_192052
2026-04-07 19:20:52,C,,033640,네패스,0,0,91,29848,1.5,,실시간순위,20260407_192052
2026-04-07 22:32:13,A,,,풍산홀딩스,0,0,34,0.0,0.0,,실시간순위,20260407_223213
2026-04-07 22:32:13,A,,,엘앤에프,0,0,10,0.0,0.0,,실시간순위,20260407_223213
2026-04-07 22:32:13,A,,,광전자,0,0,265,0.0,0.0,,실시간순위,20260407_223213
2026-04-07 22:32:13,A,,,에코프로머티,0,0,27,0.0,0.0,,실시간순위,20260407_223213
2026-04-07 22:32:13,A,,,흥구석유,0,0,87,0.0,0.0,,실시간순위,20260407_223213
2026-04-07 22:32:13,A,,,풍산홀딩스,0,0,34,-8534,-0.43,,실시간순위,20260407_223213
2026-04-07 22:32:13,A,,,엘앤에프,0,0,10,-8620,-0.47,,실시간순위,20260407_223213
2026-04-07 22:32:13,A,,,광전자,0,0,265,-7155,-0.36,,실시간순위,20260407_223213
2026-04-07 22:32:13,A,,,에코프로머티,0,0,27,-5616,-0.28,,실시간순위,20260407_223213
2026-04-07 22:32:13,A,,,흥구석유,0,0,87,-6525,-0.33,,실시간순위,20260407_223213
2026-04-07 22:32:13,B,,,풍산홀딩스,0,0,17,0.0,0.0,,실시간순위,20260407_223213
2026-04-07 22:32:13,B,,,엘앤에프,0,0,5,0.0,0.0,,실시간순위,20260407_223213
2026-04-07 22:32:13,B,,,삼성E&A,0,0,21,0.0,0.0,,실시간순위,20260407_223213
2026-04-07 22:32:13,B,,,광전자,0,0,132,0.0,0.0,,실시간순위,20260407_223213
2026-04-07 22:32:13,B,,,에코프로머티,0,0,13,0.0,0.0,,실시간순위,20260407_223213
2026-04-07 22:32:13,B,,,흥구석유,0,0,43,0.0,0.0,,실시간순위,20260407_223213
2026-04-07 22:32:13,B,,,LIG넥스원,0,0,1,0.0,0.0,,실시간순위,20260407_223213
2026-04-07 22:32:13,B,,,한화시스템,0,0,7,0.0,0.0,,실시간순위,20260407_223213
2026-04-07 22:32:13,B,,,창해에탄올,0,0,83,0.0,0.0,,실시간순위,20260407_223213
2026-04-07 22:32:13,B,,,풍산홀딩스,0,0,17,-4352,-0.44,,실시간순위,20260407_223213
2026-04-07 22:32:13,B,,,엘앤에프,0,0,5,-4070,-0.44,,실시간순위,20260407_223213
2026-04-07 22:32:13,B,,,삼성E&A,0,0,21,-5229,-0.53,,실시간순위,20260407_223213
2026-04-07 22:32:13,B,,,광전자,0,0,132,-7128,-0.72,,실시간순위,20260407_223213
2026-04-07 22:32:13,B,,,에코프로머티,0,0,13,-3770,-0.4,,실시간순위,20260407_223213
2026-04-07 22:32:13,B,,,흥구석유,0,0,43,-6364,-0.65,,실시간순위,20260407_223213
2026-04-07 22:32:13,B,,,LIG넥스원,0,0,1,-3585,-0.43,,실시간순위,20260407_223213
2026-04-07 22:32:13,B,,,한화시스템,0,0,7,-6370,-0.68,,실시간순위,20260407_223213
2026-04-07 22:32:13,B,,,창해에탄올,0,0,83,-6142,-0.62,,실시간순위,20260407_223213
2026-04-07 22:32:13,C,,,풍산홀딩스,0,0,34,0.0,0.0,,실시간순위,20260407_223213
2026-04-07 22:32:13,C,,,엘앤에프,0,0,10,0.0,0.0,,실시간순위,20260407_223213
2026-04-07 22:32:13,C,,,광전자,0,0,265,0.0,0.0,,실시간순위,20260407_223213
2026-04-07 22:32:13,C,,,에코프로머티,0,0,27,0.0,0.0,,실시간순위,20260407_223213
2026-04-07 22:32:13,C,,,흥구석유,0,0,87,0.0,0.0,,실시간순위,20260407_223213
2026-04-07 22:36:34,A,,,풍산홀딩스,0,0,34,0.0,0.0,,거래량,20260407_223634
2026-04-07 22:36:34,A,,,엘앤에프,0,0,10,0.0,0.0,,거래량,20260407_223634
2026-04-07 22:36:34,A,,,에코프로머티,0,0,27,0.0,0.0,,거래량,20260407_223634
2026-04-07 22:36:34,A,,,흥구석유,0,0,87,0.0,0.0,,거래량,20260407_223634
2026-04-07 22:36:34,A,,,LIG넥스원,0,0,2,0.0,0.0,,거래량,20260407_223634
2026-04-07 22:36:34,A,,,풍산홀딩스,0,0,34,-16456,-0.83,,거래량,20260407_223634
2026-04-07 22:36:34,A,,,엘앤에프,0,0,10,-9020,-0.49,,거래량,20260407_223634
2026-04-07 22:36:34,A,,,에코프로머티,0,0,27,-18036,-0.91,,거래량,20260407_223634
2026-04-07 22:36:34,A,,,흥구석유,0,0,87,-5307,-0.27,,거래량,20260407_223634
2026-04-07 22:36:34,A,,,LIG넥스원,0,0,2,-9514,-0.57,,거래량,20260407_223634
2026-04-07 22:36:34,B,,,풍산홀딩스,0,0,17,0.0,0.0,,거래량,20260407_223634
2026-04-07 22:36:34,B,,,엘앤에프,0,0,5,0.0,0.0,,거래량,20260407_223634
2026-04-07 22:36:34,B,,,삼성E&A,0,0,21,0.0,0.0,,거래량,20260407_223634
2026-04-07 22:36:34,B,,,에코프로머티,0,0,13,0.0,0.0,,거래량,20260407_223634
2026-04-07 22:36:34,B,,,흥구석유,0,0,43,0.0,0.0,,거래량,20260407_223634
2026-04-07 22:36:34,B,,,LIG넥스원,0,0,1,0.0,0.0,,거래량,20260407_223634
2026-04-07 22:36:34,B,,,한화시스템,0,0,7,0.0,0.0,,거래량,20260407_223634
2026-04-07 22:36:34,B,,,아크릴,0,0,26,0.0,0.0,,거래량,20260407_223634
2026-04-07 22:36:34,B,,,풍산홀딩스,0,0,17,-5763,-0.58,,거래량,20260407_223634
2026-04-07 22:36:34,B,,,엘앤에프,0,0,5,-6525,-0.71,,거래량,20260407_223634
2026-04-07 22:36:34,B,,,삼성E&A,0,0,21,-3024,-0.31,,거래량,20260407_223634
2026-04-07 22:36:34,B,,,에코프로머티,0,0,13,-7345,-0.77,,거래량,20260407_223634
2026-04-07 22:36:34,B,,,흥구석유,0,0,43,-4300,-0.44,,거래량,20260407_223634
2026-04-07 22:36:34,B,,,LIG넥스원,0,0,1,-5974,-0.72,,거래량,20260407_223634
2026-04-07 22:36:34,B,,,한화시스템,0,0,7,-7238,-0.78,,거래량,20260407_223634
2026-04-07 22:36:34,B,,,아크릴,0,0,26,-6032,-0.62,,거래량,20260407_223634
2026-04-07 22:36:34,C,,,풍산홀딩스,0,0,34,0.0,0.0,,거래량,20260407_223634
2026-04-07 22:36:34,C,,,엘앤에프,0,0,10,0.0,0.0,,거래량,20260407_223634
2026-04-07 22:36:34,C,,,에코프로머티,0,0,27,0.0,0.0,,거래량,20260407_223634
2026-04-07 22:36:34,C,,,흥구석유,0,0,87,0.0,0.0,,거래량,20260407_223634
2026-04-07 22:36:34,C,,,LIG넥스원,0,0,2,0.0,0.0,,거래량,20260407_223634
2026-04-08 09:16:17,A,,,삼성전자,0,0,9,0.0,0.0,,실시간순위,20260408_091617
2026-04-08 09:16:17,A,,,대우건설,0,0,98,0.0,0.0,,실시간순위,20260408_091617
2026-04-08 09:16:17,A,,,SK하이닉스,0,0,1,0.0,0.0,,실시간순위,20260408_091617
2026-04-08 09:16:17,A,,,DL이앤씨,0,0,23,0.0,0.0,,실시간순위,20260408_091617
2026-04-08 09:16:17,A,,,대한광통신,0,0,149,0.0,0.0,,실시간순위,20260408_091617
2026-04-08 09:16:17,A,,,삼성전자,0,0,9,18990,1.0,,실시간순위,20260408_091617
2026-04-08 09:16:17,A,,,대우건설,0,0,98,19894,1.0,,실시간순위,20260408_091617
2026-04-08 09:16:17,A,,,SK하이닉스,0,0,1,10030,1.0,,실시간순위,20260408_091617
2026-04-08 09:16:17,A,,,DL이앤씨,0,0,23,6877,0.36,,실시간순위,20260408_091617
2026-04-08 09:16:17,A,,,대한광통신,0,0,149,19817,1.0,,실시간순위,20260408_091617
2026-04-08 09:16:17,B,,,삼성전자,0,0,4,0.0,0.0,,실시간순위,20260408_091617
2026-04-08 09:16:17,B,,,대우건설,0,0,49,0.0,0.0,,실시간순위,20260408_091617
2026-04-08 09:16:17,B,,,DL이앤씨,0,0,11,0.0,0.0,,실시간순위,20260408_091617
2026-04-08 09:16:17,B,,,대한광통신,0,0,74,0.0,0.0,,실시간순위,20260408_091617
2026-04-08 09:16:17,B,,,한국첨단소재,0,0,198,0.0,0.0,,실시간순위,20260408_091617
2026-04-08 09:16:17,B,,,삼성E&A,0,0,19,0.0,0.0,,실시간순위,20260408_091617
2026-04-08 09:16:17,B,,,광전자,0,0,110,0.0,0.0,,실시간순위,20260408_091617
2026-04-08 09:16:17,B,,,삼성전기,0,0,1,0.0,0.0,,실시간순위,20260408_091617
2026-04-08 09:16:17,B,,,캡스톤파트너스,0,0,198,0.0,0.0,,실시간순위,20260408_091617
2026-04-08 09:16:17,B,,,삼성전자,0,0,4,10424,1.24,,실시간순위,20260408_091617
2026-04-08 09:16:17,B,,,대우건설,0,0,49,-4508,-0.45,,실시간순위,20260408_091617
2026-04-08 09:16:17,B,,,DL이앤씨,0,0,11,10802,1.17,,실시간순위,20260408_091617
2026-04-08 09:16:17,B,,,대한광통신,0,0,74,19758,2.0,,실시간순위,20260408_091617
2026-04-08 09:16:17,B,,,한국첨단소재,0,0,198,19998,2.0,,실시간순위,20260408_091617
2026-04-08 09:16:17,B,,,삼성E&A,0,0,19,19190,2.0,,실시간순위,20260408_091617
2026-04-08 09:16:17,B,,,광전자,0,0,110,19910,2.0,,실시간순위,20260408_091617
2026-04-08 09:16:17,B,,,삼성전기,0,0,1,10040,2.0,,실시간순위,20260408_091617
2026-04-08 09:16:17,B,,,캡스톤파트너스,0,0,198,19998,2.0,,실시간순위,20260408_091617
2026-04-08 09:16:17,C,,,삼성전자,0,0,9,0.0,0.0,,실시간순위,20260408_091617
2026-04-08 09:16:17,C,,,대우건설,0,0,98,0.0,0.0,,실시간순위,20260408_091617
2026-04-08 09:16:17,C,,,SK하이닉스,0,0,1,0.0,0.0,,실시간순위,20260408_091617
2026-04-08 09:16:17,C,,,DL이앤씨,0,0,23,0.0,0.0,,실시간순위,20260408_091617
2026-04-08 09:16:17,C,,,대한광통신,0,0,149,0.0,0.0,,실시간순위,20260408_091617
2026-04-08 09:16:17,C,,,삼성전자,0,0,9,28476,1.5,,실시간순위,20260408_091617
2026-04-08 09:16:17,C,,,대우건설,0,0,98,29890,1.5,,실시간순위,20260408_091617
2026-04-08 09:16:17,C,,,SK하이닉스,0,0,1,15044,1.5,,실시간순위,20260408_091617
2026-04-08 09:16:17,C,,,DL이앤씨,0,0,23,28865,1.5,,실시간순위,20260408_091617
2026-04-08 09:16:17,C,,,대한광통신,0,0,149,29800,1.5,,실시간순위,20260408_091617
2026-04-08 09:23:11,A,,,삼성전자,0,0,9,0.0,0.0,,실시간순위,20260408_092311
2026-04-08 09:23:11,A,,,대우건설,0,0,97,0.0,0.0,,실시간순위,20260408_092311
2026-04-08 09:23:11,A,,,SK하이닉스,0,0,1,0.0,0.0,,실시간순위,20260408_092311
2026-04-08 09:23:11,A,,,DL이앤씨,0,0,23,0.0,0.0,,실시간순위,20260408_092311
2026-04-08 09:23:11,A,,,다날,0,0,265,0.0,0.0,,실시간순위,20260408_092311
2026-04-08 09:23:11,A,,,삼성전자,0,0,9,18963,1.0,,실시간순위,20260408_092311
2026-04-08 09:23:11,A,,,대우건설,0,0,97,19788,1.0,,실시간순위,20260408_092311
2026-04-08 09:23:11,A,,,SK하이닉스,0,0,1,10040,1.0,,실시간순위,20260408_092311
2026-04-08 09:23:11,A,,,DL이앤씨,0,0,23,19895,1.0,,실시간순위,20260408_092311
2026-04-08 09:23:11,A,,,다날,0,0,265,19875,1.0,,실시간순위,20260408_092311
2026-04-08 09:23:11,B,,,삼성전자,0,0,4,0.0,0.0,,실시간순위,20260408_092311
2026-04-08 09:23:11,B,,,대우건설,0,0,48,0.0,0.0,,실시간순위,20260408_092311
2026-04-08 09:23:11,B,,,DL이앤씨,0,0,11,0.0,0.0,,실시간순위,20260408_092311
2026-04-08 09:23:11,B,,,다날,0,0,132,0.0,0.0,,실시간순위,20260408_092311
2026-04-08 09:23:11,B,,,GS건설,0,0,31,0.0,0.0,,실시간순위,20260408_092311
2026-04-08 09:23:11,B,,,우리기술,0,0,46,0.0,0.0,,실시간순위,20260408_092311
2026-04-08 09:23:11,B,,,대한광통신,0,0,74,0.0,0.0,,실시간순위,20260408_092311
2026-04-08 09:23:11,B,,,삼성E&A,0,0,19,0.0,0.0,,실시간순위,20260408_092311
2026-04-08 09:23:11,B,,,두산에너빌리티,0,0,9,0.0,0.0,,실시간순위,20260408_092311
2026-04-08 09:23:11,B,,,삼성전자,0,0,4,16860,2.0,,실시간순위,20260408_092311
2026-04-08 09:23:11,B,,,대우건설,0,0,48,19632,2.0,,실시간순위,20260408_092311
2026-04-08 09:23:11,B,,,DL이앤씨,0,0,11,19030,2.0,,실시간순위,20260408_092311
2026-04-08 09:23:11,B,,,다날,0,0,132,2772,0.28,,실시간순위,20260408_092311
2026-04-08 09:23:11,B,,,GS건설,0,0,31,19964,2.0,,실시간순위,20260408_092311
2026-04-08 09:23:11,B,,,우리기술,0,0,46,19826,2.0,,실시간순위,20260408_092311
2026-04-08 09:23:11,B,,,대한광통신,0,0,74,17538,1.77,,실시간순위,20260408_092311
2026-04-08 09:23:11,B,,,삼성E&A,0,0,19,13376,1.39,,실시간순위,20260408_092311
2026-04-08 09:23:11,B,,,두산에너빌리티,0,0,9,14904,1.65,,실시간순위,20260408_092311
2026-04-08 09:23:11,C,,,삼성전자,0,0,9,0.0,0.0,,실시간순위,20260408_092311
2026-04-08 09:23:11,C,,,대우건설,0,0,97,0.0,0.0,,실시간순위,20260408_092311
2026-04-08 09:23:11,C,,,SK하이닉스,0,0,1,0.0,0.0,,실시간순위,20260408_092311
2026-04-08 09:23:11,C,,,DL이앤씨,0,0,23,0.0,0.0,,실시간순위,20260408_092311
2026-04-08 09:23:11,C,,,다날,0,0,265,0.0,0.0,,실시간순위,20260408_092311
2026-04-08 09:23:11,C,,,삼성전자,0,0,9,28449,1.5,,실시간순위,20260408_092311
2026-04-08 09:23:11,C,,,대우건설,0,0,97,29682,1.5,,실시간순위,20260408_092311
2026-04-08 09:23:11,C,,,SK하이닉스,0,0,1,15059,1.5,,실시간순위,20260408_092311
2026-04-08 09:23:11,C,,,DL이앤씨,0,0,23,29831,1.5,,실시간순위,20260408_092311
2026-04-08 09:23:11,C,,,다날,0,0,265,29680,1.5,,실시간순위,20260408_092311
2026-04-08 15:08:59,A,,005930,삼성전자,0,0,9,0.0,0.0,,실시간순위,20260408_150859
2026-04-08 15:08:59,A,,000660,SK하이닉스,0,0,1,0.0,0.0,,실시간순위,20260408_150859
2026-04-08 15:08:59,A,,375500,DL이앤씨,0,0,20,0.0,0.0,,실시간순위,20260408_150859
2026-04-08 15:08:59,A,,010170,대한광통신,0,0,136,0.0,0.0,,실시간순위,20260408_150859
2026-04-08 15:08:59,A,,079900,전진건설로봇,0,0,27,0.0,0.0,,실시간순위,20260408_150859
2026-04-08 15:08:59,A,,005930,삼성전자,0,0,9,18945,1.0,,실시간순위,20260408_150859
2026-04-08 15:08:59,A,,000660,SK하이닉스,0,0,1,10395,1.0,,실시간순위,20260408_150859
2026-04-08 15:08:59,A,,375500,DL이앤씨,0,0,20,19380,1.0,,실시간순위,20260408_150859
2026-04-08 15:08:59,A,,010170,대한광통신,0,0,136,19856,1.0,,실시간순위,20260408_150859
2026-04-08 15:08:59,A,,079900,전진건설로봇,0,0,27,-5265,-0.27,,실시간순위,20260408_150859
2026-04-08 15:08:59,B,,005930,삼성전자,0,0,4,0.0,0.0,,실시간순위,20260408_150859
2026-04-08 15:08:59,B,,375500,DL이앤씨,0,0,10,0.0,0.0,,실시간순위,20260408_150859
2026-04-08 15:08:59,B,,010170,대한광통신,0,0,68,0.0,0.0,,실시간순위,20260408_150859
2026-04-08 15:08:59,B,,079900,전진건설로봇,0,0,13,0.0,0.0,,실시간순위,20260408_150859
2026-04-08 15:08:59,B,,000720,현대건설,0,0,5,0.0,0.0,,실시간순위,20260408_150859
2026-04-08 15:08:59,B,,047040,대우건설,0,0,44,0.0,0.0,,실시간순위,20260408_150859
2026-04-08 15:08:59,B,,006360,GS건설,0,0,26,0.0,0.0,,실시간순위,20260408_150859
2026-04-08 15:08:59,B,,032820,우리기술,0,0,42,0.0,0.0,,실시간순위,20260408_150859
2026-04-08 15:08:59,B,,005380,현대차,0,0,1,0.0,0.0,,실시간순위,20260408_150859
2026-04-08 15:08:59,B,,005930,삼성전자,0,0,4,13760,1.63,,실시간순위,20260408_150859
2026-04-08 15:08:59,B,,375500,DL이앤씨,0,0,10,19380,2.0,,실시간순위,20260408_150859
2026-04-08 15:08:59,B,,010170,대한광통신,0,0,68,-1972,-0.2,,실시간순위,20260408_150859
2026-04-08 15:08:59,B,,079900,전진건설로봇,0,0,13,6539,0.69,,실시간순위,20260408_150859
2026-04-08 15:08:59,B,,000720,현대건설,0,0,5,18920,2.0,,실시간순위,20260408_150859
2026-04-08 15:08:59,B,,047040,대우건설,0,0,44,19844,2.0,,실시간순위,20260408_150859
2026-04-08 15:08:59,B,,006360,GS건설,0,0,26,19448,2.0,,실시간순위,20260408_150859
2026-04-08 15:08:59,B,,032820,우리기술,0,0,42,19908,2.0,,실시간순위,20260408_150859
2026-04-08 15:08:59,B,,005380,현대차,0,0,1,-4000,-0.79,,실시간순위,20260408_150859
2026-04-08 15:08:59,C,,005930,삼성전자,0,0,9,0.0,0.0,,실시간순위,20260408_150859
2026-04-08 15:08:59,C,,000660,SK하이닉스,0,0,1,0.0,0.0,,실시간순위,20260408_150859
2026-04-08 15:08:59,C,,375500,DL이앤씨,0,0,20,0.0,0.0,,실시간순위,20260408_150859
2026-04-08 15:08:59,C,,010170,대한광통신,0,0,136,0.0,0.0,,실시간순위,20260408_150859
2026-04-08 15:08:59,C,,079900,전진건설로봇,0,0,27,0.0,0.0,,실시간순위,20260408_150859
2026-04-08 15:08:59,C,,005930,삼성전자,0,0,9,28413,1.5,,실시간순위,20260408_150859
2026-04-08 15:08:59,C,,000660,SK하이닉스,0,0,1,15592,1.5,,실시간순위,20260408_150859
2026-04-08 15:08:59,C,,375500,DL이앤씨,0,0,20,563140,29.06,,실시간순위,20260408_150859
2026-04-08 15:08:59,C,,010170,대한광통신,0,0,136,29784,1.5,,실시간순위,20260408_150859
2026-04-08 15:08:59,C,,079900,전진건설로봇,0,0,27,491211,24.82,,실시간순위,20260408_150859
2026-04-08 15:13:01,A,,005930,삼성전자,0,0,9,0.0,0.0,,실시간순위,20260408_151301
2026-04-08 15:13:01,A,,000660,SK하이닉스,0,0,1,0.0,0.0,,실시간순위,20260408_151301
2026-04-08 15:13:01,A,,010170,대한광통신,0,0,136,0.0,0.0,,실시간순위,20260408_151301
2026-04-08 15:13:01,A,,375500,DL이앤씨,0,0,20,0.0,0.0,,실시간순위,20260408_151301
2026-04-08 15:13:01,A,,000720,현대건설,0,0,10,0.0,0.0,,실시간순위,20260408_151301
2026-04-08 15:13:01,A,,005930,삼성전자,0,0,9,18990,1.0,,실시간순위,20260408_151301
2026-04-08 15:13:01,A,,000660,SK하이닉스,0,0,1,1544,0.15,,실시간순위,20260408_151301
2026-04-08 15:13:01,A,,010170,대한광통신,0,0,136,19856,1.0,,실시간순위,20260408_151301
2026-04-08 15:13:01,A,,375500,DL이앤씨,0,0,20,19220,1.0,,실시간순위,20260408_151301
2026-04-08 15:13:01,A,,000720,현대건설,0,0,10,18940,1.0,,실시간순위,20260408_151301
2026-04-08 15:13:01,B,,005930,삼성전자,0,0,4,0.0,0.0,,실시간순위,20260408_151301
2026-04-08 15:13:01,B,,010170,대한광통신,0,0,68,0.0,0.0,,실시간순위,20260408_151301
2026-04-08 15:13:01,B,,375500,DL이앤씨,0,0,10,0.0,0.0,,실시간순위,20260408_151301
2026-04-08 15:13:01,B,,000720,현대건설,0,0,5,0.0,0.0,,실시간순위,20260408_151301
2026-04-08 15:13:01,B,,079900,전진건설로봇,0,0,13,0.0,0.0,,실시간순위,20260408_151301
2026-04-08 15:13:01,B,,047040,대우건설,0,0,44,0.0,0.0,,실시간순위,20260408_151301
2026-04-08 15:13:01,B,,032820,우리기술,0,0,42,0.0,0.0,,실시간순위,20260408_151301
2026-04-08 15:13:01,B,,006360,GS건설,0,0,26,0.0,0.0,,실시간순위,20260408_151301
2026-04-08 15:13:01,B,,222800,심텍,0,0,14,0.0,0.0,,실시간순위,20260408_151301
2026-04-08 15:13:01,B,,005930,삼성전자,0,0,4,16880,2.0,,실시간순위,20260408_151301
2026-04-08 15:13:01,B,,010170,대한광통신,0,0,68,19924,2.0,,실시간순위,20260408_151301
2026-04-08 15:13:01,B,,375500,DL이앤씨,0,0,10,19220,2.0,,실시간순위,20260408_151301
2026-04-08 15:13:01,B,,000720,현대건설,0,0,5,18940,2.0,,실시간순위,20260408_151301
2026-04-08 15:13:01,B,,079900,전진건설로봇,0,0,13,19032,2.0,,실시간순위,20260408_151301
2026-04-08 15:13:01,B,,047040,대우건설,0,0,44,19844,2.0,,실시간순위,20260408_151301
2026-04-08 15:13:01,B,,032820,우리기술,0,0,42,19950,2.0,,실시간순위,20260408_151301
2026-04-08 15:13:01,B,,006360,GS건설,0,0,26,19448,2.0,,실시간순위,20260408_151301
2026-04-08 15:13:01,B,,222800,심텍,0,0,14,19012,2.0,,실시간순위,20260408_151301
2026-04-08 15:13:01,C,,005930,삼성전자,0,0,9,0.0,0.0,,실시간순위,20260408_151301
2026-04-08 15:13:01,C,,000660,SK하이닉스,0,0,1,0.0,0.0,,실시간순위,20260408_151301
2026-04-08 15:13:01,C,,010170,대한광통신,0,0,136,0.0,0.0,,실시간순위,20260408_151301
2026-04-08 15:13:01,C,,375500,DL이앤씨,0,0,20,0.0,0.0,,실시간순위,20260408_151301
2026-04-08 15:13:01,C,,000720,현대건설,0,0,10,0.0,0.0,,실시간순위,20260408_151301
2026-04-08 15:13:01,C,,005930,삼성전자,0,0,9,28476,1.5,,실시간순위,20260408_151301
2026-04-08 15:13:01,C,,000660,SK하이닉스,0,0,1,15585,1.5,,실시간순위,20260408_151301
2026-04-08 15:13:01,C,,010170,대한광통신,0,0,136,29920,1.5,,실시간순위,20260408_151301
2026-04-08 15:13:01,C,,375500,DL이앤씨,0,0,20,28820,1.5,,실시간순위,20260408_151301
2026-04-08 15:13:01,C,,000720,현대건설,0,0,10,28400,1.5,,실시간순위,20260408_151301
2026-04-08 15:15:50,A,,005930,삼성전자,0,0,9,0.0,0.0,,실시간순위,20260408_151550
2026-04-08 15:15:50,A,,000660,SK하이닉스,0,0,1,0.0,0.0,,실시간순위,20260408_151550
2026-04-08 15:15:50,A,,010170,대한광통신,0,0,136,0.0,0.0,,실시간순위,20260408_151550
2026-04-08 15:15:50,A,,375500,DL이앤씨,0,0,20,0.0,0.0,,실시간순위,20260408_151550
2026-04-08 15:15:50,A,,000720,현대건설,0,0,10,0.0,0.0,,실시간순위,20260408_151550
2026-04-08 15:15:50,A,,005930,삼성전자,0,0,9,19008,1.0,,실시간순위,20260408_151550
2026-04-08 15:15:50,A,,000660,SK하이닉스,0,0,1,10390,1.0,,실시간순위,20260408_151550
2026-04-08 15:15:50,A,,010170,대한광통신,0,0,136,19856,1.0,,실시간순위,20260408_151550
2026-04-08 15:15:50,A,,375500,DL이앤씨,0,0,20,19200,1.0,,실시간순위,20260408_151550
2026-04-08 15:15:50,A,,000720,현대건설,0,0,10,18880,1.0,,실시간순위,20260408_151550
2026-04-08 15:15:50,B,,005930,삼성전자,0,0,4,0.0,0.0,,실시간순위,20260408_151550
2026-04-08 15:15:50,B,,010170,대한광통신,0,0,68,0.0,0.0,,실시간순위,20260408_151550
2026-04-08 15:15:50,B,,375500,DL이앤씨,0,0,10,0.0,0.0,,실시간순위,20260408_151550
2026-04-08 15:15:50,B,,000720,현대건설,0,0,5,0.0,0.0,,실시간순위,20260408_151550
2026-04-08 15:15:50,B,,032820,우리기술,0,0,42,0.0,0.0,,실시간순위,20260408_151550
2026-04-08 15:15:50,B,,047040,대우건설,0,0,44,0.0,0.0,,실시간순위,20260408_151550
2026-04-08 15:15:50,B,,079900,전진건설로봇,0,0,13,0.0,0.0,,실시간순위,20260408_151550
2026-04-08 15:15:50,B,,005380,현대차,0,0,1,0.0,0.0,,실시간순위,20260408_151550
2026-04-08 15:15:50,B,,042700,한미반도체,0,0,3,0.0,0.0,,실시간순위,20260408_151550
2026-04-08 15:15:50,B,,005930,삼성전자,0,0,4,16900,2.0,,실시간순위,20260408_151550
2026-04-08 15:15:50,B,,010170,대한광통신,0,0,68,19856,2.0,,실시간순위,20260408_151550
2026-04-08 15:15:50,B,,375500,DL이앤씨,0,0,10,19200,2.0,,실시간순위,20260408_151550
2026-04-08 15:15:50,B,,000720,현대건설,0,0,5,18880,2.0,,실시간순위,20260408_151550
2026-04-08 15:15:50,B,,032820,우리기술,0,0,42,3780,0.38,,실시간순위,20260408_151550
2026-04-08 15:15:50,B,,047040,대우건설,0,0,44,19844,2.0,,실시간순위,20260408_151550
2026-04-08 15:15:50,B,,079900,전진건설로봇,0,0,13,19032,2.0,,실시간순위,20260408_151550
2026-04-08 15:15:50,B,,005380,현대차,0,0,1,10150,2.0,,실시간순위,20260408_151550
2026-04-08 15:15:50,B,,042700,한미반도체,0,0,3,12558,1.5,,실시간순위,20260408_151550
2026-04-08 15:15:50,C,,005930,삼성전자,0,0,9,0.0,0.0,,실시간순위,20260408_151550
2026-04-08 15:15:50,C,,000660,SK하이닉스,0,0,1,0.0,0.0,,실시간순위,20260408_151550
2026-04-08 15:15:50,C,,010170,대한광통신,0,0,136,0.0,0.0,,실시간순위,20260408_151550
2026-04-08 15:15:50,C,,375500,DL이앤씨,0,0,20,0.0,0.0,,실시간순위,20260408_151550
2026-04-08 15:15:50,C,,000720,현대건설,0,0,10,0.0,0.0,,실시간순위,20260408_151550
2026-04-08 15:15:50,C,,005930,삼성전자,0,0,9,28512,1.5,,실시간순위,20260408_151550
2026-04-08 15:15:50,C,,000660,SK하이닉스,0,0,1,15585,1.5,,실시간순위,20260408_151550
2026-04-08 15:15:50,C,,010170,대한광통신,0,0,136,29648,1.5,,실시간순위,20260408_151550
2026-04-08 15:15:50,C,,375500,DL이앤씨,0,0,20,28780,1.5,,실시간순위,20260408_151550
2026-04-08 15:15:50,C,,000720,현대건설,0,0,10,28310,1.5,,실시간순위,20260408_151550
2026-04-09 09:10:25,A,,380550,뉴로핏,0,0,80,0.0,0.0,,실시간순위,20260409_091025
2026-04-09 09:10:25,A,,278470,에이피알,0,0,5,0.0,0.0,,실시간순위,20260409_091025
2026-04-09 09:10:25,A,,017900,광전자,0,0,209,0.0,0.0,,실시간순위,20260409_091025
2026-04-09 09:10:25,A,,000250,삼천당제약,0,0,3,0.0,0.0,,실시간순위,20260409_091025
2026-04-09 09:10:25,A,,010820,퍼스텍,0,0,229,0.0,0.0,,실시간순위,20260409_091025
2026-04-09 09:10:25,A,,380550,뉴로핏,0,0,80,19920,1.0,,실시간순위,20260409_091025
2026-04-09 09:10:25,A,,278470,에이피알,0,0,5,19025,1.0,,실시간순위,20260409_091025
2026-04-09 09:10:25,A,,017900,광전자,0,0,209,19855,1.0,,실시간순위,20260409_091025
2026-04-09 09:10:25,A,,000250,삼천당제약,0,0,3,15750,1.0,,실시간순위,20260409_091025
2026-04-09 09:10:25,A,,010820,퍼스텍,0,0,229,19923,1.0,,실시간순위,20260409_091025
2026-04-09 09:10:25,B,,380550,뉴로핏,0,0,40,0.0,0.0,,실시간순위,20260409_091025
2026-04-09 09:10:25,B,,278470,에이피알,0,0,2,0.0,0.0,,실시간순위,20260409_091025
2026-04-09 09:10:25,B,,017900,광전자,0,0,104,0.0,0.0,,실시간순위,20260409_091025
2026-04-09 09:10:25,B,,000250,삼천당제약,0,0,1,0.0,0.0,,실시간순위,20260409_091025
2026-04-09 09:10:25,B,,010820,퍼스텍,0,0,114,0.0,0.0,,실시간순위,20260409_091025
2026-04-09 09:10:25,B,,100590,머큐리,0,0,119,0.0,0.0,,실시간순위,20260409_091025
2026-04-09 09:10:25,B,,475150,SK이터닉스,0,0,16,0.0,0.0,,실시간순위,20260409_091025
2026-04-09 09:10:25,B,,319400,현대무벡스,0,0,32,0.0,0.0,,실시간순위,20260409_091025
2026-04-09 09:10:25,B,,024060,흥구석유,0,0,50,0.0,0.0,,실시간순위,20260409_091025
2026-04-09 09:10:25,B,,037440,희림,0,0,166,0.0,0.0,,실시간순위,20260409_091025
2026-04-09 09:10:25,B,,380550,뉴로핏,0,0,40,19960,2.0,,실시간순위,20260409_091025
2026-04-09 09:10:25,B,,278470,에이피알,0,0,2,15220,2.0,,실시간순위,20260409_091025
2026-04-09 09:10:25,B,,017900,광전자,0,0,104,19864,2.0,,실시간순위,20260409_091025
2026-04-09 09:10:25,B,,000250,삼천당제약,0,0,1,3445,0.66,,실시간순위,20260409_091025
2026-04-09 09:10:25,B,,010820,퍼스텍,0,0,114,-2964,-0.3,,실시간순위,20260409_091025
2026-04-09 09:10:25,B,,100590,머큐리,0,0,119,19873,2.0,,실시간순위,20260409_091025
2026-04-09 09:10:25,B,,475150,SK이터닉스,0,0,16,19424,2.0,,실시간순위,20260409_091025
2026-04-09 09:10:25,B,,319400,현대무벡스,0,0,32,5408,0.55,,실시간순위,20260409_091025
2026-04-09 09:10:25,B,,024060,흥구석유,0,0,50,1100,0.11,,실시간순위,20260409_091025
2026-04-09 09:10:25,B,,037440,희림,0,0,166,19920,2.0,,실시간순위,20260409_091025
2026-04-09 09:10:25,C,,380550,뉴로핏,0,0,80,0.0,0.0,,실시간순위,20260409_091025
2026-04-09 09:10:25,C,,278470,에이피알,0,0,5,0.0,0.0,,실시간순위,20260409_091025
2026-04-09 09:10:25,C,,017900,광전자,0,0,209,0.0,0.0,,실시간순위,20260409_091025
2026-04-09 09:10:25,C,,000250,삼천당제약,0,0,3,0.0,0.0,,실시간순위,20260409_091025
2026-04-09 09:10:25,C,,010820,퍼스텍,0,0,229,0.0,0.0,,실시간순위,20260409_091025
2026-04-09 09:10:25,C,,380550,뉴로핏,0,0,80,29920,1.5,,실시간순위,20260409_091025
2026-04-09 09:10:25,C,,278470,에이피알,0,0,5,28535,1.5,,실시간순위,20260409_091025
2026-04-09 09:10:25,C,,017900,광전자,0,0,209,29887,1.5,,실시간순위,20260409_091025
2026-04-09 09:10:25,C,,000250,삼천당제약,0,0,3,23625,1.5,,실시간순위,20260409_091025
2026-04-09 09:10:25,C,,010820,퍼스텍,0,0,229,29770,1.5,,실시간순위,20260409_091025
2026-04-09 10:09:08,A,,047040,대우건설,0,0,84,0.0,0.0,,실시간순위,20260409_100908
2026-04-09 10:09:08,A,,004650,창해에탄올,0,0,168,0.0,0.0,,실시간순위,20260409_100908
2026-04-09 10:09:08,A,,028050,삼성E&A,0,0,37,0.0,0.0,,실시간순위,20260409_100908
2026-04-09 10:09:08,A,,006110,삼아알미늄,0,0,39,0.0,0.0,,실시간순위,20260409_100908
2026-04-09 10:09:08,A,,017670,SK텔레콤,0,0,20,0.0,0.0,,실시간순위,20260409_100908
2026-04-09 10:09:08,A,,047040,대우건설,0,0,84,19740,1.0,,실시간순위,20260409_100908
2026-04-09 10:09:08,A,,004650,창해에탄올,0,0,168,19824,1.0,,실시간순위,20260409_100908
2026-04-09 10:09:08,A,,028050,삼성E&A,0,0,37,19610,1.0,,실시간순위,20260409_100908
2026-04-09 10:09:08,A,,006110,삼아알미늄,0,0,39,19539,1.0,,실시간순위,20260409_100908
2026-04-09 10:09:08,A,,017670,SK텔레콤,0,0,20,19780,1.0,,실시간순위,20260409_100908
2026-04-09 10:09:08,B,,047040,대우건설,0,0,42,0.0,0.0,,실시간순위,20260409_100908
2026-04-09 10:09:08,B,,004650,창해에탄올,0,0,84,0.0,0.0,,실시간순위,20260409_100908
2026-04-09 10:09:08,B,,028050,삼성E&A,0,0,18,0.0,0.0,,실시간순위,20260409_100908
2026-04-09 10:09:08,B,,006110,삼아알미늄,0,0,19,0.0,0.0,,실시간순위,20260409_100908
2026-04-09 10:09:08,B,,017670,SK텔레콤,0,0,10,0.0,0.0,,실시간순위,20260409_100908
2026-04-09 10:09:08,B,,017900,광전자,0,0,105,0.0,0.0,,실시간순위,20260409_100908
2026-04-09 10:09:08,B,,0007J0,인벤테라,0,0,35,0.0,0.0,,실시간순위,20260409_100908
2026-04-09 10:09:08,B,,004380,삼익THK,0,0,71,0.0,0.0,,실시간순위,20260409_100908
2026-04-09 10:09:08,B,,006400,삼성SDI,0,0,2,0.0,0.0,,실시간순위,20260409_100908
2026-04-09 10:09:08,B,,000250,삼천당제약,0,0,1,0.0,0.0,,실시간순위,20260409_100908
2026-04-09 10:09:08,B,,047040,대우건설,0,0,42,19782,2.0,,실시간순위,20260409_100908
2026-04-09 10:09:08,B,,004650,창해에탄올,0,0,84,19908,2.0,,실시간순위,20260409_100908
2026-04-09 10:09:08,B,,028050,삼성E&A,0,0,18,19080,2.0,,실시간순위,20260409_100908
2026-04-09 10:09:08,B,,006110,삼아알미늄,0,0,19,19038,2.0,,실시간순위,20260409_100908
2026-04-09 10:09:08,B,,017670,SK텔레콤,0,0,10,19780,2.0,,실시간순위,20260409_100908
2026-04-09 10:09:08,B,,017900,광전자,0,0,105,19845,2.0,,실시간순위,20260409_100908
2026-04-09 10:09:08,B,,0007J0,인벤테라,0,0,35,-4060,-0.42,,실시간순위,20260409_100908
2026-04-09 10:09:08,B,,004380,삼익THK,0,0,71,-4402,-0.44,,실시간순위,20260409_100908
2026-04-09 10:09:08,B,,006400,삼성SDI,0,0,2,6088,0.63,,실시간순위,20260409_100908
2026-04-09 10:09:08,B,,000250,삼천당제약,0,0,1,10600,2.0,,실시간순위,20260409_100908
2026-04-09 10:09:08,C,,047040,대우건설,0,0,84,0.0,0.0,,실시간순위,20260409_100908
2026-04-09 10:09:08,C,,004650,창해에탄올,0,0,168,0.0,0.0,,실시간순위,20260409_100908
2026-04-09 10:09:08,C,,028050,삼성E&A,0,0,37,0.0,0.0,,실시간순위,20260409_100908
2026-04-09 10:09:08,C,,006110,삼아알미늄,0,0,39,0.0,0.0,,실시간순위,20260409_100908
2026-04-09 10:09:08,C,,017670,SK텔레콤,0,0,20,0.0,0.0,,실시간순위,20260409_100908
2026-04-09 10:09:08,C,,047040,대우건설,0,0,84,29652,1.5,,실시간순위,20260409_100908
2026-04-09 10:09:08,C,,004650,창해에탄올,0,0,168,29736,1.5,,실시간순위,20260409_100908
2026-04-09 10:09:08,C,,028050,삼성E&A,0,0,37,29378,1.5,,실시간순위,20260409_100908
2026-04-09 10:09:08,C,,006110,삼아알미늄,0,0,39,29289,1.5,,실시간순위,20260409_100908
2026-04-09 10:09:08,C,,017670,SK텔레콤,0,0,20,29660,1.5,,실시간순위,20260409_100908
2026-04-09 10:09:15,A,,047040,대우건설,0,0,84,0.0,0.0,,실시간순위,20260409_100915
2026-04-09 10:09:15,A,,004650,창해에탄올,0,0,168,0.0,0.0,,실시간순위,20260409_100915
2026-04-09 10:09:15,A,,028050,삼성E&A,0,0,37,0.0,0.0,,실시간순위,20260409_100915
2026-04-09 10:09:15,A,,006110,삼아알미늄,0,0,39,0.0,0.0,,실시간순위,20260409_100915
2026-04-09 10:09:15,A,,017670,SK텔레콤,0,0,20,0.0,0.0,,실시간순위,20260409_100915
2026-04-09 10:09:15,A,,047040,대우건설,0,0,84,12516,0.63,,실시간순위,20260409_100915
2026-04-09 10:09:15,A,,004650,창해에탄올,0,0,168,19824,1.0,,실시간순위,20260409_100915
2026-04-09 10:09:15,A,,028050,삼성E&A,0,0,37,19610,1.0,,실시간순위,20260409_100915
2026-04-09 10:09:15,A,,006110,삼아알미늄,0,0,39,19539,1.0,,실시간순위,20260409_100915
2026-04-09 10:09:15,A,,017670,SK텔레콤,0,0,20,19780,1.0,,실시간순위,20260409_100915
2026-04-09 10:09:15,B,,047040,대우건설,0,0,42,0.0,0.0,,실시간순위,20260409_100915
2026-04-09 10:09:15,B,,004650,창해에탄올,0,0,84,0.0,0.0,,실시간순위,20260409_100915
2026-04-09 10:09:15,B,,028050,삼성E&A,0,0,18,0.0,0.0,,실시간순위,20260409_100915
2026-04-09 10:09:15,B,,006110,삼아알미늄,0,0,19,0.0,0.0,,실시간순위,20260409_100915
2026-04-09 10:09:15,B,,017670,SK텔레콤,0,0,10,0.0,0.0,,실시간순위,20260409_100915
2026-04-09 10:09:15,B,,017900,광전자,0,0,105,0.0,0.0,,실시간순위,20260409_100915
2026-04-09 10:09:15,B,,0007J0,인벤테라,0,0,35,0.0,0.0,,실시간순위,20260409_100915
2026-04-09 10:09:15,B,,004380,삼익THK,0,0,71,0.0,0.0,,실시간순위,20260409_100915
2026-04-09 10:09:15,B,,006400,삼성SDI,0,0,2,0.0,0.0,,실시간순위,20260409_100915
2026-04-09 10:09:15,B,,000250,삼천당제약,0,0,1,0.0,0.0,,실시간순위,20260409_100915
2026-04-09 10:09:15,B,,047040,대우건설,0,0,42,9366,0.95,,실시간순위,20260409_100915
2026-04-09 10:09:15,B,,004650,창해에탄올,0,0,84,19908,2.0,,실시간순위,20260409_100915
2026-04-09 10:09:15,B,,028050,삼성E&A,0,0,18,11502,1.21,,실시간순위,20260409_100915
2026-04-09 10:09:15,B,,006110,삼아알미늄,0,0,19,19038,2.0,,실시간순위,20260409_100915
2026-04-09 10:09:15,B,,017670,SK텔레콤,0,0,10,19780,2.0,,실시간순위,20260409_100915
2026-04-09 10:09:15,B,,017900,광전자,0,0,105,19845,2.0,,실시간순위,20260409_100915
2026-04-09 10:09:15,B,,0007J0,인벤테라,0,0,35,19565,2.0,,실시간순위,20260409_100915
2026-04-09 10:09:15,B,,004380,삼익THK,0,0,71,19880,2.0,,실시간순위,20260409_100915
2026-04-09 10:09:15,B,,006400,삼성SDI,0,0,2,-4300,-0.44,,실시간순위,20260409_100915
2026-04-09 10:09:15,B,,000250,삼천당제약,0,0,1,10600,2.0,,실시간순위,20260409_100915
2026-04-09 10:09:15,C,,047040,대우건설,0,0,84,0.0,0.0,,실시간순위,20260409_100915
2026-04-09 10:09:15,C,,004650,창해에탄올,0,0,168,0.0,0.0,,실시간순위,20260409_100915
2026-04-09 10:09:15,C,,028050,삼성E&A,0,0,37,0.0,0.0,,실시간순위,20260409_100915
2026-04-09 10:09:15,C,,006110,삼아알미늄,0,0,39,0.0,0.0,,실시간순위,20260409_100915
2026-04-09 10:09:15,C,,017670,SK텔레콤,0,0,20,0.0,0.0,,실시간순위,20260409_100915
2026-04-09 10:09:15,C,,047040,대우건설,0,0,84,29652,1.5,,실시간순위,20260409_100915
2026-04-09 10:09:15,C,,004650,창해에탄올,0,0,168,29736,1.5,,실시간순위,20260409_100915
2026-04-09 10:09:15,C,,028050,삼성E&A,0,0,37,29378,1.5,,실시간순위,20260409_100915
2026-04-09 10:09:15,C,,006110,삼아알미늄,0,0,39,29289,1.5,,실시간순위,20260409_100915
2026-04-09 10:09:15,C,,017670,SK텔레콤,0,0,20,29660,1.5,,실시간순위,20260409_100915
2026-04-09 14:47:14,A,,047040,대우건설,0,0,84,0.0,0.0,,실시간순위,20260409_144714
2026-04-09 14:47:14,A,,100590,머큐리,0,0,215,0.0,0.0,,실시간순위,20260409_144714
2026-04-09 14:47:14,A,,006920,모헨즈,0,0,356,0.0,0.0,,실시간순위,20260409_144714
2026-04-09 14:47:14,A,,093370,후성,0,0,179,0.0,0.0,,실시간순위,20260409_144714
2026-04-09 14:47:14,A,,017900,광전자,0,0,189,0.0,0.0,,실시간순위,20260409_144714
2026-04-09 14:47:14,A,,047040,대우건설,0,0,84,19824,1.0,,실시간순위,20260409_144714
2026-04-09 14:47:14,A,,100590,머큐리,0,0,215,19780,1.0,,실시간순위,20260409_144714
2026-04-09 14:47:14,A,,006920,모헨즈,0,0,356,19936,1.0,,실시간순위,20260409_144714
2026-04-09 14:47:14,A,,093370,후성,0,0,179,19869,1.0,,실시간순위,20260409_144714
2026-04-09 14:47:14,A,,017900,광전자,0,0,189,19845,1.0,,실시간순위,20260409_144714
2026-04-09 14:47:14,B,,047040,대우건설,0,0,42,0.0,0.0,,실시간순위,20260409_144714
2026-04-09 14:47:14,B,,100590,머큐리,0,0,107,0.0,0.0,,실시간순위,20260409_144714
2026-04-09 14:47:14,B,,000250,삼천당제약,0,0,2,0.0,0.0,,실시간순위,20260409_144714
2026-04-09 14:47:14,B,,006920,모헨즈,0,0,178,0.0,0.0,,실시간순위,20260409_144714
2026-04-09 14:47:14,B,,093370,후성,0,0,89,0.0,0.0,,실시간순위,20260409_144714
2026-04-09 14:47:14,B,,017900,광전자,0,0,94,0.0,0.0,,실시간순위,20260409_144714
2026-04-09 14:47:14,B,,047810,한국항공우주,0,0,5,0.0,0.0,,실시간순위,20260409_144714
2026-04-09 14:47:14,B,,079550,LIG넥스원,0,0,1,0.0,0.0,,실시간순위,20260409_144714
2026-04-09 14:47:14,B,,092790,넥스틸,0,0,61,0.0,0.0,,실시간순위,20260409_144714
2026-04-09 14:47:14,B,,006400,삼성SDI,0,0,2,0.0,0.0,,실시간순위,20260409_144714
2026-04-09 14:47:14,B,,047040,대우건설,0,0,42,19824,2.0,,실시간순위,20260409_144714
2026-04-09 14:47:14,B,,100590,머큐리,0,0,107,7811,0.79,,실시간순위,20260409_144714
2026-04-09 14:47:14,B,,000250,삼천당제약,0,0,2,11814,1.19,,실시간순위,20260409_144714
2026-04-09 14:47:14,B,,006920,모헨즈,0,0,178,19936,2.0,,실시간순위,20260409_144714
2026-04-09 14:47:14,B,,093370,후성,0,0,89,19758,2.0,,실시간순위,20260409_144714
2026-04-09 14:47:14,B,,017900,광전자,0,0,94,19740,2.0,,실시간순위,20260409_144714
2026-04-09 14:47:14,B,,047810,한국항공우주,0,0,5,19980,2.0,,실시간순위,20260409_144714
2026-04-09 14:47:14,B,,079550,LIG넥스원,0,0,1,17800,2.0,,실시간순위,20260409_144714
2026-04-09 14:47:14,B,,092790,넥스틸,0,0,61,6405,0.65,,실시간순위,20260409_144714
2026-04-09 14:47:14,B,,006400,삼성SDI,0,0,2,1502,0.16,,실시간순위,20260409_144714
2026-04-09 14:47:14,C,,047040,대우건설,0,0,84,0.0,0.0,,실시간순위,20260409_144714
2026-04-09 14:47:14,C,,100590,머큐리,0,0,215,0.0,0.0,,실시간순위,20260409_144714
2026-04-09 14:47:14,C,,006920,모헨즈,0,0,356,0.0,0.0,,실시간순위,20260409_144714
2026-04-09 14:47:14,C,,093370,후성,0,0,179,0.0,0.0,,실시간순위,20260409_144714
2026-04-09 14:47:14,C,,017900,광전자,0,0,189,0.0,0.0,,실시간순위,20260409_144714
2026-04-09 14:47:14,C,,047040,대우건설,0,0,84,29652,1.5,,실시간순위,20260409_144714
2026-04-09 14:47:14,C,,100590,머큐리,0,0,215,29885,1.5,,실시간순위,20260409_144714
2026-04-09 14:47:14,C,,006920,모헨즈,0,0,356,29904,1.5,,실시간순위,20260409_144714
2026-04-09 14:47:14,C,,093370,후성,0,0,179,29893,1.5,,실시간순위,20260409_144714
2026-04-09 14:47:14,C,,017900,광전자,0,0,189,481761,24.21,,실시간순위,20260409_144714
2026-04-10 10:21:07,A,,010170,대한광통신,0,0,113,0,0,,실시간순위,20260410_102107
2026-04-10 10:21:07,A,,047040,대우건설,0,0,81,0,0,,실시간순위,20260410_102107
2026-04-10 10:21:07,A,,010820,퍼스텍,0,0,173,0,0,,실시간순위,20260410_102107
2026-04-10 10:21:07,A,,050890,쏠리드,0,0,120,0,0,,실시간순위,20260410_102107
2026-04-10 10:21:07,A,,006360,GS건설,0,0,53,0,0,,실시간순위,20260410_102107
2026-04-10 10:21:07,A,,050890,쏠리드,16570,0,120,20400,1.03,,실시간순위,20260410_102107
2026-04-10 10:21:07,A,,010820,퍼스텍,11550,0,173,-10380,-0.52,,실시간순위,20260410_102107
2026-04-10 10:21:07,A,,047040,대우건설,24600,0,81,-12150,-0.61,,실시간순위,20260410_102107
2026-04-10 10:21:07,A,,006360,GS건설,37200,0,53,-10600,-0.54,,실시간순위,20260410_102107
2026-04-10 10:21:07,A,,010170,대한광통신,17640,0,113,20340,1.02,,실시간순위,20260410_102107
2026-04-10 10:21:07,B,,010170,대한광통신,0,0,56,0,0,,실시간순위,20260410_102107
2026-04-10 10:21:07,B,,005930,삼성전자,0,0,4,0,0,,실시간순위,20260410_102107
2026-04-10 10:21:07,B,,047040,대우건설,0,0,40,0,0,,실시간순위,20260410_102107
2026-04-10 10:21:07,B,,010820,퍼스텍,0,0,86,0,0,,실시간순위,20260410_102107
2026-04-10 10:21:07,B,,050890,쏠리드,0,0,60,0,0,,실시간순위,20260410_102107
2026-04-10 10:21:07,B,,006360,GS건설,0,0,26,0,0,,실시간순위,20260410_102107
2026-04-10 10:21:07,B,,069540,빛과전자,0,0,198,0,0,,실시간순위,20260410_102107
2026-04-10 10:21:07,B,,009150,삼성전기,0,0,1,0,0,,실시간순위,20260410_102107
2026-04-10 10:21:07,B,,490470,세미파이브,0,0,32,0,0,,실시간순위,20260410_102107
2026-04-10 10:21:07,B,,490470,세미파이브,30400,0,32,-11200,-1.15,,실시간순위,20260410_102107
2026-04-10 10:21:07,B,,010820,퍼스텍,11550,0,86,-10320,-1.04,,실시간순위,20260410_102107
2026-04-10 10:21:07,B,,047040,대우건설,24600,0,40,-10000,-1.02,,실시간순위,20260410_102107
2026-04-10 10:21:07,B,,069540,빛과전자,5030,0,198,19800,1.99,,실시간순위,20260410_102107
2026-04-10 10:21:07,B,,006360,GS건설,37200,0,26,-10400,-1.08,,실시간순위,20260410_102107
2026-04-10 10:21:07,B,,050890,쏠리드,16570,0,60,20400,2.05,,실시간순위,20260410_102107
2026-04-10 10:21:07,B,,010170,대한광통신,17640,0,56,8960,0.91,,실시간순위,20260410_102107
2026-04-10 10:21:07,B,,005930,삼성전자,209000,0,4,2000,0.24,,실시간순위,20260410_102107
2026-04-10 10:21:07,B,,009150,삼성전기,580000,0,1,-2000,-0.34,,실시간순위,20260410_102107
2026-04-10 10:21:07,C,,010170,대한광통신,0,0,113,0,0,,실시간순위,20260410_102107
2026-04-10 10:21:07,C,,047040,대우건설,0,0,81,0,0,,실시간순위,20260410_102107
2026-04-10 10:21:07,C,,010820,퍼스텍,0,0,173,0,0,,실시간순위,20260410_102107
2026-04-10 10:21:07,C,,050890,쏠리드,0,0,120,0,0,,실시간순위,20260410_102107
2026-04-10 10:21:07,C,,006360,GS건설,0,0,53,0,0,,실시간순위,20260410_102107
2026-04-10 10:21:07,C,,010820,퍼스텍,11550,0,173,-29410,-1.47,,실시간순위,20260410_102107
2026-04-10 10:21:07,C,,047040,대우건설,24600,0,81,-32400,-1.63,,실시간순위,20260410_102107
2026-04-10 10:21:07,C,,050890,쏠리드,16570,0,120,30000,1.51,,실시간순위,20260410_102107
2026-04-10 10:21:07,C,,010170,대한광통신,17640,0,113,18080,0.91,,실시간순위,20260410_102107
2026-04-10 10:21:07,C,,006360,GS건설,37200,0,53,-15900,-0.81,,실시간순위,20260410_102107
2026-04-10 10:21:29,A,,010170,대한광통신,0,0,112,0,0,,실시간순위,20260410_102129
2026-04-10 10:21:29,A,,050890,쏠리드,0,0,118,0,0,,실시간순위,20260410_102129
2026-04-10 10:21:29,A,,047040,대우건설,0,0,82,0,0,,실시간순위,20260410_102129
2026-04-10 10:21:29,A,,000660,SK하이닉스,0,0,1,0,0,,실시간순위,20260410_102129
2026-04-10 10:21:29,A,,322000,HD현대에너지솔루션,0,0,11,0,0,,실시간순위,20260410_102129
2026-04-10 10:21:29,A,,050890,쏠리드,16810,0,118,44840,2.26,,실시간순위,20260410_102129
2026-04-10 10:21:29,A,,322000,HD현대에너지솔루션,172700,0,11,-9900,-0.52,,실시간순위,20260410_102129
2026-04-10 10:21:29,A,,010170,대한광통신,17800,0,112,-1120,-0.06,,실시간순위,20260410_102129
2026-04-10 10:21:29,A,,047040,대우건설,24350,0,82,-4100,-0.21,,실시간순위,20260410_102129
2026-04-10 10:21:29,A,,000660,SK하이닉스,1035000,0,1,0,0.0,,실시간순위,20260410_102129
2026-04-10 10:21:29,B,,005930,삼성전자,0,0,4,0,0,,실시간순위,20260410_102129
2026-04-10 10:21:29,B,,010170,대한광통신,0,0,56,0,0,,실시간순위,20260410_102129
2026-04-10 10:21:29,B,,050890,쏠리드,0,0,59,0,0,,실시간순위,20260410_102129
2026-04-10 10:21:29,B,,047040,대우건설,0,0,41,0,0,,실시간순위,20260410_102129
2026-04-10 10:21:29,B,,322000,HD현대에너지솔루션,0,0,5,0,0,,실시간순위,20260410_102129
2026-04-10 10:21:29,B,,009150,삼성전기,0,0,1,0,0,,실시간순위,20260410_102129
2026-04-10 10:21:29,B,,010820,퍼스텍,0,0,88,0,0,,실시간순위,20260410_102129
2026-04-10 10:21:29,B,,046970,우리로,0,0,119,0,0,,실시간순위,20260410_102129
2026-04-10 10:21:29,B,,006360,GS건설,0,0,27,0,0,,실시간순위,20260410_102129
2026-04-10 10:21:29,B,,050890,쏠리드,16810,0,59,22420,2.26,,실시간순위,20260410_102129
2026-04-10 10:21:29,B,,005930,삼성전자,209000,0,4,3000,0.36,,실시간순위,20260410_102129
2026-04-10 10:21:29,B,,010170,대한광통신,17800,0,56,-560,-0.06,,실시간순위,20260410_102129
2026-04-10 10:21:29,B,,047040,대우건설,24350,0,41,-2050,-0.21,,실시간순위,20260410_102129
2026-04-10 10:21:29,B,,322000,HD현대에너지솔루션,172700,0,5,-4000,-0.46,,실시간순위,20260410_102129
2026-04-10 10:21:29,B,,009150,삼성전기,578000,0,1,-1000,-0.17,,실시간순위,20260410_102129
2026-04-10 10:21:29,B,,010820,퍼스텍,11240,0,88,-1760,-0.18,,실시간순위,20260410_102129
2026-04-10 10:21:29,B,,046970,우리로,8390,0,119,11900,1.19,,실시간순위,20260410_102129
2026-04-10 10:21:29,B,,006360,GS건설,36900,0,27,1350,0.14,,실시간순위,20260410_102129
2026-04-10 10:21:29,C,,010170,대한광통신,0,0,112,0,0,,실시간순위,20260410_102129
2026-04-10 10:21:29,C,,050890,쏠리드,0,0,118,0,0,,실시간순위,20260410_102129
2026-04-10 10:21:29,C,,047040,대우건설,0,0,82,0,0,,실시간순위,20260410_102129
2026-04-10 10:21:29,C,,000660,SK하이닉스,0,0,1,0,0,,실시간순위,20260410_102129
2026-04-10 10:21:29,C,,322000,HD현대에너지솔루션,0,0,11,0,0,,실시간순위,20260410_102129
2026-04-10 10:21:29,C,,050890,쏠리드,16810,0,118,44840,2.26,,실시간순위,20260410_102129
2026-04-10 10:21:29,C,,010170,대한광통신,17800,0,112,-1120,-0.06,,실시간순위,20260410_102129
2026-04-10 10:21:29,C,,047040,대우건설,24350,0,82,-4100,-0.21,,실시간순위,20260410_102129
2026-04-10 10:21:29,C,,000660,SK하이닉스,1035000,0,1,0,0.0,,실시간순위,20260410_102129
2026-04-10 10:21:29,C,,322000,HD현대에너지솔루션,172700,0,11,-8800,-0.46,,실시간순위,20260410_102129
2026-04-10 15:30:02,A,,050890,쏠리드,0,0,116,0,0,,실시간순위,20260410_153002
2026-04-10 15:30:02,A,,010170,대한광통신,0,0,113,0,0,,실시간순위,20260410_153002
2026-04-10 15:30:02,A,,047040,대우건설,0,0,82,0,0,,실시간순위,20260410_153002
2026-04-10 15:30:02,A,,000660,SK하이닉스,0,0,1,0,0,,실시간순위,20260410_153002
2026-04-10 15:30:02,A,,009150,삼성전기,0,0,3,0,0,,실시간순위,20260410_153002
2026-04-10 15:30:02,A,,050890,쏠리드,17150,0,116,-10440,-0.52,,실시간순위,20260410_153002
2026-04-10 15:30:02,A,,010170,대한광통신,17690,0,113,-10170,-0.51,,실시간순위,20260410_153002
2026-04-10 15:30:02,A,,009150,삼성전기,575000,0,3,-9000,-0.52,,실시간순위,20260410_153002
2026-04-10 15:30:02,A,,047040,대우건설,24250,0,82,20500,1.03,,실시간순위,20260410_153002
2026-04-10 15:30:02,A,,000660,SK하이닉스,1035000,0,1,-6000,-0.58,,실시간순위,20260410_153002
2026-04-10 15:30:02,B,,005930,삼성전자,0,0,4,0,0,,실시간순위,20260410_153002
2026-04-10 15:30:02,B,,050890,쏠리드,0,0,58,0,0,,실시간순위,20260410_153002
2026-04-10 15:30:02,B,,010170,대한광통신,0,0,56,0,0,,실시간순위,20260410_153002
2026-04-10 15:30:02,B,,047040,대우건설,0,0,41,0,0,,실시간순위,20260410_153002
2026-04-10 15:30:02,B,,009150,삼성전기,0,0,1,0,0,,실시간순위,20260410_153002
2026-04-10 15:30:02,B,,046970,우리로,0,0,118,0,0,,실시간순위,20260410_153002
2026-04-10 15:30:02,B,,322000,HD현대에너지솔루션,0,0,5,0,0,,실시간순위,20260410_153002
2026-04-10 15:30:02,B,,006360,GS건설,0,0,26,0,0,,실시간순위,20260410_153002
2026-04-10 15:30:02,B,,010820,퍼스텍,0,0,88,0,0,,실시간순위,20260410_153002
2026-04-10 15:30:02,B,,046970,우리로,8410,0,118,-10620,-1.07,,실시간순위,20260410_153002
2026-04-10 15:30:02,B,,010820,퍼스텍,11270,0,88,20240,2.04,,실시간순위,20260410_153002
2026-04-10 15:30:02,B,,322000,HD현대에너지솔루션,172300,0,5,-9000,-1.04,,실시간순위,20260410_153002
2026-04-10 15:30:02,B,,006360,GS건설,37050,0,26,19500,2.02,,실시간순위,20260410_153002
2026-04-10 15:30:02,B,,009150,삼성전기,575000,0,1,-6000,-1.04,,실시간순위,20260410_153002
2026-04-10 15:30:02,B,,047040,대우건설,24250,0,41,20500,2.06,,실시간순위,20260410_153002
2026-04-10 15:30:02,B,,050890,쏠리드,17150,0,58,20300,2.04,,실시간순위,20260410_153002
2026-04-10 15:30:02,B,,010170,대한광통신,17690,0,56,20160,2.04,,실시간순위,20260410_153002
2026-04-10 15:30:02,B,,005930,삼성전자,209500,0,4,-9000,-1.07,,실시간순위,20260410_153002
2026-04-10 15:30:02,C,,050890,쏠리드,0,0,116,0,0,,실시간순위,20260410_153002
2026-04-10 15:30:02,C,,010170,대한광통신,0,0,113,0,0,,실시간순위,20260410_153002
2026-04-10 15:30:02,C,,047040,대우건설,0,0,82,0,0,,실시간순위,20260410_153002
2026-04-10 15:30:02,C,,000660,SK하이닉스,0,0,1,0,0,,실시간순위,20260410_153002
2026-04-10 15:30:02,C,,009150,삼성전기,0,0,3,0,0,,실시간순위,20260410_153002
2026-04-10 15:30:02,C,,050890,쏠리드,17150,0,116,30160,1.52,,실시간순위,20260410_153002
2026-04-10 15:30:02,C,,047040,대우건설,24250,0,82,32800,1.65,,실시간순위,20260410_153002
2026-04-10 15:30:02,C,,009150,삼성전기,575000,0,3,-27000,-1.57,,실시간순위,20260410_153002
2026-04-10 15:30:02,C,,010170,대한광통신,17690,0,113,30510,1.53,,실시간순위,20260410_153002
2026-04-10 15:30:02,C,,000660,SK하이닉스,1035000,0,1,-8000,-0.77,,실시간순위,20260410_153002
2026-04-10 22:37:02,A,,010170,대한광통신,0,0,112,0.0,0.0,,실시간순위,20260410_223702
2026-04-10 22:37:02,A,,047040,대우건설,0,0,82,0.0,0.0,,실시간순위,20260410_223702
2026-04-10 22:37:02,A,,050890,쏠리드,0,0,117,0.0,0.0,,실시간순위,20260410_223702
2026-04-10 22:37:02,A,,006360,GS건설,0,0,52,0.0,0.0,,실시간순위,20260410_223702
2026-04-10 22:37:02,A,,009150,삼성전기,0,0,3,0.0,0.0,,실시간순위,20260410_223702
2026-04-10 22:37:02,A,,010170,대한광통신,0,0,112,11984,0.6,,실시간순위,20260410_223702
2026-04-10 22:37:02,A,,047040,대우건설,0,0,82,8036,0.4,,실시간순위,20260410_223702
2026-04-10 22:37:02,A,,050890,쏠리드,0,0,117,19890,1.0,,실시간순위,20260410_223702
2026-04-10 22:37:02,A,,006360,GS건설,0,0,52,19760,1.0,,실시간순위,20260410_223702
2026-04-10 22:37:02,A,,009150,삼성전기,0,0,3,16830,1.0,,실시간순위,20260410_223702
2026-04-10 22:37:02,B,,010170,대한광통신,0,0,56,0.0,0.0,,실시간순위,20260410_223702
2026-04-10 22:37:02,B,,047040,대우건설,0,0,41,0.0,0.0,,실시간순위,20260410_223702
2026-04-10 22:37:02,B,,050890,쏠리드,0,0,58,0.0,0.0,,실시간순위,20260410_223702
2026-04-10 22:37:02,B,,006360,GS건설,0,0,26,0.0,0.0,,실시간순위,20260410_223702
2026-04-10 22:37:02,B,,009150,삼성전기,0,0,1,0.0,0.0,,실시간순위,20260410_223702
2026-04-10 22:37:02,B,,217590,티엠씨,0,0,38,0.0,0.0,,실시간순위,20260410_223702
2026-04-10 22:37:02,B,,010820,퍼스텍,0,0,87,0.0,0.0,,실시간순위,20260410_223702
2026-04-10 22:37:02,B,,005290,동진쎄미켐,0,0,19,0.0,0.0,,실시간순위,20260410_223702
2026-04-10 22:37:02,B,,079550,LIG넥스원,0,0,1,0.0,0.0,,실시간순위,20260410_223702
2026-04-10 22:37:02,B,,010170,대한광통신,0,0,56,19880,2.0,,실시간순위,20260410_223702
2026-04-10 22:37:02,B,,047040,대우건설,0,0,41,19926,2.0,,실시간순위,20260410_223702
2026-04-10 22:37:02,B,,050890,쏠리드,0,0,58,19778,2.0,,실시간순위,20260410_223702
2026-04-10 22:37:02,B,,006360,GS건설,0,0,26,19760,2.0,,실시간순위,20260410_223702
2026-04-10 22:37:02,B,,009150,삼성전기,0,0,1,11220,2.0,,실시간순위,20260410_223702
2026-04-10 22:37:02,B,,217590,티엠씨,0,0,38,19646,2.0,,실시간순위,20260410_223702
2026-04-10 22:37:02,B,,010820,퍼스텍,0,0,87,19749,2.0,,실시간순위,20260410_223702
2026-04-10 22:37:02,B,,005290,동진쎄미켐,0,0,19,19190,2.0,,실시간순위,20260410_223702
2026-04-10 22:37:02,B,,079550,LIG넥스원,0,0,1,18420,2.0,,실시간순위,20260410_223702
2026-04-10 22:37:02,C,,010170,대한광통신,0,0,112,0.0,0.0,,실시간순위,20260410_223702
2026-04-10 22:37:02,C,,047040,대우건설,0,0,82,0.0,0.0,,실시간순위,20260410_223702
2026-04-10 22:37:02,C,,050890,쏠리드,0,0,117,0.0,0.0,,실시간순위,20260410_223702
2026-04-10 22:37:02,C,,006360,GS건설,0,0,52,0.0,0.0,,실시간순위,20260410_223702
2026-04-10 22:37:02,C,,009150,삼성전기,0,0,3,0.0,0.0,,실시간순위,20260410_223702
2026-04-10 22:37:02,C,,010170,대한광통신,0,0,112,535248,26.89,,실시간순위,20260410_223702
2026-04-10 22:37:02,C,,047040,대우건설,0,0,82,29848,1.5,,실시간순위,20260410_223702
2026-04-10 22:37:02,C,,050890,쏠리드,0,0,117,29952,1.5,,실시간순위,20260410_223702
2026-04-10 22:37:02,C,,006360,GS건설,0,0,52,29588,1.5,,실시간순위,20260410_223702
2026-04-10 22:37:02,C,,009150,삼성전기,0,0,3,25245,1.5,,실시간순위,20260410_223702
2026-04-10 23:15:07,A,,010170,대한광통신,0,0,112,0,0,,실시간순위,20260410_231507
2026-04-10 23:15:07,A,,047040,대우건설,0,0,82,0,0,,실시간순위,20260410_231507
2026-04-10 23:15:07,A,,050890,쏠리드,0,0,117,0,0,,실시간순위,20260410_231507
2026-04-10 23:15:07,A,,006360,GS건설,0,0,52,0,0,,실시간순위,20260410_231507
2026-04-10 23:15:07,A,,009150,삼성전기,0,0,3,0,0,,실시간순위,20260410_231507
2026-04-10 23:15:07,A,,010170,대한광통신,17770,0,112,0,0.0,,실시간순위,20260410_231507
2026-04-10 23:15:07,A,,047040,대우건설,24300,0,82,0,0.0,,실시간순위,20260410_231507
2026-04-10 23:15:07,A,,050890,쏠리드,17080,0,117,0,0.0,,실시간순위,20260410_231507
2026-04-10 23:15:07,A,,006360,GS건설,38000,0,52,0,0.0,,실시간순위,20260410_231507
2026-04-10 23:15:07,A,,009150,삼성전기,561000,0,3,0,0.0,,실시간순위,20260410_231507
2026-04-10 23:15:07,B,,010170,대한광통신,0,0,56,0,0,,실시간순위,20260410_231507
2026-04-10 23:15:07,B,,047040,대우건설,0,0,41,0,0,,실시간순위,20260410_231507
2026-04-10 23:15:07,B,,050890,쏠리드,0,0,58,0,0,,실시간순위,20260410_231507
2026-04-10 23:15:07,B,,006360,GS건설,0,0,26,0,0,,실시간순위,20260410_231507
2026-04-10 23:15:07,B,,009150,삼성전기,0,0,1,0,0,,실시간순위,20260410_231507
2026-04-10 23:15:07,B,,217590,티엠씨,0,0,38,0,0,,실시간순위,20260410_231507
2026-04-10 23:15:07,B,,010820,퍼스텍,0,0,87,0,0,,실시간순위,20260410_231507
2026-04-10 23:15:07,B,,005290,동진쎄미켐,0,0,19,0,0,,실시간순위,20260410_231507
2026-04-10 23:15:07,B,,079550,LIG넥스원,0,0,1,0,0,,실시간순위,20260410_231507
2026-04-10 23:15:07,B,,010170,대한광통신,17770,0,56,0,0.0,,실시간순위,20260410_231507
2026-04-10 23:15:07,B,,047040,대우건설,24300,0,41,0,0.0,,실시간순위,20260410_231507
2026-04-10 23:15:07,B,,050890,쏠리드,17080,0,58,0,0.0,,실시간순위,20260410_231507
2026-04-10 23:15:07,B,,006360,GS건설,38000,0,26,0,0.0,,실시간순위,20260410_231507
2026-04-10 23:15:07,B,,009150,삼성전기,561000,0,1,0,0.0,,실시간순위,20260410_231507
2026-04-10 23:15:07,B,,217590,티엠씨,25850,0,38,0,0.0,,실시간순위,20260410_231507
2026-04-10 23:15:07,B,,010820,퍼스텍,11390,0,87,0,0.0,,실시간순위,20260410_231507
2026-04-10 23:15:07,B,,005290,동진쎄미켐,50500,0,19,0,0.0,,실시간순위,20260410_231507
2026-04-10 23:15:07,B,,079550,LIG넥스원,921000,0,1,0,0.0,,실시간순위,20260410_231507
2026-04-10 23:15:07,C,,010170,대한광통신,0,0,112,0,0,,실시간순위,20260410_231507
2026-04-10 23:15:07,C,,047040,대우건설,0,0,82,0,0,,실시간순위,20260410_231507
2026-04-10 23:15:07,C,,050890,쏠리드,0,0,117,0,0,,실시간순위,20260410_231507
2026-04-10 23:15:07,C,,006360,GS건설,0,0,52,0,0,,실시간순위,20260410_231507
2026-04-10 23:15:07,C,,009150,삼성전기,0,0,3,0,0,,실시간순위,20260410_231507
2026-04-10 23:15:07,C,,010170,대한광통신,17770,0,112,0,0.0,,실시간순위,20260410_231507
2026-04-10 23:15:07,C,,047040,대우건설,24300,0,82,0,0.0,,실시간순위,20260410_231507
2026-04-10 23:15:07,C,,050890,쏠리드,17080,0,117,0,0.0,,실시간순위,20260410_231507
2026-04-10 23:15:07,C,,006360,GS건설,38000,0,52,0,0.0,,실시간순위,20260410_231507
2026-04-10 23:15:07,C,,009150,삼성전기,561000,0,3,0,0.0,,실시간순위,20260410_231507
2026-04-10 23:15:17,A,,010170,대한광통신,0,0,112,0.0,0.0,,실시간순위,20260410_231517
2026-04-10 23:15:17,A,,047040,대우건설,0,0,82,0.0,0.0,,실시간순위,20260410_231517
2026-04-10 23:15:17,A,,050890,쏠리드,0,0,117,0.0,0.0,,실시간순위,20260410_231517
2026-04-10 23:15:17,A,,006360,GS건설,0,0,52,0.0,0.0,,실시간순위,20260410_231517
2026-04-10 23:15:17,A,,217590,티엠씨,0,0,77,0.0,0.0,,실시간순위,20260410_231517
2026-04-10 23:15:17,A,,010170,대한광통신,0,0,112,29792,1.5,,실시간순위,20260410_231517
2026-04-10 23:15:17,A,,047040,대우건설,0,0,82,8364,0.42,,실시간순위,20260410_231517
2026-04-10 23:15:17,A,,050890,쏠리드,0,0,117,19656,0.98,,실시간순위,20260410_231517
2026-04-10 23:15:17,A,,006360,GS건설,0,0,52,-7696,-0.39,,실시간순위,20260410_231517
2026-04-10 23:15:17,A,,217590,티엠씨,0,0,77,29799,1.5,,실시간순위,20260410_231517
2026-04-10 23:15:17,B,,010170,대한광통신,0,0,56,0.0,0.0,,실시간순위,20260410_231517
2026-04-10 23:15:17,B,,047040,대우건설,0,0,41,0.0,0.0,,실시간순위,20260410_231517
2026-04-10 23:15:17,B,,050890,쏠리드,0,0,58,0.0,0.0,,실시간순위,20260410_231517
2026-04-10 23:15:17,B,,006360,GS건설,0,0,26,0.0,0.0,,실시간순위,20260410_231517
2026-04-10 23:15:17,B,,217590,티엠씨,0,0,38,0.0,0.0,,실시간순위,20260410_231517
2026-04-10 23:15:17,B,,010820,퍼스텍,0,0,87,0.0,0.0,,실시간순위,20260410_231517
2026-04-10 23:15:17,B,,009150,삼성전기,0,0,1,0.0,0.0,,실시간순위,20260410_231517
2026-04-10 23:15:17,B,,079550,LIG넥스원,0,0,1,0.0,0.0,,실시간순위,20260410_231517
2026-04-10 23:15:17,B,,064260,다날,0,0,125,0.0,0.0,,실시간순위,20260410_231517
2026-04-10 23:15:17,B,,010170,대한광통신,0,0,56,19880,2.0,,실시간순위,20260410_231517
2026-04-10 23:15:17,B,,047040,대우건설,0,0,41,10537,1.06,,실시간순위,20260410_231517
2026-04-10 23:15:17,B,,050890,쏠리드,0,0,58,19778,2.0,,실시간순위,20260410_231517
2026-04-10 23:15:17,B,,006360,GS건설,0,0,26,19760,2.0,,실시간순위,20260410_231517
2026-04-10 23:15:17,B,,217590,티엠씨,0,0,38,19646,2.0,,실시간순위,20260410_231517
2026-04-10 23:15:17,B,,010820,퍼스텍,0,0,87,10005,1.01,,실시간순위,20260410_231517
2026-04-10 23:15:17,B,,009150,삼성전기,0,0,1,11220,2.0,,실시간순위,20260410_231517
2026-04-10 23:15:17,B,,079550,LIG넥스원,0,0,1,18420,2.0,,실시간순위,20260410_231517
2026-04-10 23:15:17,B,,064260,다날,0,0,125,19875,2.0,,실시간순위,20260410_231517
2026-04-10 23:15:17,C,,010170,대한광통신,0,0,112,0.0,0.0,,실시간순위,20260410_231517
2026-04-10 23:15:17,C,,047040,대우건설,0,0,82,0.0,0.0,,실시간순위,20260410_231517
2026-04-10 23:15:17,C,,050890,쏠리드,0,0,117,0.0,0.0,,실시간순위,20260410_231517
2026-04-10 23:15:17,C,,006360,GS건설,0,0,52,0.0,0.0,,실시간순위,20260410_231517
2026-04-10 23:15:17,C,,217590,티엠씨,0,0,77,0.0,0.0,,실시간순위,20260410_231517
2026-04-10 23:15:17,C,,010170,대한광통신,0,0,112,398608,20.03,,실시간순위,20260410_231517
2026-04-10 23:15:17,C,,047040,대우건설,0,0,82,29848,1.5,,실시간순위,20260410_231517
2026-04-10 23:15:17,C,,050890,쏠리드,0,0,117,29952,1.5,,실시간순위,20260410_231517
2026-04-10 23:15:17,C,,006360,GS건설,0,0,52,29588,1.5,,실시간순위,20260410_231517
2026-04-10 23:15:17,C,,217590,티엠씨,0,0,77,29799,1.5,,실시간순위,20260410_231517
2026-04-10 23:15:24,A,,010170,대한광통신,0,0,112,0.0,0.0,,실시간순위,20260410_231524
2026-04-10 23:15:24,A,,047040,대우건설,0,0,82,0.0,0.0,,실시간순위,20260410_231524
2026-04-10 23:15:24,A,,050890,쏠리드,0,0,117,0.0,0.0,,실시간순위,20260410_231524
2026-04-10 23:15:24,A,,006360,GS건설,0,0,52,0.0,0.0,,실시간순위,20260410_231524
2026-04-10 23:15:24,A,,217590,티엠씨,0,0,77,0.0,0.0,,실시간순위,20260410_231524
2026-04-10 23:15:24,A,,010170,대한광통신,0,0,112,45696,2.3,,실시간순위,20260410_231524
2026-04-10 23:15:24,A,,047040,대우건설,0,0,82,42394,2.13,,실시간순위,20260410_231524
2026-04-10 23:15:24,A,,050890,쏠리드,0,0,117,45864,2.3,,실시간순위,20260410_231524
2026-04-10 23:15:24,A,,006360,GS건설,0,0,52,42120,2.13,,실시간순위,20260410_231524
2026-04-10 23:15:24,A,,217590,티엠씨,0,0,77,45738,2.3,,실시간순위,20260410_231524
2026-04-10 23:15:24,B,,010170,대한광통신,0,0,56,0.0,0.0,,실시간순위,20260410_231524
2026-04-10 23:15:24,B,,047040,대우건설,0,0,41,0.0,0.0,,실시간순위,20260410_231524
2026-04-10 23:15:24,B,,050890,쏠리드,0,0,58,0.0,0.0,,실시간순위,20260410_231524
2026-04-10 23:15:24,B,,006360,GS건설,0,0,26,0.0,0.0,,실시간순위,20260410_231524
2026-04-10 23:15:24,B,,217590,티엠씨,0,0,38,0.0,0.0,,실시간순위,20260410_231524
2026-04-10 23:15:24,B,,010820,퍼스텍,0,0,87,0.0,0.0,,실시간순위,20260410_231524
2026-04-10 23:15:24,B,,009150,삼성전기,0,0,1,0.0,0.0,,실시간순위,20260410_231524
2026-04-10 23:15:24,B,,079550,LIG넥스원,0,0,1,0.0,0.0,,실시간순위,20260410_231524
2026-04-10 23:15:24,B,,064260,다날,0,0,125,0.0,0.0,,실시간순위,20260410_231524
2026-04-10 23:15:24,B,,010170,대한광통신,0,0,56,19880,2.0,,실시간순위,20260410_231524
2026-04-10 23:15:24,B,,047040,대우건설,0,0,41,2993,0.3,,실시간순위,20260410_231524
2026-04-10 23:15:24,B,,050890,쏠리드,0,0,58,19778,2.0,,실시간순위,20260410_231524
2026-04-10 23:15:24,B,,006360,GS건설,0,0,26,19760,2.0,,실시간순위,20260410_231524
2026-04-10 23:15:24,B,,217590,티엠씨,0,0,38,19646,2.0,,실시간순위,20260410_231524
2026-04-10 23:15:24,B,,010820,퍼스텍,0,0,87,19749,2.0,,실시간순위,20260410_231524
2026-04-10 23:15:24,B,,009150,삼성전기,0,0,1,11220,2.0,,실시간순위,20260410_231524
2026-04-10 23:15:24,B,,079550,LIG넥스원,0,0,1,18420,2.0,,실시간순위,20260410_231524
2026-04-10 23:15:24,B,,064260,다날,0,0,125,19875,2.0,,실시간순위,20260410_231524
2026-04-10 23:15:24,C,,010170,대한광통신,0,0,112,0.0,0.0,,실시간순위,20260410_231524
2026-04-10 23:15:24,C,,047040,대우건설,0,0,82,0.0,0.0,,실시간순위,20260410_231524
2026-04-10 23:15:24,C,,050890,쏠리드,0,0,117,0.0,0.0,,실시간순위,20260410_231524
2026-04-10 23:15:24,C,,006360,GS건설,0,0,52,0.0,0.0,,실시간순위,20260410_231524
2026-04-10 23:15:24,C,,217590,티엠씨,0,0,77,0.0,0.0,,실시간순위,20260410_231524
2026-04-10 23:15:24,C,,010170,대한광통신,0,0,112,29792,1.5,,실시간순위,20260410_231524
2026-04-10 23:15:24,C,,047040,대우건설,0,0,82,29848,1.5,,실시간순위,20260410_231524
2026-04-10 23:15:24,C,,050890,쏠리드,0,0,117,29952,1.5,,실시간순위,20260410_231524
2026-04-10 23:15:24,C,,006360,GS건설,0,0,52,29588,1.5,,실시간순위,20260410_231524
2026-04-10 23:15:24,C,,217590,티엠씨,0,0,77,455994,22.91,,실시간순위,20260410_231524
2026-04-10 23:15:28,A,,010170,대한광통신,0,0,112,0.0,0.0,,실시간순위,20260410_231528
2026-04-10 23:15:28,A,,047040,대우건설,0,0,82,0.0,0.0,,실시간순위,20260410_231528
2026-04-10 23:15:28,A,,050890,쏠리드,0,0,117,0.0,0.0,,실시간순위,20260410_231528
2026-04-10 23:15:28,A,,006360,GS건설,0,0,52,0.0,0.0,,실시간순위,20260410_231528
2026-04-10 23:15:28,A,,217590,티엠씨,0,0,77,0.0,0.0,,실시간순위,20260410_231528
2026-04-10 23:15:28,A,,010170,대한광통신,0,0,112,45696,2.3,,실시간순위,20260410_231528
2026-04-10 23:15:28,A,,047040,대우건설,0,0,82,11808,0.59,,실시간순위,20260410_231528
2026-04-10 23:15:28,A,,050890,쏠리드,0,0,117,45864,2.3,,실시간순위,20260410_231528
2026-04-10 23:15:28,A,,006360,GS건설,0,0,52,45448,2.3,,실시간순위,20260410_231528
2026-04-10 23:15:28,A,,217590,티엠씨,0,0,77,45738,2.3,,실시간순위,20260410_231528
2026-04-10 23:15:28,B,,010170,대한광통신,0,0,56,0.0,0.0,,실시간순위,20260410_231528
2026-04-10 23:15:28,B,,047040,대우건설,0,0,41,0.0,0.0,,실시간순위,20260410_231528
2026-04-10 23:15:28,B,,050890,쏠리드,0,0,58,0.0,0.0,,실시간순위,20260410_231528
2026-04-10 23:15:28,B,,006360,GS건설,0,0,26,0.0,0.0,,실시간순위,20260410_231528
2026-04-10 23:15:28,B,,217590,티엠씨,0,0,38,0.0,0.0,,실시간순위,20260410_231528
2026-04-10 23:15:28,B,,010820,퍼스텍,0,0,87,0.0,0.0,,실시간순위,20260410_231528
2026-04-10 23:15:28,B,,009150,삼성전기,0,0,1,0.0,0.0,,실시간순위,20260410_231528
2026-04-10 23:15:28,B,,079550,LIG넥스원,0,0,1,0.0,0.0,,실시간순위,20260410_231528
2026-04-10 23:15:28,B,,064260,다날,0,0,125,0.0,0.0,,실시간순위,20260410_231528
2026-04-10 23:15:28,B,,010170,대한광통신,0,0,56,19880,2.0,,실시간순위,20260410_231528
2026-04-10 23:15:28,B,,047040,대우건설,0,0,41,-2378,-0.24,,실시간순위,20260410_231528
2026-04-10 23:15:28,B,,050890,쏠리드,0,0,58,19778,2.0,,실시간순위,20260410_231528
2026-04-10 23:15:28,B,,006360,GS건설,0,0,26,19760,2.0,,실시간순위,20260410_231528
2026-04-10 23:15:28,B,,217590,티엠씨,0,0,38,19646,2.0,,실시간순위,20260410_231528
2026-04-10 23:15:28,B,,010820,퍼스텍,0,0,87,19749,2.0,,실시간순위,20260410_231528
2026-04-10 23:15:28,B,,009150,삼성전기,0,0,1,11220,2.0,,실시간순위,20260410_231528
2026-04-10 23:15:28,B,,079550,LIG넥스원,0,0,1,18420,2.0,,실시간순위,20260410_231528
2026-04-10 23:15:28,B,,064260,다날,0,0,125,19875,2.0,,실시간순위,20260410_231528
2026-04-10 23:15:28,C,,010170,대한광통신,0,0,112,0.0,0.0,,실시간순위,20260410_231528
2026-04-10 23:15:28,C,,047040,대우건설,0,0,82,0.0,0.0,,실시간순위,20260410_231528
2026-04-10 23:15:28,C,,050890,쏠리드,0,0,117,0.0,0.0,,실시간순위,20260410_231528
2026-04-10 23:15:28,C,,006360,GS건설,0,0,52,0.0,0.0,,실시간순위,20260410_231528
2026-04-10 23:15:28,C,,217590,티엠씨,0,0,77,0.0,0.0,,실시간순위,20260410_231528
2026-04-10 23:15:28,C,,010170,대한광통신,0,0,112,29792,1.5,,실시간순위,20260410_231528
2026-04-10 23:15:28,C,,047040,대우건설,0,0,82,29848,1.5,,실시간순위,20260410_231528
2026-04-10 23:15:28,C,,050890,쏠리드,0,0,117,29952,1.5,,실시간순위,20260410_231528
2026-04-10 23:15:28,C,,006360,GS건설,0,0,52,29588,1.5,,실시간순위,20260410_231528
2026-04-10 23:15:28,C,,217590,티엠씨,0,0,77,394163,19.8,,실시간순위,20260410_231528
2026-04-10 23:15:36,A,,010170,대한광통신,0,0,112,0.0,0.0,,실시간순위,20260410_231536
2026-04-10 23:15:36,A,,047040,대우건설,0,0,82,0.0,0.0,,실시간순위,20260410_231536
2026-04-10 23:15:36,A,,050890,쏠리드,0,0,117,0.0,0.0,,실시간순위,20260410_231536
2026-04-10 23:15:36,A,,006360,GS건설,0,0,52,0.0,0.0,,실시간순위,20260410_231536
2026-04-10 23:15:36,A,,217590,티엠씨,0,0,77,0.0,0.0,,실시간순위,20260410_231536
2026-04-10 23:15:36,A,,010170,대한광통신,0,0,112,71568,3.6,,실시간순위,20260410_231536
2026-04-10 23:15:36,A,,047040,대우건설,0,0,82,37064,1.86,,실시간순위,20260410_231536
2026-04-10 23:15:36,A,,050890,쏠리드,0,0,117,71838,3.6,,실시간순위,20260410_231536
2026-04-10 23:15:36,A,,006360,GS건설,0,0,52,30264,1.53,,실시간순위,20260410_231536
2026-04-10 23:15:36,A,,217590,티엠씨,0,0,77,71610,3.6,,실시간순위,20260410_231536
2026-04-10 23:15:36,B,,010170,대한광통신,0,0,56,0.0,0.0,,실시간순위,20260410_231536
2026-04-10 23:15:36,B,,047040,대우건설,0,0,41,0.0,0.0,,실시간순위,20260410_231536
2026-04-10 23:15:36,B,,050890,쏠리드,0,0,58,0.0,0.0,,실시간순위,20260410_231536
2026-04-10 23:15:36,B,,006360,GS건설,0,0,26,0.0,0.0,,실시간순위,20260410_231536
2026-04-10 23:15:36,B,,217590,티엠씨,0,0,38,0.0,0.0,,실시간순위,20260410_231536
2026-04-10 23:15:36,B,,010820,퍼스텍,0,0,87,0.0,0.0,,실시간순위,20260410_231536
2026-04-10 23:15:36,B,,009150,삼성전기,0,0,1,0.0,0.0,,실시간순위,20260410_231536
2026-04-10 23:15:36,B,,079550,LIG넥스원,0,0,1,0.0,0.0,,실시간순위,20260410_231536
2026-04-10 23:15:36,B,,064260,다날,0,0,125,0.0,0.0,,실시간순위,20260410_231536
2026-04-10 23:15:36,B,,010170,대한광통신,0,0,56,19880,2.0,,실시간순위,20260410_231536
2026-04-10 23:15:36,B,,047040,대우건설,0,0,41,19926,2.0,,실시간순위,20260410_231536
2026-04-10 23:15:36,B,,050890,쏠리드,0,0,58,8526,0.86,,실시간순위,20260410_231536
2026-04-10 23:15:36,B,,006360,GS건설,0,0,26,19760,2.0,,실시간순위,20260410_231536
2026-04-10 23:15:36,B,,217590,티엠씨,0,0,38,19646,2.0,,실시간순위,20260410_231536
2026-04-10 23:15:36,B,,010820,퍼스텍,0,0,87,-7134,-0.72,,실시간순위,20260410_231536
2026-04-10 23:15:36,B,,009150,삼성전기,0,0,1,11220,2.0,,실시간순위,20260410_231536
2026-04-10 23:15:36,B,,079550,LIG넥스원,0,0,1,18420,2.0,,실시간순위,20260410_231536
2026-04-10 23:15:36,B,,064260,다날,0,0,125,19875,2.0,,실시간순위,20260410_231536
2026-04-10 23:15:36,C,,010170,대한광통신,0,0,112,0.0,0.0,,실시간순위,20260410_231536
2026-04-10 23:15:36,C,,047040,대우건설,0,0,82,0.0,0.0,,실시간순위,20260410_231536
2026-04-10 23:15:36,C,,050890,쏠리드,0,0,117,0.0,0.0,,실시간순위,20260410_231536
2026-04-10 23:15:36,C,,006360,GS건설,0,0,52,0.0,0.0,,실시간순위,20260410_231536
2026-04-10 23:15:36,C,,217590,티엠씨,0,0,77,0.0,0.0,,실시간순위,20260410_231536
2026-04-10 23:15:36,C,,010170,대한광통신,0,0,112,29792,1.5,,실시간순위,20260410_231536
2026-04-10 23:15:36,C,,047040,대우건설,0,0,82,29848,1.5,,실시간순위,20260410_231536
2026-04-10 23:15:36,C,,050890,쏠리드,0,0,117,29952,1.5,,실시간순위,20260410_231536
2026-04-10 23:15:36,C,,006360,GS건설,0,0,52,29588,1.5,,실시간순위,20260410_231536
2026-04-10 23:15:36,C,,217590,티엠씨,0,0,77,392084,19.7,,실시간순위,20260410_231536
2026-04-10 23:15:42,A,,010170,대한광통신,0,0,112,0.0,0.0,,실시간순위,20260410_231542
2026-04-10 23:15:42,A,,047040,대우건설,0,0,82,0.0,0.0,,실시간순위,20260410_231542
2026-04-10 23:15:42,A,,050890,쏠리드,0,0,117,0.0,0.0,,실시간순위,20260410_231542
2026-04-10 23:15:42,A,,006360,GS건설,0,0,52,0.0,0.0,,실시간순위,20260410_231542
2026-04-10 23:15:42,A,,217590,티엠씨,0,0,77,0.0,0.0,,실시간순위,20260410_231542
2026-04-10 23:15:42,A,,010170,대한광통신,0,0,112,71568,3.6,,실시간순위,20260410_231542
2026-04-10 23:15:42,A,,047040,대우건설,0,0,82,46658,2.34,,실시간순위,20260410_231542
2026-04-10 23:15:42,A,,050890,쏠리드,0,0,117,29484,1.48,,실시간순위,20260410_231542
2026-04-10 23:15:42,A,,006360,GS건설,0,0,52,-156,-0.01,,실시간순위,20260410_231542
2026-04-10 23:15:42,A,,217590,티엠씨,0,0,77,71610,3.6,,실시간순위,20260410_231542
2026-04-10 23:15:42,B,,010170,대한광통신,0,0,56,0.0,0.0,,실시간순위,20260410_231542
2026-04-10 23:15:42,B,,047040,대우건설,0,0,41,0.0,0.0,,실시간순위,20260410_231542
2026-04-10 23:15:42,B,,050890,쏠리드,0,0,58,0.0,0.0,,실시간순위,20260410_231542
2026-04-10 23:15:42,B,,006360,GS건설,0,0,26,0.0,0.0,,실시간순위,20260410_231542
2026-04-10 23:15:42,B,,217590,티엠씨,0,0,38,0.0,0.0,,실시간순위,20260410_231542
2026-04-10 23:15:42,B,,010820,퍼스텍,0,0,87,0.0,0.0,,실시간순위,20260410_231542
2026-04-10 23:15:42,B,,009150,삼성전기,0,0,1,0.0,0.0,,실시간순위,20260410_231542
2026-04-10 23:15:42,B,,079550,LIG넥스원,0,0,1,0.0,0.0,,실시간순위,20260410_231542
2026-04-10 23:15:42,B,,064260,다날,0,0,125,0.0,0.0,,실시간순위,20260410_231542
2026-04-10 23:15:42,B,,010170,대한광통신,0,0,56,5656,0.57,,실시간순위,20260410_231542
2026-04-10 23:15:42,B,,047040,대우건설,0,0,41,12136,1.22,,실시간순위,20260410_231542
2026-04-10 23:15:42,B,,050890,쏠리드,0,0,58,19778,2.0,,실시간순위,20260410_231542
2026-04-10 23:15:42,B,,006360,GS건설,0,0,26,19760,2.0,,실시간순위,20260410_231542
2026-04-10 23:15:42,B,,217590,티엠씨,0,0,38,19646,2.0,,실시간순위,20260410_231542
2026-04-10 23:15:42,B,,010820,퍼스텍,0,0,87,19749,2.0,,실시간순위,20260410_231542
2026-04-10 23:15:42,B,,009150,삼성전기,0,0,1,-2827,-0.5,,실시간순위,20260410_231542
2026-04-10 23:15:42,B,,079550,LIG넥스원,0,0,1,-34726,-3.77,,실시간순위,20260410_231542
2026-04-10 23:15:42,B,,064260,다날,0,0,125,19875,2.0,,실시간순위,20260410_231542
2026-04-10 23:15:42,C,,010170,대한광통신,0,0,112,0.0,0.0,,실시간순위,20260410_231542
2026-04-10 23:15:42,C,,047040,대우건설,0,0,82,0.0,0.0,,실시간순위,20260410_231542
2026-04-10 23:15:42,C,,050890,쏠리드,0,0,117,0.0,0.0,,실시간순위,20260410_231542
2026-04-10 23:15:42,C,,006360,GS건설,0,0,52,0.0,0.0,,실시간순위,20260410_231542
2026-04-10 23:15:42,C,,217590,티엠씨,0,0,77,0.0,0.0,,실시간순위,20260410_231542
2026-04-10 23:15:42,C,,010170,대한광통신,0,0,112,29792,1.5,,실시간순위,20260410_231542
2026-04-10 23:15:42,C,,047040,대우건설,0,0,82,29848,1.5,,실시간순위,20260410_231542
2026-04-10 23:15:42,C,,050890,쏠리드,0,0,117,29952,1.5,,실시간순위,20260410_231542
2026-04-10 23:15:42,C,,006360,GS건설,0,0,52,29588,1.5,,실시간순위,20260410_231542
2026-04-10 23:15:42,C,,217590,티엠씨,0,0,77,29799,1.5,,실시간순위,20260410_231542
2026-04-10 23:17:38,A,,047040,대우건설,0,0,20,0.0,0.0,,실시간순위,20260410_231738
2026-04-10 23:17:38,A,,006360,GS건설,0,0,13,0.0,0.0,,실시간순위,20260410_231738
2026-04-10 23:17:38,A,,217590,티엠씨,0,0,19,0.0,0.0,,실시간순위,20260410_231738
2026-04-10 23:17:38,A,,005290,동진쎄미켐,0,0,9,0.0,0.0,,실시간순위,20260410_231738
2026-04-10 23:17:38,A,,047040,대우건설,0,0,20,4860,1.0,,실시간순위,20260410_231738
2026-04-10 23:17:38,A,,006360,GS건설,0,0,13,169,0.03,,실시간순위,20260410_231738
2026-04-10 23:17:38,A,,217590,티엠씨,0,0,19,4902,1.0,,실시간순위,20260410_231738
2026-04-10 23:17:38,A,,005290,동진쎄미켐,0,0,9,4545,1.0,,실시간순위,20260410_231738
2026-04-10 23:17:38,B,,047040,대우건설,0,0,10,0.0,0.0,,실시간순위,20260410_231738
2026-04-10 23:17:38,B,,006360,GS건설,0,0,6,0.0,0.0,,실시간순위,20260410_231738
2026-04-10 23:17:38,B,,217590,티엠씨,0,0,9,0.0,0.0,,실시간순위,20260410_231738
2026-04-10 23:17:38,B,,005290,동진쎄미켐,0,0,4,0.0,0.0,,실시간순위,20260410_231738
2026-04-10 23:17:38,B,,047040,대우건설,0,0,10,4860,2.0,,실시간순위,20260410_231738
2026-04-10 23:17:38,B,,006360,GS건설,0,0,6,4560,2.0,,실시간순위,20260410_231738
2026-04-10 23:17:38,B,,217590,티엠씨,0,0,9,4653,2.0,,실시간순위,20260410_231738
2026-04-10 23:17:38,B,,005290,동진쎄미켐,0,0,4,4040,2.0,,실시간순위,20260410_231738
2026-04-10 23:17:38,C,,047040,대우건설,0,0,20,0.0,0.0,,실시간순위,20260410_231738
2026-04-10 23:17:38,C,,006360,GS건설,0,0,13,0.0,0.0,,실시간순위,20260410_231738
2026-04-10 23:17:38,C,,217590,티엠씨,0,0,19,0.0,0.0,,실시간순위,20260410_231738
2026-04-10 23:17:38,C,,005290,동진쎄미켐,0,0,9,0.0,0.0,,실시간순위,20260410_231738
2026-04-10 23:17:38,C,,047040,대우건설,0,0,20,12140,2.5,,실시간순위,20260410_231738
2026-04-10 23:17:38,C,,006360,GS건설,0,0,13,12350,2.5,,실시간순위,20260410_231738
2026-04-10 23:17:38,C,,217590,티엠씨,0,0,19,12274,2.5,,실시간순위,20260410_231738
2026-04-10 23:17:38,C,,005290,동진쎄미켐,0,0,9,11358,2.5,,실시간순위,20260410_231738
2026-04-10 23:17:48,A,,047040,대우건설,0,0,20,0.0,0.0,,실시간순위,20260410_231748
2026-04-10 23:17:48,A,,006360,GS건설,0,0,13,0.0,0.0,,실시간순위,20260410_231748
2026-04-10 23:17:48,A,,217590,티엠씨,0,0,19,0.0,0.0,,실시간순위,20260410_231748
2026-04-10 23:17:48,A,,005290,동진쎄미켐,0,0,9,0.0,0.0,,실시간순위,20260410_231748
2026-04-10 23:17:48,A,,047040,대우건설,0,0,20,4860,1.0,,실시간순위,20260410_231748
2026-04-10 23:17:48,A,,006360,GS건설,0,0,13,4940,1.0,,실시간순위,20260410_231748
2026-04-10 23:17:48,A,,217590,티엠씨,0,0,19,4902,1.0,,실시간순위,20260410_231748
2026-04-10 23:17:48,A,,005290,동진쎄미켐,0,0,9,4545,1.0,,실시간순위,20260410_231748
2026-04-10 23:17:48,B,,047040,대우건설,0,0,10,0.0,0.0,,실시간순위,20260410_231748
2026-04-10 23:17:48,B,,006360,GS건설,0,0,6,0.0,0.0,,실시간순위,20260410_231748
2026-04-10 23:17:48,B,,217590,티엠씨,0,0,9,0.0,0.0,,실시간순위,20260410_231748
2026-04-10 23:17:48,B,,005290,동진쎄미켐,0,0,4,0.0,0.0,,실시간순위,20260410_231748
2026-04-10 23:17:48,B,,047040,대우건설,0,0,10,4860,2.0,,실시간순위,20260410_231748
2026-04-10 23:17:48,B,,006360,GS건설,0,0,6,4560,2.0,,실시간순위,20260410_231748
2026-04-10 23:17:48,B,,217590,티엠씨,0,0,9,4653,2.0,,실시간순위,20260410_231748
2026-04-10 23:17:48,B,,005290,동진쎄미켐,0,0,4,2968,1.47,,실시간순위,20260410_231748
2026-04-10 23:17:48,C,,047040,대우건설,0,0,20,0.0,0.0,,실시간순위,20260410_231748
2026-04-10 23:17:48,C,,006360,GS건설,0,0,13,0.0,0.0,,실시간순위,20260410_231748
2026-04-10 23:17:48,C,,217590,티엠씨,0,0,19,0.0,0.0,,실시간순위,20260410_231748
2026-04-10 23:17:48,C,,005290,동진쎄미켐,0,0,9,0.0,0.0,,실시간순위,20260410_231748
2026-04-10 23:17:48,C,,217590,티엠씨,0,0,19,29469,6.0,,실시간순위,20260410_231748
2026-04-10 23:17:48,C,,005290,동진쎄미켐,0,0,9,27270,6.0,,실시간순위,20260410_231748
2026-04-11 12:16:31,A,,010170,대한광통신,0,0,112,0.0,0.0,,실시간순위,20260411_121631
2026-04-11 12:16:31,A,,047040,대우건설,0,0,82,0.0,0.0,,실시간순위,20260411_121631
2026-04-11 12:16:31,A,,050890,쏠리드,0,0,117,0.0,0.0,,실시간순위,20260411_121631
2026-04-11 12:16:31,A,,010820,퍼스텍,0,0,175,0.0,0.0,,실시간순위,20260411_121631
2026-04-11 12:16:31,A,,006360,GS건설,0,0,52,0.0,0.0,,실시간순위,20260411_121631
2026-04-11 12:16:31,A,,010170,대한광통신,0,0,112,19824,1.0,,실시간순위,20260411_121631
2026-04-11 12:16:31,A,,047040,대우건설,0,0,82,-7380,-0.37,,실시간순위,20260411_121631
2026-04-11 12:16:31,A,,050890,쏠리드,0,0,117,19890,1.0,,실시간순위,20260411_121631
2026-04-11 12:16:31,A,,010820,퍼스텍,0,0,175,7525,0.38,,실시간순위,20260411_121631
2026-04-11 12:16:31,A,,006360,GS건설,0,0,52,19760,1.0,,실시간순위,20260411_121631
2026-04-11 12:16:31,B,,010170,대한광통신,0,0,56,0.0,0.0,,실시간순위,20260411_121631
2026-04-11 12:16:31,B,,047040,대우건설,0,0,41,0.0,0.0,,실시간순위,20260411_121631
2026-04-11 12:16:31,B,,050890,쏠리드,0,0,58,0.0,0.0,,실시간순위,20260411_121631
2026-04-11 12:16:31,B,,010820,퍼스텍,0,0,87,0.0,0.0,,실시간순위,20260411_121631
2026-04-11 12:16:31,B,,006360,GS건설,0,0,26,0.0,0.0,,실시간순위,20260411_121631
2026-04-11 12:16:31,B,,009150,삼성전기,0,0,1,0.0,0.0,,실시간순위,20260411_121631
2026-04-11 12:16:31,B,,217590,티엠씨,0,0,38,0.0,0.0,,실시간순위,20260411_121631
2026-04-11 12:16:31,B,,088800,에이스테크,0,0,178,0.0,0.0,,실시간순위,20260411_121631
2026-04-11 12:16:31,B,,005290,동진쎄미켐,0,0,19,0.0,0.0,,실시간순위,20260411_121631
2026-04-11 12:16:31,B,,010170,대한광통신,0,0,56,19880,2.0,,실시간순위,20260411_121631
2026-04-11 12:16:31,B,,047040,대우건설,0,0,41,6232,0.63,,실시간순위,20260411_121631
2026-04-11 12:16:31,B,,050890,쏠리드,0,0,58,19778,2.0,,실시간순위,20260411_121631
2026-04-11 12:16:31,B,,010820,퍼스텍,0,0,87,19749,2.0,,실시간순위,20260411_121631
2026-04-11 12:16:31,B,,006360,GS건설,0,0,26,14092,1.43,,실시간순위,20260411_121631
2026-04-11 12:16:31,B,,009150,삼성전기,0,0,1,11220,2.0,,실시간순위,20260411_121631
2026-04-11 12:16:31,B,,217590,티엠씨,0,0,38,19646,2.0,,실시간순위,20260411_121631
2026-04-11 12:16:31,B,,088800,에이스테크,0,0,178,19758,2.0,,실시간순위,20260411_121631
2026-04-11 12:16:31,B,,005290,동진쎄미켐,0,0,19,19190,2.0,,실시간순위,20260411_121631
2026-04-11 12:16:31,C,,010170,대한광통신,0,0,112,0.0,0.0,,실시간순위,20260411_121631
2026-04-11 12:16:31,C,,047040,대우건설,0,0,82,0.0,0.0,,실시간순위,20260411_121631
2026-04-11 12:16:31,C,,050890,쏠리드,0,0,117,0.0,0.0,,실시간순위,20260411_121631
2026-04-11 12:16:31,C,,010820,퍼스텍,0,0,175,0.0,0.0,,실시간순위,20260411_121631
2026-04-11 12:16:31,C,,006360,GS건설,0,0,52,0.0,0.0,,실시간순위,20260411_121631
2026-04-11 12:16:31,C,,010170,대한광통신,0,0,112,29792,1.5,,실시간순위,20260411_121631
2026-04-11 12:16:31,C,,047040,대우건설,0,0,82,29848,1.5,,실시간순위,20260411_121631
2026-04-11 12:16:31,C,,050890,쏠리드,0,0,117,29952,1.5,,실시간순위,20260411_121631
2026-04-11 12:16:31,C,,010820,퍼스텍,0,0,175,29750,1.5,,실시간순위,20260411_121631
2026-04-11 12:16:31,C,,006360,GS건설,0,0,52,29588,1.5,,실시간순위,20260411_121631
2026-04-11 15:21:38,A,,010170,대한광통신,0,0,112,0,0,,등락률,20260411_152138
2026-04-11 15:21:38,A,,047040,대우건설,0,0,82,0,0,,등락률,20260411_152138
2026-04-11 15:21:38,A,,050890,쏠리드,0,0,117,0,0,,등락률,20260411_152138
2026-04-11 15:21:38,A,,009150,삼성전기,0,0,3,0,0,,등락률,20260411_152138
2026-04-11 15:21:38,A,,010820,퍼스텍,0,0,175,0,0,,등락률,20260411_152138
2026-04-11 15:21:38,A,,010170,대한광통신,17770,0,112,0,0.0,,등락률,20260411_152138
2026-04-11 15:21:38,A,,047040,대우건설,24300,0,82,0,0.0,,등락률,20260411_152138
2026-04-11 15:21:38,A,,050890,쏠리드,17080,0,117,0,0.0,,등락률,20260411_152138
2026-04-11 15:21:38,A,,009150,삼성전기,561000,0,3,0,0.0,,등락률,20260411_152138
2026-04-11 15:21:38,A,,010820,퍼스텍,11390,0,175,0,0.0,,등락률,20260411_152138
2026-04-11 15:21:38,B,,010170,대한광통신,0,0,56,0,0,,등락률,20260411_152138
2026-04-11 15:21:38,B,,047040,대우건설,0,0,41,0,0,,등락률,20260411_152138
2026-04-11 15:21:38,B,,050890,쏠리드,0,0,58,0,0,,등락률,20260411_152138
2026-04-11 15:21:38,B,,009150,삼성전기,0,0,1,0,0,,등락률,20260411_152138
2026-04-11 15:21:38,B,,010820,퍼스텍,0,0,87,0,0,,등락률,20260411_152138
2026-04-11 15:21:38,B,,006360,GS건설,0,0,26,0,0,,등락률,20260411_152138
2026-04-11 15:21:38,B,,005290,동진쎄미켐,0,0,19,0,0,,등락률,20260411_152138
2026-04-11 15:21:38,B,,064260,다날,0,0,125,0,0,,등락률,20260411_152138
2026-04-11 15:21:38,B,,088800,에이스테크,0,0,178,0,0,,등락률,20260411_152138
2026-04-11 15:21:38,B,,010170,대한광통신,17770,0,56,0,0.0,,등락률,20260411_152138
2026-04-11 15:21:38,B,,047040,대우건설,24300,0,41,0,0.0,,등락률,20260411_152138
2026-04-11 15:21:38,B,,050890,쏠리드,17080,0,58,0,0.0,,등락률,20260411_152138
2026-04-11 15:21:38,B,,009150,삼성전기,561000,0,1,0,0.0,,등락률,20260411_152138
2026-04-11 15:21:38,B,,010820,퍼스텍,11390,0,87,0,0.0,,등락률,20260411_152138
2026-04-11 15:21:38,B,,006360,GS건설,38000,0,26,0,0.0,,등락률,20260411_152138
2026-04-11 15:21:38,B,,005290,동진쎄미켐,50500,0,19,0,0.0,,등락률,20260411_152138
2026-04-11 15:21:38,B,,064260,다날,7960,0,125,0,0.0,,등락률,20260411_152138
2026-04-11 15:21:38,B,,088800,에이스테크,5590,0,178,0,0.0,,등락률,20260411_152138
2026-04-11 15:21:38,C,,010170,대한광통신,0,0,112,0,0,,등락률,20260411_152138
2026-04-11 15:21:38,C,,047040,대우건설,0,0,82,0,0,,등락률,20260411_152138
2026-04-11 15:21:38,C,,050890,쏠리드,0,0,117,0,0,,등락률,20260411_152138
2026-04-11 15:21:38,C,,009150,삼성전기,0,0,3,0,0,,등락률,20260411_152138
2026-04-11 15:21:38,C,,010820,퍼스텍,0,0,175,0,0,,등락률,20260411_152138
2026-04-11 15:21:38,C,,010170,대한광통신,17770,0,112,0,0.0,,등락률,20260411_152138
2026-04-11 15:21:38,C,,047040,대우건설,24300,0,82,0,0.0,,등락률,20260411_152138
2026-04-11 15:21:38,C,,050890,쏠리드,17080,0,117,0,0.0,,등락률,20260411_152138
2026-04-11 15:21:38,C,,009150,삼성전기,561000,0,3,0,0.0,,등락률,20260411_152138
2026-04-11 15:21:38,C,,010820,퍼스텍,11390,0,175,0,0.0,,등락률,20260411_152138
2026-04-11 15:21:40,A,,010170,대한광통신,0,0,112,0.0,0.0,,등락률,20260411_152140
2026-04-11 15:21:40,A,,047040,대우건설,0,0,82,0.0,0.0,,등락률,20260411_152140
2026-04-11 15:21:40,A,,050890,쏠리드,0,0,117,0.0,0.0,,등락률,20260411_152140
2026-04-11 15:21:40,A,,009150,삼성전기,0,0,3,0.0,0.0,,등락률,20260411_152140
2026-04-11 15:21:40,A,,010820,퍼스텍,0,0,175,0.0,0.0,,등락률,20260411_152140
2026-04-11 15:21:40,A,,010170,대한광통신,0,0,112,19824,1.0,,등락률,20260411_152140
2026-04-11 15:21:40,A,,047040,대우건설,0,0,82,19926,1.0,,등락률,20260411_152140
2026-04-11 15:21:40,A,,050890,쏠리드,0,0,117,19890,1.0,,등락률,20260411_152140
2026-04-11 15:21:40,A,,009150,삼성전기,0,0,3,5226,0.31,,등락률,20260411_152140
2026-04-11 15:21:40,A,,010820,퍼스텍,0,0,175,19775,1.0,,등락률,20260411_152140
2026-04-11 15:21:40,B,,010170,대한광통신,0,0,56,0.0,0.0,,등락률,20260411_152140
2026-04-11 15:21:40,B,,047040,대우건설,0,0,41,0.0,0.0,,등락률,20260411_152140
2026-04-11 15:21:40,B,,050890,쏠리드,0,0,58,0.0,0.0,,등락률,20260411_152140
2026-04-11 15:21:40,B,,009150,삼성전기,0,0,1,0.0,0.0,,등락률,20260411_152140
2026-04-11 15:21:40,B,,010820,퍼스텍,0,0,87,0.0,0.0,,등락률,20260411_152140
2026-04-11 15:21:40,B,,006360,GS건설,0,0,26,0.0,0.0,,등락률,20260411_152140
2026-04-11 15:21:40,B,,005290,동진쎄미켐,0,0,19,0.0,0.0,,등락률,20260411_152140
2026-04-11 15:21:40,B,,064260,다날,0,0,125,0.0,0.0,,등락률,20260411_152140
2026-04-11 15:21:40,B,,088800,에이스테크,0,0,178,0.0,0.0,,등락률,20260411_152140
2026-04-11 15:21:40,B,,010170,대한광통신,0,0,56,19880,2.0,,등락률,20260411_152140
2026-04-11 15:21:40,B,,047040,대우건설,0,0,41,19926,2.0,,등락률,20260411_152140
2026-04-11 15:21:40,B,,050890,쏠리드,0,0,58,19778,2.0,,등락률,20260411_152140
2026-04-11 15:21:40,B,,009150,삼성전기,0,0,1,11220,2.0,,등락률,20260411_152140
2026-04-11 15:21:40,B,,010820,퍼스텍,0,0,87,19749,2.0,,등락률,20260411_152140
2026-04-11 15:21:40,B,,006360,GS건설,0,0,26,19760,2.0,,등락률,20260411_152140
2026-04-11 15:21:40,B,,005290,동진쎄미켐,0,0,19,19190,2.0,,등락률,20260411_152140
2026-04-11 15:21:40,B,,064260,다날,0,0,125,19875,2.0,,등락률,20260411_152140
2026-04-11 15:21:40,B,,088800,에이스테크,0,0,178,19758,2.0,,등락률,20260411_152140
2026-04-11 15:21:40,C,,010170,대한광통신,0,0,112,0.0,0.0,,등락률,20260411_152140
2026-04-11 15:21:40,C,,047040,대우건설,0,0,82,0.0,0.0,,등락률,20260411_152140
2026-04-11 15:21:40,C,,050890,쏠리드,0,0,117,0.0,0.0,,등락률,20260411_152140
2026-04-11 15:21:40,C,,009150,삼성전기,0,0,3,0.0,0.0,,등락률,20260411_152140
2026-04-11 15:21:40,C,,010820,퍼스텍,0,0,175,0.0,0.0,,등락률,20260411_152140
2026-04-11 15:21:40,C,,010170,대한광통신,0,0,112,59696,3.0,,등락률,20260411_152140
2026-04-11 15:21:40,C,,047040,대우건설,0,0,82,59778,3.0,,등락률,20260411_152140
2026-04-11 15:21:40,C,,050890,쏠리드,0,0,117,59904,3.0,,등락률,20260411_152140
2026-04-11 15:21:40,C,,009150,삼성전기,0,0,3,50490,3.0,,등락률,20260411_152140
2026-04-11 15:21:40,C,,010820,퍼스텍,0,0,175,59675,3.0,,등락률,20260411_152140
