date,equity,n_positions
2021-01-04,100000000.0,0
2021-01-05,100000000.0,0
2021-01-06,100000000.0,0
2021-01-07,100000000.0,0
2021-01-08,100000000.0,0
2021-01-11,100000000.0,0
2021-01-12,100000000.0,0
2021-01-13,100000000.0,0
2021-01-14,100000000.0,0
2021-01-15,100000000.0,0
2021-01-18,100000000.0,0
2021-01-19,100000000.0,0
2021-01-20,100000000.0,0
2021-01-21,100000000.0,0
2021-01-22,100000000.0,0
2021-01-25,100000000.0,0
2021-01-26,100000000.0,0
2021-01-27,100000000.0,0
2021-01-28,100000000.0,0
2021-01-29,100000000.0,0
2021-02-01,99020885.58289,0
2021-02-02,99843487.38289002,0
2021-02-03,101585742.48289001,0
2021-02-04,101559006.18289003,0
2021-02-05,102041237.86408001,0
2021-02-08,101999483.26408002,0
2021-02-09,102390020.26408002,0
2021-02-10,102776698.06408001,0
2021-02-15,103426866.16408001,0
2021-02-16,103810917.76408002,0
2021-02-17,103599905.56408001,0
2021-02-18,102367746.16408002,0
2021-02-19,102736506.76408002,0
2021-02-22,101490828.45958002,0
2021-02-23,100630713.77884004,0
2021-02-24,98377977.01015002,0
2021-02-25,99659251.21015002,0
2021-02-26,98691661.21015002,0
2021-03-02,98749872.31015001,0
2021-03-03,98964118.21015002,0
2021-03-04,98848583.41015002,0
2021-03-05,96901246.30663003,0
2021-03-08,95359002.25663003,0
2021-03-09,94004625.94309002,0
2021-03-10,93790361.14309002,0
2021-03-11,94874418.24184003,0
2021-03-12,96402020.64184003,0
2021-03-15,96923741.64184003,0
2021-03-16,97036893.74584001,0
2021-03-17,96659993.54584001,0
2021-03-18,96960577.34584002,0
2021-03-19,96781534.04584002,0
2021-03-22,97059350.54584001,0
2021-03-23,96493768.29784001,0
2021-03-24,96440784.39784002,0
2021-03-25,96701223.69784002,0
2021-03-26,97644059.19784002,0
2021-03-29,97874881.29784001,0
2021-03-30,98304168.69784002,0
2021-03-31,98269397.19784002,0
2021-04-01,98366590.89784002,0
2021-04-02,98448881.49784002,0
2021-04-05,98804031.68318503,0
2021-04-06,99263753.48318502,0
2021-04-07,99300949.58318503,0
2021-04-08,100444872.98318502,0
2021-04-09,100792324.28318503,0
2021-04-12,100171336.88318503,0
2021-04-13,100440642.98318502,0
2021-04-14,100825392.98318502,0
2021-04-15,101346043.88318503,0
2021-04-16,101605830.68318503,0
2021-04-19,102166198.58318503,0
2021-04-20,103085393.78318503,0
2021-04-21,102731452.58318503,0
2021-04-22,103454391.08318503,0
2021-04-23,104367975.68318503,0
2021-04-26,104708251.28318503,0
2021-04-27,106685154.38318501,0
2021-04-28,104427029.18318503,0
2021-04-29,103578587.48318502,0
2021-04-30,103000713.68318503,0
2021-05-03,101796778.80068503,0
2021-05-04,101648002.08767503,0
2021-05-06,103448308.08767505,0
2021-05-07,104789325.18767506,0
2021-05-10,106557323.88767505,0
2021-05-11,106987218.65267505,0
2021-05-12,104672953.25267506,0
2021-05-13,102463831.25267504,0
2021-05-14,102205874.83289503,0
2021-05-17,101536783.33289503,0
2021-05-18,103658492.83289503,0
2021-05-20,103446199.97789502,0
2021-05-21,102895131.77789505,0
2021-05-24,101941730.27789503,0
2021-05-25,102094523.74589504,0
2021-05-26,102056624.74589506,0
2021-05-27,103190795.74589504,0
2021-05-28,103564156.24589506,0
2021-05-31,104047118.74589506,0
2021-06-01,104163974.74589504,0
2021-06-02,104353244.74589504,0
2021-06-03,104649412.24589506,0
2021-06-04,104150380.30624002,0
2021-06-07,103765821.10624002,0
2021-06-08,104148339.10624002,0
2021-06-09,102911601.40624003,0
2021-06-10,102913819.90624002,0
2021-06-11,103477471.90624002,0
2021-06-14,103980890.50624003,0
2021-06-15,104256086.20624001,0
2021-06-16,104780400.10624002,0
2021-06-17,104069040.25249001,0
2021-06-18,104305190.35249002,0
2021-06-21,103113923.98249002,0
2021-06-22,103652240.98249002,0
2021-06-23,103633349.08249003,0
2021-06-24,103736675.38249001,0
2021-06-25,104369213.38249001,0
2021-06-28,105257599.78249002,0
2021-06-29,104935006.48249002,0
2021-06-30,105574253.98249003,0
2021-07-01,104829265.66249003,0
2021-07-02,104825068.06249002,0
2021-07-05,104392682.79868001,0
2021-07-06,105035623.89868002,0
2021-07-07,103802163.09868,0
2021-07-08,102988983.39868002,0
2021-07-09,101438052.82768002,0
2021-07-12,102400310.32768,0
2021-07-13,102846836.32768,0
2021-07-14,102209488.72768001,0
2021-07-15,102336878.32768002,0
2021-07-16,102747834.52768001,0
2021-07-19,101615674.12768002,0
2021-07-20,100940830.78168002,0
2021-07-21,100488128.98168002,0
2021-07-22,101683446.88168001,0
2021-07-23,103334486.08168001,0
2021-07-26,103353463.48168002,0
2021-07-27,104338761.88168001,0
2021-07-28,104709343.59568003,0
2021-07-29,105082335.99568,0
2021-07-30,104349101.04703002,0
2021-08-02,103800360.24703003,0
2021-08-03,102978064.81675002,0
2021-08-04,104430201.31675002,0
2021-08-05,104187785.41675003,0
2021-08-06,104245704.91675003,0
2021-08-09,104113745.11675002,0
2021-08-10,103661826.31675003,0
2021-08-11,104114530.81675002,0
2021-08-12,104323702.51675001,0
2021-08-13,103533939.91675001,0
2021-08-17,101801768.95000002,0
2021-08-18,102693044.35000002,0
2021-08-19,100000002.280735,0
2021-08-20,97726239.672535,0
2021-08-23,98457243.972535,0
2021-08-24,99666555.07253501,0
2021-08-25,100328068.57253501,0
2021-08-26,100900637.77253501,0
2021-08-27,100982202.07253501,0
2021-08-30,101314124.77253501,0
2021-08-31,102194367.07253502,0
2021-09-01,102908328.07253501,0
2021-09-02,103152551.17879,0
2021-09-03,103715974.57879001,0
2021-09-06,104486901.07879002,0
2021-09-07,105194701.57879001,0
2021-09-08,104580487.57879001,0
2021-09-09,103346468.21629001,0
2021-09-10,104001500.81629,0
2021-09-13,104328169.27579,0
2021-09-14,104739460.27579002,0
2021-09-15,104391264.67579001,0
2021-09-16,104852523.67579001,0
2021-09-17,105027213.67579003,0
2021-09-23,103018580.38504001,0
2021-09-24,103208600.55304001,0
2021-09-27,103258667.11429001,0
2021-09-28,102577656.77929,0
2021-09-29,102495826.52929,0
2021-09-30,102763428.02929002,0
2021-10-01,101538795.36529003,0
2021-10-05,101830669.47379,0
2021-10-06,100388165.84029002,0
2021-10-07,100077632.61998498,0
2021-10-08,99519296.91998498,0
2021-10-12,99253446.81998499,0
2021-10-13,100272817.419985,0
2021-10-14,100750909.11998498,0
2021-10-15,101928547.41998498,0
2021-10-18,102276846.51998499,0
2021-10-19,102962622.21998498,0
2021-10-20,102899937.21998498,0
2021-10-21,102463561.41998498,0
2021-10-22,102384219.21998498,0
2021-10-25,102702943.41998498,0
2021-10-26,102702226.466485,0
2021-10-27,102198867.26648498,0
2021-10-28,101435746.466485,0
2021-10-29,100639439.06648499,0
2021-11-01,100745654.36648497,0
2021-11-02,101074085.96648498,0
2021-11-03,100367747.336485,0
2021-11-04,100558283.63648498,0
2021-11-05,99304239.61148499,0
2021-11-08,99525415.45001498,0
2021-11-09,99226418.35001498,0
2021-11-10,97667516.65001498,0
2021-11-11,96771287.65001498,0
2021-11-12,98598983.35001498,0
2021-11-15,98744980.45001498,0
2021-11-16,98720836.15001498,0
2021-11-17,97285580.95001498,0
2021-11-18,97593888.55001497,0
2021-11-19,96970978.24286498,0
2021-11-22,97033448.14286497,0
2021-11-23,97122872.14286497,0
2021-11-24,97492629.60918999,0
2021-11-25,96938094.32118998,0
2021-11-26,95718295.52118999,0
2021-11-29,94377515.42043999,0
2021-11-30,92478154.83498998,0
2021-12-01,92880130.83498998,0
2021-12-02,93083405.73498999,0
2021-12-03,93522482.43498999,0
2021-12-06,93648508.53498998,0
2021-12-07,93331799.14681,0
2021-12-08,93072616.24681,0
2021-12-09,93840580.84681,0
2021-12-10,93790017.04681,0
2021-12-13,93608556.34681,0
2021-12-14,92931593.44681,0
2021-12-15,92724037.24681,0
2021-12-16,92969302.54681,0
2021-12-17,93731225.44681,0
2021-12-20,91979216.212915,0
2021-12-21,92469212.212915,0
2021-12-22,92671698.712915,0
2021-12-23,92519058.712915,0
2021-12-24,92906922.712915,0
2021-12-27,92699747.21291499,0
2021-12-28,93529623.712915,0
2021-12-29,91766375.212915,0
2021-12-30,91806383.389915,0
2022-01-03,91831916.389915,0
2022-01-04,92528619.889915,0
2022-01-05,92495412.994915,0
2022-01-06,92193944.9257,0
2022-01-07,92593393.72569999,0
2022-01-10,93628066.1257,0
2022-01-11,93382168.1257,0
2022-01-12,94303535.9257,0
2022-01-13,94514906.3257,0
2022-01-14,94141886.9257,0
2022-01-17,93241631.3257,0
2022-01-18,93294328.6072,0
2022-01-19,93248030.8072,0
2022-01-20,92757979.0072,0
2022-01-21,92770570.0072,0
2022-01-24,91472808.1672,0
2022-01-25,89726280.82794999,0
2022-01-26,90163598.02794999,0
2022-01-27,89095405.84759,0
2022-01-28,89897980.84759,0
2022-02-03,90640732.84759,0
2022-02-04,91386112.84759,0
2022-02-07,91387210.84759,0
2022-02-08,91431778.84759,0
2022-02-09,92345644.06768,0
2022-02-10,92482055.26767999,0
2022-02-11,91610821.96767999,0
2022-02-14,90720865.96767999,0
2022-02-15,89386188.46767999,0
2022-02-16,90401412.76767999,0
2022-02-17,90726688.96767999,0
2022-02-18,90614385.13393,0
2022-02-21,90044416.03393,0
2022-02-22,89033936.53393,0
2022-02-23,89389773.13393,0
2022-02-24,88580121.77053,0
2022-02-25,88574422.52053,0
2022-02-28,89287510.52053,0
2022-03-02,88617427.23331,0
2022-03-03,89220073.53331,0
2022-03-04,89105036.43331,0
2022-03-07,88389681.06331,0
2022-03-08,87722996.16331,0
2022-03-10,88062052.26331,0
2022-03-11,88764937.86331001,0
2022-03-14,88876689.84419501,0
2022-03-15,88375686.844195,0
2022-03-16,89082276.84419501,0
2022-03-17,89301795.84419501,0
2022-03-18,90200589.84419501,0
2022-03-21,90434940.84419501,0
2022-03-22,91614570.84419501,0
2022-03-23,92749470.84419501,0
2022-03-24,93123501.84419501,0
2022-03-25,92968836.84419501,0
2022-03-28,93661647.84419501,0
2022-03-29,93322661.944195,0
2022-03-30,92732936.944195,0
2022-03-31,93718094.944195,0
2022-04-01,94068500.944195,0
2022-04-04,94469612.944195,0
2022-04-05,93818651.04419501,0
2022-04-06,94318133.04419501,0
2022-04-07,94190756.04419501,0
2022-04-08,94324775.04419501,0
2022-04-11,95113382.04419501,0
2022-04-12,94352721.97199501,0
2022-04-13,94524747.97199501,0
2022-04-14,95074296.97199501,0
2022-04-15,94733268.97199501,0
2022-04-18,94545943.871995,0
2022-04-19,95567902.871995,0
2022-04-20,95794936.871995,0
2022-04-21,95912305.871995,0
2022-04-22,96718894.871995,0
2022-04-25,95874307.871995,0
2022-04-26,95007499.871995,0
2022-04-27,94068196.871995,0
2022-04-28,94660521.97199501,0
2022-04-29,94518768.01199502,0
2022-05-02,94694195.11199501,0
2022-05-03,94539495.01199502,0
2022-05-04,94767312.01199502,0
2022-05-06,94285173.01199502,0
2022-05-09,93269831.48114501,0
2022-05-10,92804303.781145,0
2022-05-11,92171617.62314501,0
2022-05-12,92781214.37002,0
2022-05-13,94227697.97002001,0
2022-05-16,94633627.67002001,0
2022-05-17,95072341.67002001,0
2022-05-18,94781740.67002001,0
2022-05-19,93732698.36602001,0
2022-05-20,94441628.36602001,0
2022-05-23,94773242.36602001,0
2022-05-24,93966713.66602,0
2022-05-25,94805187.86602001,0
2022-05-26,95433873.86602001,0
2022-05-27,96348219.86602001,0
2022-05-30,96388803.56602001,0
2022-05-31,96330366.56602001,0
2022-06-02,96215733.56602001,0
2022-06-03,96210324.56602001,0
2022-06-07,96583122.56602001,0
2022-06-08,96741135.56602001,0
2022-06-09,96594966.56602001,0
2022-06-10,96542262.56602001,0
2022-06-13,94919979.04777,0
2022-06-14,94374814.50703,0
2022-06-15,93136188.42703001,0
2022-06-16,93437760.42703001,0
2022-06-17,92802421.08703001,0
2022-06-20,91203711.86143,0
2022-06-21,91838642.06143,0
2022-06-22,90184333.46518001,0
2022-06-23,88633334.41723,0
2022-06-24,89715263.11723,0
2022-06-27,90585238.21723,0
2022-06-28,91491170.11723,0
2022-06-29,91547240.11723,0
2022-06-30,91129358.57378502,0
2022-07-01,91482284.57378502,0
2022-07-04,91289720.57378502,0
2022-07-05,91934867.57378502,0
2022-07-06,90827051.737285,0
2022-07-07,90866453.737285,0
2022-07-08,91097240.737285,0
2022-07-11,91220585.737285,0
2022-07-12,91568867.41733502,0
2022-07-13,91608472.23841,0
2022-07-14,91685031.63841,0
2022-07-15,90861874.53841001,0
2022-07-18,92831472.33841,0
2022-07-19,92640793.83841,0
2022-07-20,92885521.83841,0
2022-07-21,93553905.93841,0
2022-07-22,93215730.03841001,0
2022-07-25,93381074.43841,0
2022-07-26,94016073.03841001,0
2022-07-27,94302930.03841001,0
2022-07-28,94845220.53841001,0
2022-07-29,95651107.53841001,0
2022-08-01,96160640.73841,0
2022-08-02,96425614.23841,0
2022-08-03,96635590.53841001,0
2022-08-04,96540078.03841001,0
2022-08-05,96669826.53841001,0
2022-08-08,97800046.53841001,0
2022-08-09,97714618.53841001,0
2022-08-10,97455760.53841001,0
2022-08-11,98138442.00006999,0
2022-08-12,98182446.60007,0
2022-08-16,98866848.00006999,0
2022-08-17,98794468.20007,0
2022-08-18,99222576.60007,0
2022-08-19,99240434.40007,0
2022-08-22,98561184.60007,0
2022-08-23,98411839.50006999,0
2022-08-24,98907957.30007,0
2022-08-25,98838822.90006998,0
2022-08-26,98436890.10007,0
2022-08-29,96981703.50006999,0
2022-08-30,98010821.10007,0
2022-08-31,98658576.30007,0
2022-09-01,97284882.45007,0
2022-09-02,97679325.45007,0
2022-09-05,97496949.45007,0
2022-09-06,98181064.65007,0
2022-09-07,97550216.85007,0
2022-09-08,97465053.45007,0
2022-09-13,98316439.70257,0
2022-09-14,96994690.160095,0
2022-09-15,97172314.160095,0
2022-09-16,96351230.660095,0
2022-09-19,95257019.660095,0
2022-09-20,96368519.660095,0
2022-09-21,96796586.660095,0
2022-09-22,97649386.160095,0
2022-09-23,97887539.772595,0
2022-09-26,95309458.52729501,0
2022-09-27,95677306.52729501,0
2022-09-28,92926022.482495,0
2022-09-29,94057884.982495,0
2022-09-30,94032395.651395,0
2022-10-04,94988195.651395,0
2022-10-05,95015330.651395,0
2022-10-06,95285735.651395,0
2022-10-07,94958630.651395,0
2022-10-11,94845460.66664499,0
2022-10-12,94397800.66664499,0
2022-10-13,93891838.66664499,0
2022-10-14,94334278.66664499,0
2022-10-17,94140134.905195,0
2022-10-18,96054578.905195,0
2022-10-19,95455160.905195,0
2022-10-20,95390774.905195,0
2022-10-21,94602086.905195,0
2022-10-24,95497775.905195,0
2022-10-25,95216516.905195,0
2022-10-26,94357042.807195,0
2022-10-27,94974406.807195,0
2022-10-28,95307521.842945,0
2022-10-31,95194598.842945,0
2022-11-01,95536364.842945,0
2022-11-02,95643626.842945,0
2022-11-03,95124263.842945,0
2022-11-04,95929637.842945,0
2022-11-07,96106289.842945,0
2022-11-08,95758925.842945,0
2022-11-09,96290159.842945,0
2022-11-10,96041165.842945,0
2022-11-11,96630629.842945,0
2022-11-14,97439257.162945,0
2022-11-15,97327571.66407001,0
2022-11-16,97916801.66407001,0
2022-11-17,98436845.96407,0
2022-11-18,97989230.96407,0
2022-11-21,99158978.96407,0
2022-11-22,100385709.51907,0
2022-11-23,100699413.51907001,0
2022-11-24,101296884.81907003,0
2022-11-25,103897887.51907001,0
2022-11-28,102207207.81907003,0
2022-11-29,102096195.51907001,0
2022-11-30,103311366.51907,0
2022-12-01,103562916.51906998,0
2022-12-02,103727829.81907001,0
2022-12-05,103685259.81907003,0
2022-12-06,103023525.81907001,0
2022-12-07,103824174.81907003,0
2022-12-08,102355080.82507,0
2022-12-09,103274631.52507,0
2022-12-12,103113006.82506998,0
2022-12-13,103523964.82507001,0
2022-12-14,103881281.52682002,0
2022-12-15,103786736.52682,0
2022-12-16,104605511.52682,0
2022-12-19,104341898.82682002,0
2022-12-20,104552498.82682,0
2022-12-21,104887311.69682002,0
2022-12-22,104919129.39682002,0
2022-12-23,103324641.69682,0
2022-12-26,103856631.69682,0
2022-12-27,104514759.39682002,0
2022-12-28,105471771.69682,0
2022-12-29,103121733.99682003,0
2023-01-02,103106404.53082001,0
2023-01-03,102844189.53082,0
2023-01-04,102896929.53082,0
2023-01-05,102892603.13240503,0
2023-01-06,104119168.13240503,0
2023-01-09,105644713.13240503,0
2023-01-10,106136788.13240501,0
2023-01-11,106068658.13240503,0
2023-01-12,106199068.13240501,0
2023-01-13,106443826.705405,0
2023-01-16,106888291.705405,0
2023-01-17,107715796.70540501,0
2023-01-18,108193561.705405,0
2023-01-19,109587256.705405,0
2023-01-20,109851631.705405,0
2023-01-25,109456261.70540498,0
2023-01-26,109212226.705405,0
2023-01-27,110098843.70540501,0
2023-01-30,109152988.705405,0
2023-01-31,109417858.705405,0
2023-02-01,109202308.705405,0
2023-02-02,107212048.705405,0
2023-02-03,107655343.705405,0
2023-02-06,107713123.705405,0
2023-02-07,107339398.70540501,0
2023-02-08,108215908.70540501,0
2023-02-09,107672713.70540501,0
2023-02-10,108158038.705405,0
2023-02-13,107998963.70540501,0
2023-02-14,108002563.705405,0
2023-02-15,107098541.744455,0
2023-02-16,107251590.34445499,0
2023-02-17,107858215.544455,0
2023-02-20,108194837.14445499,0
2023-02-21,108518669.744455,0
2023-02-22,108398570.144455,0
2023-02-23,109494404.001955,0
2023-02-24,109314112.401955,0
2023-02-27,109446567.201955,0
2023-02-28,109397183.517955,0
2023-03-02,109617064.31795499,0
2023-03-03,108868257.11795498,0
2023-03-06,108719965.91795501,0
2023-03-07,108839208.71795501,0
2023-03-08,108630835.22795498,0
2023-03-09,108301593.62795499,0
2023-03-10,108332226.02795498,0
2023-03-13,108496070.44745499,0
2023-03-14,107837876.32745498,0
2023-03-15,108558797.927455,0
2023-03-16,108501602.47745499,0
2023-03-17,108701936.68442498,0
2023-03-20,107865431.684425,0
2023-03-21,108298826.68442498,0
2023-03-22,108970181.68442498,0
2023-03-23,108574811.68442498,0
2023-03-24,108463436.68442498,0
2023-03-27,108487826.68442498,0
2023-03-28,109203101.68442498,0
2023-03-29,109671281.684425,0
2023-03-30,109464416.684425,0
2023-03-31,110637521.684425,0
2023-04-03,110343266.684425,0
2023-04-04,110198456.68442498,0
2023-04-05,110247281.684425,0
2023-04-06,109842641.684425,0
2023-04-07,109463111.68442498,0
2023-04-10,109749491.68442498,0
2023-04-11,109684736.68442498,0
2023-04-12,109833956.684425,0
2023-04-13,110435876.68442498,0
2023-04-14,111047921.68442498,0
2023-04-17,111132411.158215,0
2023-04-18,110978124.158215,0
2023-04-19,111563102.55821498,0
2023-04-20,111189307.35821497,0
2023-04-21,110032216.95821498,0
2023-04-24,97000369.08971499,0
2023-04-25,96478151.68427499,0
2023-04-26,96504625.364275,0
2023-04-27,96631750.364275,0
2023-04-28,96600250.364275,0
2023-05-02,96723775.364275,0
2023-05-03,96644665.364275,0
2023-05-04,96277960.364275,0
2023-05-08,96565015.364275,0
2023-05-09,96538825.364275,0
2023-05-10,96523300.364275,0
2023-05-11,96322960.364275,0
2023-05-12,95239270.36427498,0
2023-05-15,95025835.364275,0
2023-05-16,95356810.364275,0
2023-05-17,95003830.364275,0
2023-05-18,94665972.572605,0
2023-05-19,94309562.078605,0
2023-05-22,94790084.678605,0
2023-05-23,95559920.37860501,0
2023-05-24,96165018.278605,0
2023-05-25,94979215.178605,0
2023-05-26,94282310.978605,0
2023-05-30,94184693.37860501,0
2023-05-31,93973935.87860501,0
2023-06-01,94353171.57860498,0
2023-06-02,95368507.478605,0
2023-06-05,96420476.978605,0
2023-06-07,96489983.078605,0
2023-06-08,96525131.678605,0
2023-06-09,96786273.87860501,0
2023-06-12,96264727.618555,0
2023-06-13,95923013.818555,0
2023-06-14,95658632.518555,0
2023-06-15,95009719.018555,0
2023-06-16,95486827.91855498,0
2023-06-19,94810322.55155501,0
2023-06-20,93963600.54973,0
2023-06-21,94092250.14973,0
2023-06-22,94643975.34973,0
2023-06-23,93946754.34973,0
2023-06-26,94152715.74972999,0
2023-06-27,93933905.78737,0
2023-06-28,93253433.78737,0
2023-06-29,92654223.68737,0
2023-06-30,93374598.08737,0
2023-07-03,94607515.28737,0
2023-07-04,93611310.68737,0
2023-07-05,93455943.49296999,0
2023-07-06,92606190.49296999,0
2023-07-07,92457830.89297,0
2023-07-10,92839841.29296999,0
2023-07-11,93604097.89297,0
2023-07-12,94105279.99296999,0
2023-07-13,94018951.99296999,0
2023-07-14,95238023.59297,0
2023-07-17,94767544.99296999,0
2023-07-18,94485436.39297,0
2023-07-19,94556758.50126998,0
2023-07-20,94251936.28627,0
2023-07-21,94839063.88626999,0
2023-07-24,95936082.88626999,0
2023-07-25,96628308.88626999,0
2023-07-26,94668337.61001998,0
2023-07-27,94818029.21001999,0
2023-07-28,95930418.41902,0
2023-07-31,97066954.61902,0
2023-08-01,95970307.65201998,0
2023-08-02,94976347.86198999,0
2023-08-03,94282474.86198999,0
2023-08-04,94808317.86198999,0
2023-08-07,94418990.48448999,0
2023-08-08,94339169.48448999,0
2023-08-09,94060943.48448999,0
2023-08-10,95044076.48448999,0
2023-08-11,95453828.48448999,0
2023-08-14,95795333.48448999,0
2023-08-16,94685822.48448999,0
2023-08-17,94327433.48448999,0
2023-08-18,93730069.73741497,0
2023-08-21,93647516.10791498,0
2023-08-22,93841304.10791498,0
2023-08-23,93981875.10791498,0
2023-08-24,94466111.10791498,0
2023-08-25,93678382.36391498,0
2023-08-28,94785086.26391499,0
2023-08-29,95013533.26391499,0
2023-08-30,94407932.26391499,0
2023-08-31,94534580.26391499,0
2023-09-01,93623538.163915,0
2023-09-04,93596439.163915,0
2023-09-05,93426951.163915,0
2023-09-06,93003213.163915,0
2023-09-07,92505931.13291499,0
2023-09-08,92531032.13291499,0
2023-09-11,93098914.13291499,0
2023-09-12,92418679.59116499,0
2023-09-13,92402603.84952997,0
2023-09-14,93040838.84952998,0
2023-09-15,93838310.84952998,0
2023-09-18,92997641.79239498,0
2023-09-19,93479175.092395,0
2023-09-20,93119796.99239498,0
2023-09-21,91568592.092395,0
2023-09-22,91338767.97314498,0
2023-09-25,91204770.57314499,0
2023-09-26,90630298.77314498,0
2023-09-27,90715221.87314498,0
2023-10-04,89145936.426295,0
2023-10-05,89049975.726295,0
2023-10-06,89506705.926295,0
2023-10-10,89095190.82629499,0
2023-10-11,89334700.626295,0
2023-10-12,89731190.226295,0
2023-10-13,89060758.626295,0
2023-10-16,88862643.426295,0
2023-10-17,88989400.32629499,0
2023-10-18,88687306.454995,0
2023-10-19,87687298.75199498,0
2023-10-20,87226907.35199499,0
2023-10-23,87235948.75199498,0
2023-10-24,87173388.483355,0
2023-10-25,88722194.88335499,0
2023-10-26,86997089.283355,0
2023-10-27,86707386.483355,0
2023-10-30,87460196.88335499,0
2023-10-31,86969084.88335499,0
2023-11-01,88215674.88335499,0
2023-11-02,88033540.083355,0
2023-11-03,88377804.483355,0
2023-11-06,91493361.483355,0
2023-11-07,90835475.88335499,0
2023-11-08,89833533.855355,0
2023-11-09,90055977.855355,0
2023-11-10,89467716.25535499,0
2023-11-13,89265087.91760498,0
2023-11-14,89468637.31760499,0
2023-11-15,89946798.31760497,0
2023-11-16,90051281.97260499,0
2023-11-17,89303291.97260499,0
2023-11-20,89898101.97260498,0
2023-11-21,90285722.97260499,0
2023-11-22,90702015.129505,0
2023-11-23,90774603.72950499,0
2023-11-24,90451192.329505,0
2023-11-27,90733353.129505,0
2023-11-28,91308294.72950499,0
2023-11-29,90274236.129505,0
2023-11-30,90426732.129505,0
2023-12-01,90519849.72950499,0
2023-12-04,91047049.92950499,0
2023-12-05,90982390.329505,0
2023-12-06,91137125.52950498,0
2023-12-07,90409445.46950498,0
2023-12-08,90528990.66950499,0
2023-12-11,90317568.06950499,0
2023-12-12,90962423.46950498,0
2023-12-13,90320588.46950498,0
2023-12-14,90346824.700525,0
2023-12-15,90202282.340725,0
2023-12-18,89416987.340725,0
2023-12-19,89549764.340725,0
2023-12-20,90412891.340725,0
2023-12-21,89820850.85267499,0
2023-12-22,89413557.585175,0
2023-12-26,90016053.585175,0
2023-12-27,89592099.585175,0
2023-12-28,91140423.585175,0
2024-01-02,90566349.585175,0
2024-01-03,89120364.585175,0
2024-01-04,88815804.585175,0
2024-01-05,88382580.585175,0
2024-01-08,88355497.53317499,0
2024-01-09,88176712.53317499,0
2024-01-10,88172649.59567499,0
2024-01-11,87676197.892075,0
2024-01-12,87579609.892075,0
2024-01-15,88040373.892075,0
2024-01-16,87467856.892075,0
2024-01-17,86407718.88407499,0
2024-01-18,86934979.654075,0
2024-01-19,87645562.954075,0
2024-01-22,87534853.954075,0
2024-01-23,88034443.954075,0
2024-01-24,87685507.70942499,0
2024-01-25,89086321.70942499,0
2024-01-26,89519266.70942499,0
2024-01-29,90344071.70942499,0
2024-01-30,90192745.70942499,0
2024-01-31,91095328.70942499,0
2024-02-01,92968714.70942499,0
2024-02-02,95719771.70942499,0
2024-02-05,95159359.70942499,0
2024-02-06,94956652.70942499,0
2024-02-07,96501988.70942499,0
2024-02-08,96535873.70942497,0
2024-02-13,96313222.70942499,0
2024-02-14,95433013.70942499,0
2024-02-15,94731189.02942498,0
2024-02-16,96950049.02942498,0
2024-02-19,98376855.02942498,0
2024-02-20,96881852.31692499,0
2024-02-21,97097960.31692499,0
2024-02-22,98045318.31692499,0
2024-02-23,98786693.31692499,0
2024-02-26,97490717.079175,0
2024-02-27,96744806.079175,0
2024-02-28,97623746.079175,0
2024-02-29,97473158.079175,0
2024-03-04,97953106.137175,0
2024-03-05,97714066.137175,0
2024-03-06,97497688.137175,0
2024-03-07,97624417.137175,0
2024-03-08,98538889.137175,0
2024-03-11,97995577.137175,0
2024-03-12,97649386.52117497,0
2024-03-13,97715003.72117499,0
2024-03-14,99486248.72117499,0
2024-03-15,98318111.72117499,0
2024-03-18,98398445.72117499,0
2024-03-19,97584161.72117499,0
2024-03-20,98184596.72117499,0
2024-03-21,100359392.72117499,0
2024-03-22,100430303.72117499,0
2024-03-25,100038155.72117499,0
2024-03-26,100602437.72117499,0
2024-03-27,99957795.183775,0
2024-03-28,99236481.18377501,0
2024-03-29,98189352.671275,0
2024-04-01,97451200.92227499,0
2024-04-02,96735313.92227499,0
2024-04-03,95653023.602275,0
2024-04-04,96724086.602275,0
2024-04-05,96507014.004775,0
2024-04-08,96928394.004775,0
2024-04-09,96524474.004775,0
2024-04-11,95978201.004775,0
2024-04-12,94421055.08777499,0
2024-04-15,94817459.876275,0
2024-04-16,94195532.876275,0
2024-04-17,93540566.876275,0
2024-04-18,94281383.876275,0
2024-04-19,93636384.244525,0
2024-04-22,95202294.244525,0
2024-04-23,95859411.244525,0
2024-04-24,96169722.244525,0
2024-04-25,96178155.244525,0
2024-04-26,96633822.142135,0
2024-04-29,97238160.44213499,0
2024-04-30,96861432.142135,0
2024-05-02,95432587.53413498,0
2024-05-03,95317698.93413499,0
2024-05-07,96448847.73413497,0
2024-05-08,97383430.23413499,0
2024-05-09,96388160.73413499,0
2024-05-10,97628419.23413499,0
2024-05-13,97969697.43413499,0
2024-05-14,97812921.93413499,0
2024-05-16,98506784.134135,0
2024-05-17,97523562.93413499,0
2024-05-20,98172772.53413498,0
2024-05-21,98111365.53413498,0
2024-05-22,97325247.93413499,0
2024-05-23,96573414.93413498,0
2024-05-24,96270433.53413498,0
2024-05-27,96457597.53413498,0
2024-05-28,95931669.748735,0
2024-05-29,95834205.14873499,0
2024-05-30,94974260.647735,0
2024-05-31,96352701.54773499,0
2024-06-03,97031069.347735,0
2024-06-04,96816380.42723499,0
2024-06-05,95756404.240135,0
2024-06-07,96408679.240135,0
2024-06-10,96415406.99213499,0
2024-06-11,96164643.592135,0
2024-06-12,96308893.792135,0
2024-06-13,96225931.792135,0
2024-06-14,95474327.392135,0
2024-06-17,96101770.01513499,0
2024-06-18,96697574.51513499,0
2024-06-19,96986722.01513499,0
2024-06-20,97686391.915135,0
2024-06-21,97264007.51513499,0
2024-06-24,96419339.59613499,0
2024-06-25,96630148.666135,0
2024-06-26,96973693.966135,0
2024-06-27,96238736.766685,0
2024-06-28,97038715.266685,0
2024-07-01,96316985.35666,0
2024-07-02,96666945.85666,0
2024-07-03,97343786.35666,0
2024-07-04,97835820.85666,0
2024-07-05,98432390.35666,0
2024-07-08,97663871.35666,0
2024-07-09,96990437.35666,0
2024-07-10,96896481.85666,0
2024-07-11,97695551.35666,0
2024-07-12,97888360.66066,0
2024-07-15,97800493.66066,0
2024-07-16,98486149.66066,0
2024-07-17,98852130.16066,0
2024-07-18,99028422.16066,0
2024-07-19,98383416.77115999,0
2024-07-22,98523893.27115999,0
2024-07-23,98410965.77115999,0
2024-07-24,98026809.77115998,0
2024-07-25,96867501.77115999,0
2024-07-26,98398928.27115999,0
2024-07-29,99965567.27115999,0
2024-07-30,99000996.20204501,0
2024-07-31,100577589.20204501,0
2024-08-01,100145463.20204501,0
2024-08-02,97517045.381545,0
2024-08-05,92395751.66834502,0
2024-08-06,93574321.954345,0
2024-08-07,93983317.954345,0
2024-08-08,94339506.16634502,0
2024-08-09,94509570.16634502,0
2024-08-12,94602072.16634502,0
2024-08-13,94918692.16634502,0
2024-08-14,94916730.16634502,0
2024-08-16,95135394.16634502,0
2024-08-19,95461014.16634502,0
2024-08-20,96025206.16634502,0
2024-08-21,96068262.16634502,0
2024-08-22,95845152.16634502,0
2024-08-23,96296183.70134501,0
2024-08-26,96615557.70134501,0
2024-08-27,96563177.70134501,0
2024-08-28,96109757.70134501,0
2024-08-29,95710602.79409501,0
2024-08-30,95091294.79409501,0
2024-09-02,95380815.79409501,0
2024-09-03,96194478.79409501,0
2024-09-04,94668852.79409501,0
2024-09-05,94458648.79409501,0
2024-09-06,93992861.55659501,0
2024-09-09,93568457.55659501,0
2024-09-10,94103534.55659501,0
2024-09-11,92319131.55659501,0
2024-09-12,93391391.556595,0
2024-09-13,94863908.55659501,0
2024-09-19,96036077.55659501,0
2024-09-20,95180834.55659501,0
2024-09-23,94474205.92409502,0
2024-09-24,95276123.92409502,0
2024-09-25,92979458.29769501,0
2024-09-26,95326730.29769501,0
2024-09-27,94432679.29769501,0
2024-09-30,93573872.29769501,0
2024-10-02,92892750.868945,0
2024-10-04,93133354.01747501,0
2024-10-07,93303905.817475,0
2024-10-08,92706346.317475,0
2024-10-10,93104085.117475,0
2024-10-11,93472668.813475,0
2024-10-14,94407429.513475,0
2024-10-15,94802088.513475,0
2024-10-16,95314654.713475,0
2024-10-17,95386193.913475,0
2024-10-18,95965739.913475,0
2024-10-21,96016285.713475,0
2024-10-22,96245463.513475,0
2024-10-23,95741355.513475,0
2024-10-24,96077473.11347501,0
2024-10-25,96981806.61347501,0
2024-10-28,96155381.63147502,0
2024-10-29,96313100.33147502,0
2024-10-30,95321143.73147501,0
2024-10-31,94081355.07647501,0
2024-11-01,94448653.176475,0
2024-11-04,94634873.97647502,0
2024-11-05,94354459.09097502,0
2024-11-06,94718207.59097502,0
2024-11-07,93624431.290975,0
2024-11-08,93628241.890975,0
2024-11-11,93464128.096975,0
2024-11-12,92802725.296975,0
2024-11-13,90964228.50847001,0
2024-11-14,91239833.74577501,0
2024-11-15,90989131.54577501,0
2024-11-18,92220468.34577502,0
2024-11-19,92290713.34577502,0
2024-11-20,93095802.94577502,0
2024-11-21,93133224.94577502,0
2024-11-22,93407544.94577502,0
2024-11-25,93300822.94577502,0
2024-11-26,93204450.94577502,0
2024-11-27,94313484.94577502,0
2024-11-28,94519845.94577502,0
2024-11-29,93577041.94577502,0
2024-12-02,94080492.94577502,0
2024-12-03,95997708.94577502,0
2024-12-04,93723766.67422001,0
2024-12-05,91767435.21622,0
2024-12-06,91274137.11622,0
2024-12-09,89192615.41072,0
2024-12-10,89580416.41072,0
2024-12-11,89945860.51072,0
2024-12-12,90767306.71072,0
2024-12-13,91334053.81072001,0
2024-12-16,91151632.81072001,0
2024-12-17,90689111.11072001,0
2024-12-18,91562651.11072001,0
2024-12-19,91079622.91072,0
2024-12-20,90289992.61072001,0
2024-12-23,91365779.71072,0
2024-12-24,91541548.81072001,0
2024-12-26,91094797.81072001,0
2024-12-27,90528312.35872,0
2024-12-30,90584700.95872,0
2025-01-02,91362473.75872001,0
2025-01-03,91546131.35872,0
2025-01-06,91011696.05872001,0
2025-01-07,91847768.93812001,0
2025-01-08,91337950.35937001,0
2025-01-09,91641401.55937001,0
2025-01-10,91903639.95937,0
2025-01-13,92442530.25937001,0
2025-01-14,92667937.95937002,0
2025-01-15,93308519.25937001,0
2025-01-16,93751567.65937,0
2025-01-17,93927214.35937001,0
2025-01-20,93811321.35937001,0
2025-01-21,94462959.15937,0
2025-01-22,94667534.55937,0
2025-01-23,94751232.75937001,0
2025-01-24,95555551.95937002,0
2025-01-31,96899040.45937002,0
2025-02-03,95735424.15937,0
2025-02-04,95700801.15937,0
2025-02-05,96381152.55937001,0
2025-02-06,95687120.25937,0
2025-02-07,95020992.45937002,0
2025-02-10,94700119.05937001,0
2025-02-11,94771055.37681998,0
2025-02-12,94912123.11382,0
2025-02-13,95288339.31382,0
2025-02-14,96154236.51382,0
2025-02-17,96959598.81382,0
2025-02-18,97041498.81382,0
2025-02-19,97413057.51382,0
2025-02-20,97364790.51382,0
2025-02-21,97370779.11382,0
2025-02-24,97409872.41382001,0
2025-02-25,96905090.31382,0
2025-02-26,97187104.41382001,0
2025-02-27,96844209.81382,0
2025-02-28,95155854.72562,0
2025-03-04,95083097.82562,0
2025-03-05,95196738.04912001,0
2025-03-06,95936037.64912,0
2025-03-07,94451990.74912001,0
2025-03-10,94704112.24912001,0
2025-03-11,93745410.64912,0
2025-03-12,94374408.94912001,0
2025-03-13,94617404.18362,0
2025-03-14,94616227.88362001,0
2025-03-17,96086546.18362,0
2025-03-18,95784494.48362,0
2025-03-19,96063367.58362001,0
2025-03-20,96171594.38362001,0
2025-03-21,96239837.78362,0
2025-03-24,96144374.78362,0
2025-03-25,96262169.48362,0
2025-03-26,95387606.91316001,0
2025-03-27,95207202.81316,0
2025-03-28,94538572.04116,0
2025-03-31,93586821.78934,0
2025-04-01,93662043.78934,0
2025-04-02,93937866.78933999,0
2025-04-03,93274707.85534,0
2025-04-04,93125172.85534,0
2025-04-07,90299297.07559,0
2025-04-08,89946131.47759,0
2025-04-09,89430570.97759,0
2025-04-10,90362538.97759,0
2025-04-11,90607447.47997,0
2025-04-14,90792303.33997,0
2025-04-15,91682575.23997,0
2025-04-16,92231293.53997,0
2025-04-17,92260822.53997,0
2025-04-18,93291521.43996999,0
2025-04-21,93747049.23997,0
2025-04-22,93998196.03997,0
2025-04-23,94129326.03997,0
2025-04-24,94491796.53997,0
2025-04-25,94716721.83997,0
2025-04-28,94612513.53997,0
2025-04-29,95538259.83997,0
2025-04-30,96772950.93996999,0
2025-05-02,96767817.33997,0
2025-05-07,96645399.33997,0
2025-05-08,95992810.23997,0
2025-05-09,96229886.43996999,0
2025-05-12,95984760.10834,0
2025-05-13,96430576.90833999,0
2025-05-14,96245436.10834,0
2025-05-15,95493648.61369,0
2025-05-16,95721658.21369,0
2025-05-19,94480266.91969,0
2025-05-20,94605147.31968999,0
2025-05-21,95517696.91969,0
2025-05-22,94797525.46519,0
2025-05-23,95322509.86519,0
2025-05-26,96352158.46519,0
2025-05-27,96431466.46519,0
2025-05-28,97165981.66519,0
2025-05-29,100845021.46519,0
2025-05-30,99859811.26518999,0
2025-06-02,98673148.66519,0
2025-06-04,102504700.66519,0
2025-06-05,103099796.86519,0
2025-06-09,104627186.86518998,0
2025-06-10,104798109.46519,0
2025-06-11,106758066.46519,0
2025-06-12,107914334.26518999,0
2025-06-13,106607222.86519,0
2025-06-16,109869112.53919001,0
2025-06-17,109506496.33234,0
2025-06-18,110029261.33234002,0
2025-06-19,109385088.13234,0
2025-06-20,109926150.13234,0
2025-06-23,111002762.53234,0
2025-06-24,114628414.33234002,0
2025-06-25,116337046.33234002,0
2025-06-26,114992088.13234001,0
2025-06-27,114034326.13234001,0
2025-06-30,114461073.55234002,0
2025-07-01,116112715.75234002,0
2025-07-02,115633350.55234002,0
2025-07-03,116292926.35234001,0
2025-07-04,113824524.96694,0
2025-07-07,114868758.96694,0
2025-07-08,118821814.56694001,0
2025-07-09,122144844.96694,0
2025-07-10,122935421.16694,0
2025-07-11,123382071.36694002,0
2025-07-14,125325268.56694,0
2025-07-15,124396353.36694002,0
2025-07-16,120954325.83652002,0
2025-07-17,120567721.83652003,0
2025-07-18,118657966.83652003,0
2025-07-21,118228671.71902002,0
2025-07-22,118114380.71902002,0
2025-07-23,116776045.28467003,0
2025-07-24,115820586.07867002,0
2025-07-25,115550247.32992001,0
2025-07-28,113147427.32857,0
2025-07-29,113739042.32857,0
2025-07-30,113728485.32857001,0
2025-07-31,114304377.32857,0
2025-08-01,112142677.78657001,0
2025-08-04,113158939.78657001,0
2025-08-05,113596213.78657001,0
2025-08-06,113835451.78657,0
2025-08-07,114460438.78657,0
2025-08-08,114604672.78657001,0
2025-08-11,114784888.78657001,0
2025-08-12,114404890.78657001,0
2025-08-13,114086353.78657001,0
2025-08-14,114717965.25052,0
2025-08-18,112809596.39452001,0
2025-08-19,112081748.39452003,0
2025-08-20,111820091.39452003,0
2025-08-21,111396736.73152001,0
2025-08-22,111625750.73152001,0
2025-08-25,112924936.73152003,0
2025-08-26,112671541.73152003,0
2025-08-27,112834936.73152003,0
2025-08-28,114647716.73152001,0
2025-08-29,114908851.73152001,0
2025-09-01,114111550.73152001,0
2025-09-02,113439385.73152001,0
2025-09-03,113690296.73152003,0
2025-09-04,113753026.73152001,0
2025-09-05,113847814.73152001,0
2025-09-08,114793201.73152001,0
2025-09-09,117387136.73152001,0
2025-09-10,119342395.73152001,0
2025-09-11,118960822.73152003,0
2025-09-12,119303920.73152003,0
2025-09-15,121582080.06157,0
2025-09-16,120757554.06157,0
2025-09-17,121171122.06157002,0
2025-09-18,121613301.06157002,0
2025-09-19,121989348.06157,0
2025-09-22,121330519.09507002,0
2025-09-23,121561639.09507,0
2025-09-24,119682619.09507,0
2025-09-25,118359961.09507,0
2025-09-26,117157435.09507002,0
2025-09-29,118145378.18332,0
2025-09-30,117723638.18332002,0
2025-10-01,116931368.18332002,0
2025-10-02,117791426.18332002,0
2025-10-10,116094749.99572,0
2025-10-13,115637438.75572002,0
2025-10-14,115023820.04947002,0
2025-10-15,116636935.04947,0
2025-10-16,117265900.04947002,0
2025-10-17,115895065.04947002,0
2025-10-20,117617368.04947,0
2025-10-21,116776161.46747,0
2025-10-22,117937989.46747,0
2025-10-23,117713295.46747002,0
2025-10-24,118657080.46747,0
2025-10-27,120402576.46747002,0
2025-10-28,119975832.46747,0
2025-10-29,119403873.46747,0
2025-10-30,119281770.46747002,0
2025-10-31,119727810.46747,0
2025-11-03,121888836.46747002,0
2025-11-04,120741247.16497001,0
2025-11-05,119423301.14647,0
2025-11-06,122492724.14647001,0
2025-11-07,120785213.11447002,0
2025-11-10,124003172.11447,0
2025-11-11,121466867.06197003,0
2025-11-12,124228877.06197001,0
2025-11-13,123759176.06197003,0
2025-11-14,123150443.06197003,0
2025-11-17,122959346.06197001,0
2025-11-18,121025850.31657,0
2025-11-19,121631711.22082004,0
2025-11-20,123603620.22082002,0
2025-11-21,122513297.22082002,0
2025-11-24,121814898.63832003,0
2025-11-25,121114482.63832003,0
2025-11-26,123478971.63832003,0
2025-11-27,122949582.63832003,0
2025-11-28,121823727.63832001,0
2025-12-01,123243909.63832001,0
2025-12-02,125807100.63832001,0
2025-12-03,126208122.63832001,0
2025-12-04,125194731.63832003,0
2025-12-05,126109212.63832003,0
2025-12-08,125834964.63832003,0
2025-12-09,125434230.63832001,0
2025-12-10,124227429.63832003,0
2025-12-11,124984518.63832003,0
2025-12-12,126142458.63832003,0
2025-12-15,125532672.63832001,0
2025-12-16,124458918.63832001,0
2025-12-17,125165067.63832003,0
2025-12-18,123926861.73457001,0
2025-12-19,124634855.73457003,0
2025-12-22,124961725.83757001,0
2025-12-23,125287334.24957001,0
2025-12-24,125195532.76057,0
2025-12-26,124269896.95057,0
2025-12-29,123859510.23357001,0
2025-12-30,123607216.33207001,0
2026-01-02,123487297.78157002,0
2026-01-05,125737687.37657,0
2026-01-06,126609867.73757002,0
2026-01-07,125152313.73757,0
2026-01-08,123723099.77257001,0
2026-01-09,124447718.12257001,0
2026-01-12,124913089.56257,0
2026-01-13,125508937.03257,0
2026-01-14,126730266.40257001,0
2026-01-15,128315931.40257001,0
2026-01-16,128836926.68507001,0
2026-01-19,129634127.82257003,0
2026-01-20,130988741.40757002,0
2026-01-21,131206250.87092002,0
2026-01-22,131714361.87092003,0
2026-01-23,133028643.57792003,0
2026-01-26,131177112.85992002,0
2026-01-27,133728138.85992002,0
2026-01-28,133571558.86292003,0
2026-01-29,135706368.86292005,0
2026-01-30,136424081.14092004,0
2026-02-02,132115235.35692002,0
2026-02-03,139037958.19092003,0
2026-02-04,140891020.19092003,0
2026-02-05,139948571.45592,0
2026-02-06,140415641.16692,0
2026-02-09,145376031.87342,0
2026-02-10,150332409.87342,0
2026-02-11,152221741.11482,0
2026-02-12,155996542.30232,0
2026-02-13,157948385.48232,0
2026-02-19,162138390.48232,0
2026-02-20,165502802.01782003,0
2026-02-23,164813247.01782,0
2026-02-24,162489259.95527,0
2026-02-25,163008260.02227,0
2026-02-26,162758706.78427,0
2026-02-27,159278063.71162003,0
2026-03-03,154237083.80462,0
2026-03-04,141494869.04442,0
2026-03-05,141341832.11942,0
2026-03-06,140490621.14292,0
2026-03-09,140826795.92591998,0
2026-03-10,139571235.13741997,0
2026-03-11,139438985.92741996,0
2026-03-12,139383429.35191995,0
2026-03-13,139209810.41592,0
2026-03-16,139155334.94591996,0
2026-03-17,139222706.59391996,0
2026-03-18,139434656.59391996,0
2026-03-19,139703256.38191995,0
2026-03-20,139738800.08441997,0
