ticker,entry_date,exit_date,pnl,pnl_pct,exit_reason
139670,2020-02-12,2020-02-13,-1033597.4780000006,-0.21776211901767523,TRAIL
082270,2020-02-12,2020-02-17,-573764.895,-0.12108850152720847,TRAIL
101360,2020-02-12,2020-02-18,-590318.6737500001,-0.12440462203828595,TRAIL
214150,2020-02-12,2020-02-21,-673497.1600000001,-0.14193677271138194,TRAIL
143540,2020-02-12,2020-02-21,-457056.875,-0.09622744416608124,TRAIL
032500,2020-02-12,2020-02-24,-421262.51999999955,-0.08961125832305362,TRAIL
088290,2020-02-12,2020-02-24,-598984.6875,-0.12612314020694385,TRAIL
033250,2020-02-12,2020-02-24,-674049.3556500003,-0.14191603843305836,TRAIL
002070,2020-02-12,2020-02-24,-605568.3455000003,-0.12759353980276772,TRAIL
138080,2020-02-12,2020-02-24,-558073.7324999999,-0.11830944253336957,TRAIL
179900,2020-02-12,2020-02-24,-764193.4500000002,-0.16134340245559714,TRAIL
066310,2020-02-12,2020-02-25,318400.40249999985,0.06704076026854827,TRAIL
050760,2020-02-12,2020-02-26,-129889.40550000034,-0.027354211446645346,TRAIL
123040,2020-02-12,2020-02-26,-491016.7259999998,-0.10337551068607546,TRAIL
073110,2020-02-12,2020-02-27,-444574.48000000045,-0.09369225390800588,TRAIL
036540,2020-02-12,2020-02-27,-605702.4749999996,-0.12761835517062348,TRAIL
207760,2020-02-12,2020-02-27,-407697.2938000001,-0.08585136174401982,TRAIL
101490,2020-02-12,2020-02-28,-111870.41249999963,-0.023622833741197547,TRAIL
200350,2020-02-12,2020-02-28,-731135.4575,-0.15393505675160496,TRAIL
078130,2020-02-12,2020-03-12,-606375.5582499998,-0.12769417848046172,TRAIL
032500,2020-03-12,2020-03-13,-549080.7599999998,-0.1288348702022976,TRAIL
18064K,2020-03-12,2020-03-13,-667235.6949999994,-0.15651799050194679,TRAIL
196170,2020-03-12,2020-03-13,-622105.8368000002,-0.14636109182052565,TRAIL
139670,2020-03-12,2020-03-13,-625372.3049999997,-0.14659109005775428,TRAIL
138080,2020-03-12,2020-03-13,-559725.8250000002,-0.13150868668133478,TRAIL
207760,2020-03-12,2020-03-13,-627490.7496000002,-0.14704811954290847,TRAIL
066310,2020-03-12,2020-03-13,-1152859.7999999998,-0.27103882081997455,TRAIL
078130,2020-03-12,2020-03-13,-658165.4100000001,-0.1543649359449651,TRAIL
089010,2020-03-12,2020-03-13,-615100.2299999995,-0.1442035575438055,TRAIL
078070,2020-03-12,2020-03-13,-1131549.17,-0.2656285271937272,TRAIL
021050,2020-03-12,2020-03-16,-568571.0635000002,-0.13327121509009413,TRAIL
214150,2020-03-12,2020-03-16,-660807.2385000004,-0.15516489370557202,TRAIL
036540,2020-03-12,2020-03-16,-620339.4165000003,-0.14539292533742756,TRAIL
083450,2020-03-12,2020-03-16,-1023833.2180000003,-0.24026905111561625,TRAIL
101490,2020-03-12,2020-03-16,-725167.1699999999,-0.17007940868001795,TRAIL
088290,2020-03-12,2020-03-18,-595618.9540000004,-0.1397873070968387,TRAIL
200350,2020-03-12,2020-03-18,-583790.3999999999,-0.13688258502721867,TRAIL
101360,2020-03-12,2020-03-19,-261560.91995,-0.0613422989465583,TRAIL
258610,2020-03-12,2020-03-20,-442767.3499999996,-0.10405598617352119,TRAIL
107640,2020-03-12,2020-04-10,-17466.0,-0.004095290416021575,REBAL
096530,2020-04-10,2020-04-14,-462012.56999999983,-0.12753578627707096,TRAIL
18064K,2020-04-10,2020-04-20,-90592.38000000035,-0.025039658651226267,TRAIL
258610,2020-04-10,2020-04-20,64866.314999999944,0.017712841910634873,TRAIL
101360,2020-04-10,2020-04-22,43087.34819999989,0.011763064832130918,TRAIL
088290,2020-04-10,2020-04-24,-486677.5549999997,-0.13311021870303688,TRAIL
078130,2020-04-10,2020-04-24,308528.42799999984,0.08426594074854578,TRAIL
200350,2020-04-10,2020-04-29,-341046.4415000002,-0.09310532348170604,TRAIL
051380,2020-04-10,2020-05-04,-514938.2009999999,-0.14061256521292645,TRAIL
256940,2020-04-10,2020-05-15,2558012.0456000003,0.6995441214342193,TRAIL
083450,2020-04-10,2020-05-15,748173.4024,0.20458437580348265,REBAL
196170,2020-04-10,2020-05-15,3451266.5760000004,0.9469403291708781,REBAL
138080,2020-04-10,2020-05-15,-28404.674999999814,-0.007783826377443666,REBAL
230240,2020-04-10,2020-05-15,356688.50985000003,0.09814769676434124,REBAL
078070,2020-04-10,2020-05-15,437332.14000000013,0.11996204364980277,REBAL
033640,2020-04-10,2020-05-15,-67844.39500000002,-0.01864584623786542,REBAL
070590,2020-05-15,2020-05-18,-975469.878,-0.2391170507898218,TRAIL
096530,2020-05-15,2020-05-19,-709302.4098999999,-0.17585479058234163,TRAIL
084650,2020-05-15,2020-05-19,-601344.5573999998,-0.14730441989516663,TRAIL
019175,2020-05-15,2020-05-19,-571284.9925000002,-0.1402967003700668,TRAIL
078590,2020-05-15,2020-05-25,-361892.6973000001,-0.08865042868862245,TRAIL
101490,2020-04-10,2020-05-28,2109847.0250000004,0.577328846393122,TRAIL
058110,2020-05-15,2020-05-28,-505886.7947499999,-0.12397444217105598,TRAIL
101360,2020-05-15,2020-06-03,1137630.85695,0.27889798098465834,TRAIL
060250,2020-05-15,2020-06-05,-525499.5213000001,-0.12901361474825215,TRAIL
088290,2020-05-15,2020-06-11,779548.1099999999,0.1912117920145479,TRAIL
036540,2020-04-10,2020-06-12,-85293.7200000002,-0.023284205822263992,TRAIL
258610,2020-05-15,2020-06-12,-83144.22900000028,-0.02038821000021761,TRAIL
032500,2020-04-10,2020-06-15,-297120.45999999996,-0.08246156264558052,TRAIL
066310,2020-04-10,2020-06-15,404505.8625000003,0.1104164009298715,TRAIL
180640,2020-05-15,2020-06-15,293663.355,0.07280368083033624,TRAIL
18064K,2020-05-15,2020-06-15,-7983.555000000168,-0.00196273215138783,TRAIL
011000,2020-05-15,2020-06-15,28588.19039999973,0.007007326190265744,TRAIL
078130,2020-05-15,2020-06-15,-499279.7744999998,-0.1223083697650141,TRAIL
019170,2020-05-15,2020-06-17,1470429.475,0.3612248951089425,TRAIL
084650,2020-06-15,2020-06-18,-660883.2268499997,-0.15910093156649374,TRAIL
109820,2020-06-15,2020-06-18,-942940.4850000003,-0.22741937680758045,TRAIL
041920,2020-06-15,2020-06-19,-543141.3200000003,-0.13094973645825161,TRAIL
088290,2020-06-15,2020-06-22,-351242.5079999999,-0.08465661978264744,TRAIL
131370,2020-06-15,2020-06-22,399858.88800000027,0.09639509443657872,TRAIL
225220,2020-06-15,2020-06-23,-304032.6132,-0.07330205510822517,TRAIL
196170,2020-06-15,2020-06-24,858560.3397000004,0.2090692188340411,TRAIL
256940,2020-06-15,2020-06-25,-567578.4624999999,-0.13707120334342776,TRAIL
019175,2020-06-15,2020-06-29,-104716.04000000004,-0.025262234296658744,TRAIL
290650,2020-06-15,2020-07-01,-546536.3650000002,-0.1316362205262314,TRAIL
058110,2020-06-15,2020-07-01,-530781.8868,-0.12812033329053563,TRAIL
023770,2020-06-15,2020-07-14,-34300.08250000002,-0.008262255728088435,REBAL
066310,2020-06-15,2020-07-14,-133636.22999999998,-0.03222819181669893,REBAL
253840,2020-07-14,2020-07-16,-560267.1925000004,-0.12731739855098848,TRAIL
207760,2020-04-10,2020-07-20,2427472.7191000003,0.6627176305342595,TRAIL
101490,2020-06-15,2020-07-20,764638.5050000004,0.1847553595375044,TRAIL
290650,2020-07-14,2020-07-20,-719985.3312499998,-0.16437903981849442,TRAIL
109820,2020-07-14,2020-07-21,1251023.2800000003,0.28428115747698235,TRAIL
007575,2020-07-14,2020-07-23,2049416.6399999997,0.46456574938820344,TRAIL
225220,2020-07-14,2020-07-24,-2450815.9059999995,-0.5564305683020673,TRAIL
019170,2020-07-14,2020-07-24,3481749.0,0.7967353007958373,TRAIL
101360,2020-06-15,2020-07-28,4009066.6500000004,0.9659341270382286,TRAIL
088290,2020-07-14,2020-07-29,-549750.5324999997,-0.12456763431730923,TRAIL
256940,2020-07-14,2020-08-07,-323047.02499999944,-0.07329712824209851,TRAIL
084650,2020-07-14,2020-08-11,2794440.6472499995,0.6335657044591768,TRAIL
060250,2020-06-15,2020-08-12,1168382.6582999998,0.28126284838605986,REBAL
078590,2020-06-15,2020-08-12,2139549.2280000006,0.5150498175932721,REBAL
094860,2020-07-14,2020-08-12,1076145.3319999995,0.24406457164424833,REBAL
006405,2020-07-14,2020-08-12,1150782.2131000003,0.26598100830440724,REBAL
096530,2020-06-15,2020-08-13,5752040.5404,1.3952839539909323,TRAIL
084650,2020-08-12,2020-08-13,-754774.0039999997,-0.14859503429094115,TRAIL
007575,2020-08-12,2020-08-13,-916812.54,-0.18169829695849773,TRAIL
196170,2020-07-14,2020-08-14,1022491.0639999993,0.23494441984817693,TRAIL
058110,2020-07-14,2020-08-14,672633.3951999997,0.18809175946235163,TRAIL
109820,2020-08-12,2020-08-14,-83607.29999999981,-0.016466777491598913,TRAIL
253840,2020-08-12,2020-08-14,-915625.9199999999,-0.18137675704353606,TRAIL
256940,2020-08-12,2020-08-18,-763174.8499999996,-0.15046745234334974,TRAIL
083450,2020-08-12,2020-08-18,-620528.9749999996,-0.12215533827072451,TRAIL
225220,2020-08-12,2020-08-20,-698652.7289999994,-0.13756814855592234,TRAIL
106240,2020-08-12,2020-08-20,-729603.9347999999,-0.14358837503616909,TRAIL
214610,2020-08-12,2020-08-24,-665090.6021999996,-0.13099368750876147,TRAIL
131290,2020-08-12,2020-08-26,-562031.7349999994,-0.11101389011804086,TRAIL
036810,2020-08-12,2020-08-26,-629100.6471000006,-0.1239435166210752,TRAIL
205470,2020-08-12,2020-09-03,-730221.6112500001,-0.1438029260081314,TRAIL
101360,2020-08-12,2020-09-04,-581946.4978,-0.11487190459950068,TRAIL
019175,2020-08-12,2020-09-08,1020469.3999999994,0.20434988135736915,TRAIL
101490,2020-08-12,2020-09-09,-640564.3499999996,-0.126131753734846,TRAIL
285130,2020-09-11,2020-09-21,-451474.5669999998,-0.09683317464252336,TRAIL
253840,2020-09-11,2020-09-21,172202.58999999985,0.03556463164705718,TRAIL
101360,2020-09-11,2020-09-21,-744200.5636,-0.15275691834009483,TRAIL
28513K,2020-09-11,2020-09-21,-542358.2015000004,-0.11234546110140035,TRAIL
019170,2020-08-12,2020-09-22,5908518.990000001,1.1781315123971072,TRAIL
084650,2020-09-11,2020-09-22,-690932.5184000004,-0.14177796916035046,TRAIL
196170,2020-09-11,2020-09-22,-432341.15219999943,-0.08896651491371708,TRAIL
007575,2020-09-11,2020-09-22,-42082.875,-0.008770899381204572,TRAIL
078590,2020-09-11,2020-09-22,-642703.9484999999,-0.1317582431210819,TRAIL
005257,2020-09-11,2020-09-22,-619912.2999999998,-0.1289463181481238,TRAIL
019175,2020-09-11,2020-09-22,-363313.75,-0.07696636672704439,TRAIL
127120,2020-09-11,2020-09-23,-565046.3054999998,-0.11581142440211059,TRAIL
205470,2020-09-11,2020-09-24,-576048.2021000003,-0.11806372340682394,TRAIL
109820,2020-09-11,2020-09-24,-691853.5750000002,-0.14208208752705476,TRAIL
950130,2020-09-11,2020-09-24,-621239.2320000008,-0.1277546149378286,TRAIL
131290,2020-09-11,2020-09-24,-437846.9625000004,-0.09040703191329978,TRAIL
058110,2020-09-11,2020-09-24,-876651.7847499996,-0.1797636244121493,TRAIL
256940,2020-09-11,2020-10-15,1610799.7800000003,0.33024414780145694,TRAIL
290650,2020-08-12,2020-10-19,-104462.12000000011,-0.020656898668526782,TRAIL
950130,2020-10-16,2020-10-19,-686137.952,-0.14795469062603842,TRAIL
018000,2020-10-16,2020-10-19,-950622.8589000003,-0.20471316476617935,TRAIL
253840,2020-10-16,2020-10-19,-747099.915,-0.16141936772711382,TRAIL
011000,2020-10-16,2020-10-20,-595656.2943499996,-0.12835191139248261,TRAIL
005257,2020-10-16,2020-10-21,184579.2000000002,0.04016714112104417,TRAIL
084650,2020-10-16,2020-10-22,-610116.1896000002,-0.13149754142775377,TRAIL
285130,2020-10-16,2020-10-22,-656755.53045,-0.14556482475367208,TRAIL
127120,2020-10-16,2020-10-22,-730762.7501999997,-0.15793524891281202,TRAIL
096530,2020-09-11,2020-10-26,-97545.57440000027,-0.020489700601121246,TRAIL
205470,2020-10-16,2020-10-26,-873024.4194499999,-0.18801279805407076,TRAIL
196170,2020-10-16,2020-10-26,-611206.1942000003,-0.1318761988866228,TRAIL
007575,2020-10-16,2020-11-10,-577003.0,-0.1266681777494343,TRAIL
058110,2020-10-16,2020-11-10,73356.57209999952,0.01582786362430305,TRAIL
019175,2020-10-16,2020-11-11,-449421.6000000001,-0.09844415763976692,TRAIL
019170,2020-10-16,2020-11-12,-701215.6749999998,-0.1532793967099778,TRAIL
009835,2020-10-16,2020-11-16,-200332.0451999996,-0.04335151609316247,TRAIL
205470,2020-11-16,2020-11-17,-531961.3207999999,-0.12579597978453808,TRAIL
084650,2020-11-16,2020-11-17,-620055.1644000001,-0.14662391123770885,TRAIL
290650,2020-11-16,2020-11-18,-597887.1600000001,-0.1423125487473792,TRAIL
101360,2020-10-16,2020-11-19,-38127.367800000124,-0.008219776311081086,TRAIL
096530,2020-11-16,2020-11-24,-817951.9158000001,-0.1964253416104002,TRAIL
950130,2020-11-16,2020-11-25,-695378.1047999999,-0.1647218519215722,TRAIL
109820,2020-11-16,2020-11-26,1847765.3424999993,0.4382544441138347,TRAIL
127120,2020-11-16,2020-12-02,-256573.5,-0.06080160839945095,TRAIL
285130,2020-11-16,2020-12-04,-106263.4192499998,-0.026448027621266926,TRAIL
009835,2020-11-16,2020-12-04,-571580.5446000001,-0.13703920899862038,TRAIL
270660,2020-10-16,2020-12-07,2193677.74,0.4734363053466432,TRAIL
28513K,2020-10-16,2020-12-08,-204372.58320000023,-0.04468616134945007,TRAIL
005257,2020-11-16,2020-12-09,-268033.7999999998,-0.06542666549304073,TRAIL
019170,2020-11-16,2020-12-11,1035972.2999999998,0.25085631523747687,TRAIL
019175,2020-11-16,2020-12-11,678347.4249999998,0.16250586917981122,TRAIL
058970,2020-11-16,2020-12-15,130269.59999999963,0.03084873448166179,REBAL
005257,2020-12-15,2020-12-18,-711484.5499999998,-0.1661408024839231,TRAIL
011000,2020-11-16,2020-12-21,-467460.9051000001,-0.11061486834119114,TRAIL
019170,2020-12-15,2020-12-21,-976164.7999999998,-0.2351202073728065,TRAIL
019175,2020-12-15,2020-12-21,-946076.625,-0.22363977911025323,TRAIL
018000,2020-11-16,2020-12-22,-460504.8994500004,-0.10891608313805469,TRAIL
058110,2020-11-16,2020-12-22,709553.7278000005,0.1681054218262156,TRAIL
205470,2020-12-15,2020-12-22,823572.2346999999,0.19184138412278942,TRAIL
101360,2020-12-15,2020-12-22,406239.8093999997,0.09466525995105621,TRAIL
196170,2020-11-16,2020-12-23,-306487.00705000013,-0.0725286686183993,TRAIL
122450,2020-12-15,2020-12-23,-580868.1112500005,-0.13546995423348268,TRAIL
096530,2020-12-15,2020-12-23,-653212.1606000001,-0.15529510640564445,TRAIL
001470,2020-12-15,2020-12-24,-569723.4104999998,-0.1326649557926417,TRAIL
950130,2020-12-15,2020-12-28,-839381.7557500005,-0.1963343973833865,TRAIL
009835,2020-12-15,2020-12-28,-519182.6039999998,-0.12228500043286379,TRAIL
336260,2020-12-15,2020-12-28,-293077.7549999994,-0.06900528079858988,TRAIL
109820,2020-12-15,2021-01-06,-307404.98999999976,-0.07168163797261887,TRAIL
285130,2020-12-15,2021-01-15,-288787.1183500001,-0.0680900179814141,TRAIL
131290,2020-12-15,2021-01-18,778152.7650000006,0.18321639611653318,REBAL
019170,2021-01-18,2021-01-19,-634103.2250000001,-0.1580473721595711,TRAIL
019175,2021-01-18,2021-01-19,-599278.2250000001,-0.14871797432952108,TRAIL
950130,2021-01-18,2021-01-22,-592643.6930999998,-0.14671839203524964,TRAIL
082850,2021-01-18,2021-01-27,506561.28000000026,0.12503970139643936,TRAIL
080580,2021-01-18,2021-01-27,-201911.9049999998,-0.04993190884875694,TRAIL
109820,2021-01-18,2021-01-28,-272118.3700000001,-0.06723622301212398,TRAIL
011000,2021-01-18,2021-01-28,-444425.96800000034,-0.10982787022380529,TRAIL
196170,2021-01-18,2021-01-29,-426795.5835500001,-0.10556975191238333,TRAIL
001470,2021-01-18,2021-02-01,-273857.94449999975,-0.06760617420224538,TRAIL
005257,2021-01-18,2021-02-05,-509843.3999999999,-0.12806683102813504,TRAIL
131370,2021-01-18,2021-02-08,-428952.0800000001,-0.10600181883856823,TRAIL
28513K,2020-12-15,2021-02-10,514826.65079999994,0.12112432981709127,TRAIL
285130,2021-01-18,2021-02-10,515091.2526499997,0.12831901408396343,TRAIL
068760,2021-01-18,2021-02-16,-416339.70429999987,-0.1044925307217011,TRAIL
270660,2020-12-15,2021-02-17,-2184217.5075000003,-0.511777748692452,TRAIL
122450,2021-01-18,2021-02-18,2842158.0799999996,0.701862478403001,REBAL
023960,2021-02-18,2021-02-19,-520058.73900000006,-0.13204138157785217,TRAIL
096530,2021-01-18,2021-02-22,-589518.1776,-0.14802126109906083,TRAIL
109820,2021-02-18,2021-02-22,-569475.75,-0.14473832192215594,TRAIL
101360,2021-01-18,2021-02-23,-452754.86269999994,-0.11253927315684664,TRAIL
336260,2021-01-18,2021-02-23,226030.08000000007,0.05626257077088623,TRAIL
950130,2021-02-18,2021-02-23,-497337.08400000026,-0.12634178806439988,TRAIL
080580,2021-02-18,2021-02-24,-528299.0575000001,-0.13467720163769709,TRAIL
009835,2021-02-18,2021-02-24,-506965.7601000001,-0.12857181066418172,TRAIL
156100,2021-02-18,2021-02-26,-523510.1777499998,-0.1331922639736214,TRAIL
058110,2021-01-18,2021-03-03,-22165.50524999993,-0.005485796597071245,TRAIL
005257,2021-02-18,2021-03-04,-521654.25,-0.13228104511494948,TRAIL
050960,2021-02-18,2021-03-04,-1162126.2025000001,-0.29621090448954,TRAIL
011000,2021-02-18,2021-03-05,-533965.5216000001,-0.13560639766911015,TRAIL
045340,2021-02-18,2021-03-05,-470181.86999999965,-0.1194105725783769,TRAIL
270660,2021-02-18,2021-03-08,-560432.5999999996,-0.14305873826494872,TRAIL
025950,2021-02-18,2021-03-10,-248.83499999996275,-6.328754321193646e-05,TRAIL
001470,2021-02-18,2021-03-10,118458.0,0.03005001391257197,TRAIL
045340,2021-03-22,2021-03-23,-482369.3849999998,-0.13037715560822627,TRAIL
019170,2021-02-18,2021-03-25,796503.25,0.20269766201988731,TRAIL
019175,2021-02-18,2021-03-25,751615.5,0.19103107761951618,TRAIL
28513K,2021-03-22,2021-03-29,-524559.125,-0.14280878416010856,TRAIL
194480,2021-03-22,2021-03-30,790807.2000000002,0.21868737994495704,TRAIL
285130,2021-03-22,2021-03-31,-514321.57349999994,-0.13974232132427514,TRAIL
011000,2021-03-22,2021-04-01,-493007.4959,-0.13327364537430736,TRAIL
156100,2021-03-22,2021-04-05,-58822.85509999981,-0.015896511393729745,TRAIL
004140,2021-03-22,2021-04-07,-511889.83779999986,-0.13817609313116605,TRAIL
050960,2021-03-22,2021-04-16,1730434.9674999998,0.4677547231973552,TRAIL
270660,2021-03-22,2021-04-20,569630.9850000003,0.1540939935648591,REBAL
950130,2021-03-22,2021-04-20,1182665.0992,0.319758950957727,REBAL
101360,2021-03-22,2021-04-20,428486.0934000001,0.11598467799281954,REBAL
058110,2021-03-22,2021-04-20,1390711.5,0.3764536636526531,REBAL
148780,2021-03-22,2021-04-20,375363.07200000016,0.10138994362091076,REBAL
025950,2021-03-22,2021-04-23,1454937.9200000004,0.3942665934175699,TRAIL
045340,2021-04-20,2021-04-26,-496442.99250000017,-0.1253913768397113,TRAIL
019170,2021-04-20,2021-04-27,-754724.0999999996,-0.19426804903004752,TRAIL
019175,2021-04-20,2021-04-27,-537048.3300000001,-0.13754652150027472,TRAIL
080580,2021-03-22,2021-04-28,-71711.41999999993,-0.019476058131604235,TRAIL
336260,2021-03-22,2021-04-28,-364540.8300000001,-0.09838212682633908,TRAIL
194480,2021-04-20,2021-04-28,-326934.2999999998,-0.08444757109618736,TRAIL
005257,2021-03-22,2021-04-29,70717.00499999989,0.01914248614093789,TRAIL
121850,2021-04-20,2021-04-30,-635131.935,-0.16076456448826615,TRAIL
089150,2021-04-20,2021-05-03,-235640.54249999998,-0.059423329837353704,TRAIL
139670,2021-04-20,2021-05-06,-529327.9199999999,-0.1350911881353307,TRAIL
285490,2021-04-20,2021-05-13,142430.98274999997,0.03606215755107432,TRAIL
009835,2021-04-20,2021-05-17,-522486.73659999995,-0.132795902037383,TRAIL
027360,2021-04-20,2021-05-21,207368.86250000028,0.05235861027260518,REBAL
037270,2021-04-20,2021-05-21,271464.6150000002,0.0685227613244769,REBAL
013720,2021-04-20,2021-05-21,6144471.766,1.551340614781551,REBAL
001470,2021-04-20,2021-05-21,-183149.5499999998,-0.0461757711026685,REBAL
217270,2021-04-20,2021-05-21,-161136.92250000034,-0.04069527007191255,REBAL
217330,2021-02-18,2021-05-24,-730611.28725,-0.18583875092456864,TRAIL
003535,2021-05-21,2021-05-24,-505832.2575000003,-0.12531964645152463,TRAIL
004830,2021-05-21,2021-05-24,-602767.8999999999,-0.14958397842481144,TRAIL
156100,2021-05-21,2021-05-26,-584877.2453999999,-0.14486052633809857,TRAIL
033310,2021-05-21,2021-05-31,94418.98344999971,0.023409504524679575,TRAIL
011200,2021-04-20,2021-06-07,1019105.23,0.25712561701584163,TRAIL
194480,2021-05-21,2021-06-07,-107289.95999999996,-0.02685882663508393,TRAIL
000225,2021-05-21,2021-06-07,-421856.21499999985,-0.10435415379695896,TRAIL
080580,2021-05-21,2021-06-09,-191058.0,-0.04720804840666999,TRAIL
270660,2021-05-21,2021-06-11,154500.18500000006,0.03836106139328324,TRAIL
050960,2021-05-21,2021-06-18,-194289.26249999972,-0.04832383035160401,TRAIL
285490,2021-05-21,2021-06-21,-121054.91500000004,-0.030110780625788085,REBAL
009835,2021-05-21,2021-06-21,198274.68434999976,0.04939416214058056,REBAL
208640,2021-05-21,2021-06-21,664671.1320000002,0.1640444657475073,REBAL
101360,2021-05-21,2021-06-21,-2324.679999999702,-0.0005761925022971959,REBAL
336260,2021-05-21,2021-06-21,936187.3849999998,0.23244724109296228,REBAL
045340,2021-05-21,2021-06-24,-112116.27749999985,-0.027744742622501237,TRAIL
004835,2021-06-21,2021-06-29,327394.61750000017,0.0825668883066927,TRAIL
080580,2021-06-21,2021-06-30,-555418.5,-0.14028738745314684,TRAIL
004830,2021-06-21,2021-06-30,-204248.46999999974,-0.051617714317331684,TRAIL
100090,2021-05-21,2021-07-01,-309967.11499999976,-0.07676941787214968,TRAIL
038620,2021-06-21,2021-07-05,-265944.31440000003,-0.06706760712857586,TRAIL
015020,2021-06-21,2021-07-05,1284751.1512499996,0.3240876754560077,TRAIL
025950,2021-05-21,2021-07-07,-227668.01750000007,-0.056361281854112065,TRAIL
058970,2021-05-21,2021-07-09,-444499.5,-0.10988736579307423,TRAIL
194480,2021-06-21,2021-07-09,-453392.145,-0.11614766047436616,TRAIL
003535,2021-06-21,2021-07-09,-435714.0375000001,-0.11011095304915479,TRAIL
206650,2021-06-21,2021-07-13,165259.90000000037,0.041768742262188054,TRAIL
001230,2021-06-21,2021-07-19,-147886.42110000039,-0.037417187857537004,TRAIL
014940,2021-06-21,2021-07-20,-469958.73900000006,-0.11850242277877618,REBAL
027360,2021-06-21,2021-07-20,-137105.33000000007,-0.034568035354613426,REBAL
005257,2021-06-21,2021-07-20,-401836.0499999998,-0.10299575811142817,REBAL
148780,2021-06-21,2021-07-20,-199163.787,-0.05027000824710171,REBAL
011200,2021-06-21,2021-07-21,-195631.19999999972,-0.049570391310267095,TRAIL
033310,2021-06-21,2021-07-22,-399112.08895000024,-0.10081922612994598,TRAIL
000325,2021-07-20,2021-07-23,-476592.95999999996,-0.1254600220499114,TRAIL
024940,2021-07-20,2021-07-26,-541838.5700000003,-0.14228302523867895,TRAIL
013720,2021-06-21,2021-07-30,-403767.1950000003,-0.10198336016145543,TRAIL
015020,2021-07-20,2021-08-02,-157825.58250000002,-0.04144171702542077,TRAIL
038620,2021-07-20,2021-08-03,78135.63615000015,0.020506782935908636,TRAIL
034020,2021-07-20,2021-08-03,-600501.608,-0.15853274844640383,TRAIL
003535,2021-07-20,2021-08-03,-158696.48249999993,-0.041741172908886716,TRAIL
004830,2021-07-20,2021-08-03,801041.6699999999,0.21106930733360338,TRAIL
053290,2021-07-20,2021-08-06,94589.10499999998,0.02485542788583826,TRAIL
298020,2021-07-20,2021-08-11,-305406.6000000001,-0.08765970857651634,TRAIL
194480,2021-07-20,2021-08-12,-675690.3899999997,-0.17917442885886703,TRAIL
058970,2021-07-20,2021-08-13,-1615087.2125,-0.42481421875047776,TRAIL
950130,2021-07-20,2021-08-17,-381524.8709999998,-0.10054589058276096,TRAIL
080580,2021-07-20,2021-08-17,-489061.24750000006,-0.12911311566166994,TRAIL
048910,2021-07-20,2021-08-19,-458335.8374999999,-0.12035420869375743,TRAIL
025950,2021-07-20,2021-08-19,-169840.10999999987,-0.04488319661058721,REBAL
045340,2021-07-20,2021-08-19,-244513.95500000007,-0.06422538608901651,REBAL
189330,2021-08-19,2021-08-20,-569632.06635,-0.16335965046752007,TRAIL
013720,2021-08-19,2021-08-30,-560393.2619999996,-0.1588374564469982,TRAIL
003535,2021-08-19,2021-08-30,557143.9650000003,0.157739224891375,TRAIL
011000,2021-08-19,2021-09-02,-492413.0422,-0.13950522049504543,TRAIL
185490,2021-08-19,2021-09-06,343257.6657499997,0.09806132243661879,TRAIL
222160,2021-07-20,2021-09-10,-456167.92650000006,-0.11974149682768988,TRAIL
027360,2021-08-19,2021-09-13,-537128.8314999999,-0.15206777648108677,TRAIL
015020,2021-08-19,2021-09-14,173977.65000000037,0.04925674759740595,TRAIL
034020,2021-08-19,2021-09-17,222657.7144000004,0.06324878399450734,REBAL
950130,2021-08-19,2021-09-17,-200878.5384999998,-0.0569700065978131,REBAL
241840,2021-08-19,2021-09-17,613728.3599999999,0.17438225610440464,REBAL
148780,2021-08-19,2021-09-17,1512296.0639999998,0.4286988330766556,REBAL
206650,2021-08-19,2021-09-17,349947.06000000006,0.09969626740662631,REBAL
047920,2021-09-17,2021-09-27,-532199.5,-0.13857877309706976,TRAIL
298020,2021-08-19,2021-09-28,-431421.7999999998,-0.13954865117550047,TRAIL
003580,2021-09-17,2021-09-28,-296887.5,-0.07734649753722186,TRAIL
053290,2021-08-19,2021-09-29,-413979.90249999985,-0.11763491528715914,TRAIL
011200,2021-08-19,2021-09-29,-322331.7375000003,-0.09171515953679299,TRAIL
194480,2021-08-19,2021-09-30,4605077.1,1.3046821376655784,TRAIL
256840,2021-09-17,2021-09-30,220125.70349999983,0.05762927292253937,TRAIL
080580,2021-08-19,2021-10-01,676558.3325000005,0.1917817022272729,TRAIL
063170,2021-09-17,2021-10-01,-408515.2050000001,-0.10603829218446033,TRAIL
246710,2021-09-17,2021-10-05,-643662.9652499999,-0.16766366768774435,TRAIL
065350,2021-09-17,2021-10-05,-249371.88000000035,-0.0647875441856824,TRAIL
015020,2021-09-17,2021-10-05,-560574.4245000002,-0.14533268559338583,TRAIL
058430,2021-08-19,2021-10-06,-590375.7899999996,-0.1693073895253016,TRAIL
001530,2021-09-17,2021-10-06,-503328.0528500001,-0.131043276866146,TRAIL
208640,2021-09-17,2021-10-06,-480531.3250000002,-0.12450180243539606,TRAIL
048910,2021-08-19,2021-10-12,128270.86500000022,0.03646191495165182,TRAIL
023960,2021-09-17,2021-10-12,-268167.19299999997,-0.06953461424905506,TRAIL
217330,2021-09-17,2021-10-25,298969.68960000016,0.07775170731223584,REBAL
003580,2021-10-25,2021-10-27,-632810.0099999998,-0.17007940868001792,TRAIL
039240,2021-10-25,2021-10-29,-485892.3999999999,-0.13018623004146088,TRAIL
256840,2021-10-25,2021-10-29,-239782.77009999985,-0.06432021966033992,TRAIL
194480,2021-10-25,2021-11-03,-200285.09999999963,-0.055294371671582555,TRAIL
006110,2021-10-25,2021-11-03,-452649.2624999997,-0.12200750557623753,TRAIL
344860,2021-09-17,2021-11-04,2026098.7425000002,0.5248301773534598,TRAIL
189860,2021-10-25,2021-11-04,-1061945.0074999998,-0.28439959609363136,TRAIL
222160,2021-09-17,2021-11-05,-347456.33999999985,-0.09007267541607723,TRAIL
298050,2021-10-25,2021-11-05,-378744.75,-0.1046499844680692,TRAIL
048910,2021-10-25,2021-11-08,-865292.96,-0.23300865827284092,TRAIL
053290,2021-10-25,2021-11-08,137027.9125000001,0.03674622764262741,TRAIL
018470,2021-10-25,2021-11-10,-407208.60360000003,-0.10910857872133305,TRAIL
246710,2021-10-25,2021-11-10,16695.304250000045,0.004484244948349321,TRAIL
298020,2021-10-25,2021-11-10,-373747.1999999997,-0.10335489602239809,TRAIL
013360,2021-10-25,2021-11-10,-545842.605,-0.14636739178516134,TRAIL
015020,2021-10-25,2021-11-16,-36401.00699999975,-0.009753839902294113,TRAIL
011200,2021-10-25,2021-11-17,-417229.7599999998,-0.11227114680186745,TRAIL
065350,2021-10-25,2021-11-18,-449073.5800000001,-0.12053953338276369,TRAIL
080580,2021-10-25,2021-11-23,238965.0,0.06403501164807353,REBAL
058430,2021-10-25,2021-11-23,-172197.58499999996,-0.04651031211891673,REBAL
112040,2021-11-23,2021-11-25,-523570.2749999999,-0.1579012260899965,TRAIL
015020,2021-11-23,2021-11-26,-437829.304,-0.129893780047682,TRAIL
130660,2021-11-23,2021-11-30,-397043.66000000015,-0.11801796937212247,TRAIL
241840,2021-11-23,2021-11-30,-474413.1000000001,-0.14103218798381864,TRAIL
048910,2021-11-23,2021-11-30,-624479.375,-0.18550544197592841,TRAIL
053290,2021-11-23,2021-11-30,-473073.2324999999,-0.1405711209886408,TRAIL
042600,2021-11-23,2021-11-30,-456449.4275000002,-0.136351435848774,TRAIL
194480,2021-11-23,2021-12-01,-338279.28500000015,-0.10082979042186596,TRAIL
066970,2021-11-23,2021-12-02,-307541.1499999999,-0.09678867097280118,TRAIL
063170,2021-11-23,2021-12-02,-69080.29499999993,-0.02058377898529272,TRAIL
256840,2021-11-23,2021-12-02,-4700.452250000089,-0.0014011298258590145,TRAIL
101730,2021-11-23,2021-12-06,855180.9549999996,0.2547413296491212,TRAIL
299900,2021-11-23,2021-12-06,302882.4112999998,0.08989245531112512,TRAIL
041190,2021-11-23,2021-12-06,-182842.83499999996,-0.05424876499938739,TRAIL
323990,2021-11-23,2021-12-16,-490816.32119999966,-0.14731854019111246,TRAIL
298050,2021-11-23,2021-12-22,-27932.25,-0.008815217949594932,TRAIL
039240,2021-11-23,2021-12-22,52527.47475000005,0.015586620840578805,REBAL
222160,2021-11-23,2021-12-22,1468816.6114999996,0.43567446753380795,REBAL
052690,2021-12-22,2021-12-27,-440723.24999999953,-0.13895738650551853,TRAIL
299900,2021-12-22,2021-12-29,70668.05750000011,0.02170534972864111,TRAIL
042420,2021-12-22,2022-01-04,866178.8799999999,0.2683406483759482,TRAIL
090150,2021-12-22,2022-01-04,-245792.77520000003,-0.07538607642934969,TRAIL
086520,2021-12-22,2022-01-05,-134162.02639999986,-0.041262380998968035,TRAIL
025890,2021-12-22,2022-01-05,-428694.0804999997,-0.13147845094420477,TRAIL
101730,2021-12-22,2022-01-05,-29597.899999999907,-0.009150644271777782,TRAIL
112040,2021-12-22,2022-01-05,-337731.75,-0.1072771750380594,TRAIL
063170,2021-12-22,2022-01-05,-81394.1625000001,-0.024977163358911474,TRAIL
194480,2021-12-22,2022-01-06,799.75,0.00024889588532620423,TRAIL
066970,2021-12-22,2022-01-06,-139383.2799999998,-0.042737958420507906,TRAIL
206560,2021-12-22,2022-01-06,-393692.1950000003,-0.12106396436044865,TRAIL
291230,2021-12-22,2022-01-06,-444957.375,-0.13665598554836,TRAIL
015020,2021-12-22,2022-01-10,419702.7420000001,0.12869200419517557,TRAIL
042600,2021-12-22,2022-01-10,-331134.6875,-0.10177056000983484,TRAIL
013360,2021-11-23,2022-01-11,-430647.5920000002,-0.1277904613516113,TRAIL
256840,2021-12-22,2022-01-11,-525128.7832999998,-0.16095804765852992,TRAIL
053290,2021-12-22,2022-01-13,609624.46,0.18725757954771227,TRAIL
246710,2021-12-22,2022-01-17,-274306.8537499998,-0.08443766008884532,TRAIL
101730,2022-01-21,2022-01-24,-407820.5999999996,-0.12858337911401876,TRAIL
121850,2022-01-21,2022-01-24,-470601.97250000015,-0.14909757062585177,TRAIL
063170,2022-01-21,2022-01-25,-575582.2949999999,-0.18206382155106465,TRAIL
015020,2022-01-21,2022-01-25,-508319.51624999987,-0.1597640114997696,TRAIL
194480,2022-01-21,2022-01-26,-409450.46999999974,-0.1307564878942831,TRAIL
025890,2022-01-21,2022-01-26,-552561.04,-0.17357047044082863,TRAIL
206560,2022-01-21,2022-01-26,-447193.8249999997,-0.14110887469143538,TRAIL
298050,2022-01-21,2022-01-27,-472912.5,-0.15777196904922064,TRAIL
053290,2022-01-21,2022-01-27,-346984.52249999996,-0.1091179688812411,TRAIL
291230,2022-01-21,2022-01-27,-478567.8574999999,-0.15081339495294693,TRAIL
094480,2022-01-21,2022-01-27,-475230.0134999999,-0.14939153307030245,TRAIL
063080,2022-01-21,2022-01-28,-400649.2200000002,-0.12625055292035972,TRAIL
042420,2022-01-21,2022-01-28,-677932.5150000001,-0.21356602269014252,TRAIL
112040,2022-01-21,2022-01-28,-448479.0700000003,-0.14384558201200093,TRAIL
256840,2022-01-21,2022-02-11,-228790.3990000002,-0.07224661170123894,TRAIL
013360,2022-01-21,2022-02-11,-468993.3967500003,-0.14731904463712892,TRAIL
299900,2022-01-21,2022-02-15,-327150.46439999994,-0.1028707422521264,TRAIL
221800,2022-01-21,2022-02-24,-170921.51999999955,-0.05389052589522036,REBAL
138040,2022-02-24,2022-03-04,-415048.25,-0.14726444160463892,TRAIL
042420,2022-02-24,2022-03-07,82262.82750000013,0.029270045031969626,TRAIL
053290,2022-02-24,2022-03-07,-529428.1299999999,-0.18755142112885967,TRAIL
000325,2022-02-24,2022-03-08,-356093.28000000026,-0.1266681777494344,TRAIL
101730,2022-02-24,2022-03-11,-262311.8374999999,-0.09257831754352057,TRAIL
210120,2022-02-24,2022-03-11,-452192.4346500002,-0.15957408473925877,TRAIL
003580,2022-02-24,2022-03-11,65379.71500000032,0.023096647047022318,TRAIL
018470,2022-02-24,2022-03-15,-362167.338,-0.1278101611717953,TRAIL
112040,2022-02-24,2022-03-15,-198629.8999999999,-0.07022573198403596,TRAIL
052690,2022-01-21,2022-03-21,309530.96999999974,0.09815092643460013,TRAIL
009810,2022-02-24,2022-03-21,-88463.25499999989,-0.03125632795013004,TRAIL
256840,2022-02-24,2022-03-28,-286689.91500000004,-0.10118034072137798,TRAIL
194480,2022-02-24,2022-03-29,46015.6799999997,0.016509634609853732,REBAL
206560,2022-02-24,2022-03-29,696744.7799999998,0.24684132932167369,REBAL
063170,2022-02-24,2022-03-29,856234.2399999998,0.30233692791751016,REBAL
108860,2022-02-24,2022-03-29,920445.4035,0.3252097432517387,REBAL
063080,2022-02-24,2022-03-30,76149.70000000019,0.02690563439593113,TRAIL
056090,2022-03-29,2022-03-30,-667978.8659999999,-0.22424264727142731,TRAIL
009810,2022-03-29,2022-04-04,164170.0687500001,0.05518475182112003,TRAIL
003580,2022-03-29,2022-04-04,-308419.76000000024,-0.12502657657979047,TRAIL
000440,2022-03-29,2022-04-07,-496266.3374999999,-0.16728975963356424,TRAIL
053050,2022-03-29,2022-04-07,-140155.3709999998,-0.04707054054816317,TRAIL
299900,2022-02-24,2022-04-08,195796.8062,0.06925811580824283,TRAIL
291230,2022-02-24,2022-04-12,821942.2800000003,0.2903926613426818,TRAIL
101730,2022-03-29,2022-04-12,-543752.3999999999,-0.18365043721732585,TRAIL
112040,2022-03-29,2022-04-12,-463121.8799999999,-0.15731139958278745,TRAIL
053290,2022-03-29,2022-04-18,-428194.2599999998,-0.14391160177303575,TRAIL
052690,2022-03-29,2022-04-19,-378063.3400000003,-0.12960020130875174,TRAIL
041590,2022-03-29,2022-04-21,-178336.13385000033,-0.05989959848918598,TRAIL
300080,2022-03-29,2022-04-22,-433156.46675000014,-0.1455092361921741,TRAIL
221800,2022-03-29,2022-04-27,-75581.18000000017,-0.025436105621392598,REBAL
000325,2022-03-29,2022-04-27,-50446.16500000004,-0.017130692373927066,REBAL
138040,2022-03-29,2022-04-27,-4311.450000000186,-0.0014606218721486795,REBAL
323350,2022-03-29,2022-04-27,-97734.70000000019,-0.033386605403785706,REBAL
344860,2021-11-23,2022-04-29,-1996687.8874999997,-0.5923357095384264,TRAIL
056090,2022-04-27,2022-05-06,69153.4419999998,0.024911642872832096,TRAIL
009810,2022-04-27,2022-05-06,-348475.18500000006,-0.1254866604896906,TRAIL
101730,2022-04-27,2022-05-09,-437596.69499999983,-0.15778428880861078,TRAIL
112040,2022-04-27,2022-05-09,-241454.1499999999,-0.08879852602496817,TRAIL
016790,2022-04-27,2022-05-09,-306221.41000000015,-0.11045296341984065,TRAIL
013360,2022-04-27,2022-05-09,-156581.21499999985,-0.0640293752455488,TRAIL
000440,2022-04-27,2022-05-10,-180842.17500000028,-0.06528759208016781,TRAIL
239890,2022-04-27,2022-05-10,-285943.8250000002,-0.10403036508015788,TRAIL
299900,2022-04-27,2022-05-10,-273098.0,-0.09834494747444225,TRAIL
011700,2022-04-27,2022-05-11,-23232.96499999985,-0.008369559555866922,TRAIL
249420,2022-04-27,2022-05-11,-436232.5449999999,-0.15964952692195714,TRAIL
130660,2022-04-27,2022-05-12,-151321.5,-0.05466857644958298,TRAIL
006910,2022-04-27,2022-05-12,-171174.71849999996,-0.06172182405663753,TRAIL
291230,2022-04-27,2022-05-12,-370699.95149999997,-0.13395345352844226,TRAIL
052690,2022-04-27,2022-05-12,86099.32499999972,0.031728620000668194,TRAIL
189860,2022-04-27,2022-05-18,69102.06499999994,0.024911642872832145,TRAIL
018470,2022-03-29,2022-05-24,-171771.89350000024,-0.057594303740780825,TRAIL
078350,2022-04-27,2022-05-24,-120889.50249999994,-0.04356712341782558,TRAIL
094820,2022-04-27,2022-05-24,-139937.91000000015,-0.050632893667609404,TRAIL
006880,2022-05-27,2022-06-03,413321.4079999998,0.17366344493306374,TRAIL
016790,2022-05-27,2022-06-03,295276.92480000015,0.12427185398036165,TRAIL
000230,2022-05-27,2022-06-08,-328309.32499999995,-0.13787353498700375,TRAIL
005860,2022-05-27,2022-06-09,32423.02199999988,0.013643470314481808,TRAIL
009810,2022-05-27,2022-06-09,-295911.3500000001,-0.1241896818658543,TRAIL
373200,2022-05-27,2022-06-09,-100368.27150000026,-0.04217324826257359,TRAIL
249420,2022-05-27,2022-06-10,-191875.16500000004,-0.08089088001674453,TRAIL
054210,2022-05-27,2022-06-13,-289395.67500000005,-0.12189047111950291,TRAIL
011700,2022-05-27,2022-06-13,-342448.4260000002,-0.14438795385306905,TRAIL
018470,2022-05-27,2022-06-13,-329345.02700000023,-0.13832592518603615,TRAIL
094820,2022-05-27,2022-06-13,-298846.74,-0.12614243619837187,TRAIL
291230,2022-05-27,2022-06-13,-380644.19999999995,-0.16001976514886668,TRAIL
112040,2022-05-27,2022-06-14,-391893.4600000002,-0.1702815817838719,TRAIL
134580,2022-05-27,2022-06-14,-214324.5674999999,-0.0901162568156109,TRAIL
053050,2022-05-27,2022-06-14,-219764.4424999999,-0.09244167594363252,TRAIL
078350,2022-05-27,2022-06-15,-266362.58999999985,-0.1122033674432297,TRAIL
101730,2022-05-27,2022-06-16,-281815.4674999998,-0.11934190528054302,TRAIL
085670,2022-05-27,2022-06-17,-261207.6139999996,-0.10969693172590493,TRAIL
344860,2022-05-27,2022-06-20,-243911.09250000026,-0.10240896046469647,TRAIL
210120,2022-05-27,2022-06-22,-378534.47085000016,-0.15895342725312506,TRAIL
137400,2022-06-29,2022-06-30,-272484.87250000006,-0.12659156969485094,TRAIL
011700,2022-06-29,2022-07-01,-291405.6194999998,-0.13331999907423528,TRAIL
247540,2022-06-29,2022-07-01,-293497.85999999987,-0.13751793093444925,TRAIL
066970,2022-06-29,2022-07-01,-354223.12500000023,-0.16587727910371436,TRAIL
005860,2022-06-29,2022-07-01,-397357.45649999985,-0.18209141723859662,TRAIL
053050,2022-06-29,2022-07-01,-332352.6179999998,-0.15208486875607063,TRAIL
121600,2022-06-29,2022-07-01,-315615.1499999997,-0.14817287530507414,TRAIL
090710,2022-06-29,2022-07-04,-281903.1732000001,-0.12909567577532755,TRAIL
101730,2022-06-29,2022-07-04,-99858.29999999981,-0.04580857668131902,TRAIL
085670,2022-06-29,2022-07-04,-301834.35250000004,-0.13809753874540512,TRAIL
094820,2022-06-29,2022-07-04,-276536.79000000004,-0.12683984845998533,TRAIL
112040,2022-06-29,2022-07-04,-347381.125,-0.16015790241868055,TRAIL
128540,2022-06-29,2022-07-04,-162935.60399999982,-0.07454514125475953,TRAIL
278650,2022-06-29,2022-07-04,-276832.18500000006,-0.12646314402670508,TRAIL
016790,2022-06-29,2022-07-15,317107.1900000004,0.1454550586076565,TRAIL
009810,2022-06-29,2022-07-22,170070.23249999993,0.07781894976621039,TRAIL
299900,2022-06-29,2022-07-28,324252.47310000006,0.14827593344854145,REBAL
291230,2022-06-29,2022-07-28,333507.28350000037,0.1526132447685164,REBAL
056090,2022-07-28,2022-08-03,-333080.828,-0.16008036541110252,TRAIL
016790,2022-07-28,2022-08-09,-88143.99344999995,-0.04235520316492892,TRAIL
054210,2022-06-29,2022-08-17,-99028.68000000017,-0.045591319982020755,TRAIL
210120,2022-07-28,2022-08-18,-236091.80264999997,-0.1135066439623679,TRAIL
112040,2022-07-28,2022-08-19,228946.19999999995,0.11226471001647072,TRAIL
101730,2022-07-28,2022-08-22,265624.2224999999,0.12775688240213892,TRAIL
002710,2022-07-28,2022-08-22,-317158.9199999999,-0.153307494290973,TRAIL
085670,2022-07-28,2022-08-22,-190433.19574999996,-0.09157340679839804,TRAIL
278650,2022-07-28,2022-08-22,-313243.36100000003,-0.15083159141884514,TRAIL
247540,2022-07-28,2022-08-23,-137120.13000000012,-0.06764588481432757,TRAIL
090710,2022-07-28,2022-08-29,-81682.59285000013,-0.039252731841603695,TRAIL
066970,2022-07-28,2022-08-29,-94585.15999999992,-0.050684824040336404,TRAIL
011700,2022-07-28,2022-08-29,-20011.414499999955,-0.009646598719165246,REBAL
137400,2022-07-28,2022-08-29,237668.54249999998,0.11651600659241872,REBAL
006880,2022-07-28,2022-08-29,190923.0,0.09212738683846909,REBAL
056090,2022-08-29,2022-08-30,-344895.79949999996,-0.16498787130995674,TRAIL
134580,2022-06-29,2022-09-01,188219.625,0.08605732827333432,TRAIL
005860,2022-07-28,2022-09-01,125380.96599999978,0.06038774833402009,TRAIL
053050,2022-07-28,2022-09-02,457498.5,0.21983594605848247,TRAIL
016790,2022-08-29,2022-09-02,-303251.0307,-0.144863532306579,TRAIL
054210,2022-08-29,2022-09-05,-231057.26,-0.11111788607280731,TRAIL
002710,2022-08-29,2022-09-05,-220411.375,-0.10571821996540713,TRAIL
210120,2022-08-29,2022-09-05,-300764.618,-0.14377223792962374,TRAIL
090710,2022-08-29,2022-09-07,-188579.13349999976,-0.09009693882372498,TRAIL
101730,2022-08-29,2022-09-07,-104268.20750000002,-0.050227116200565546,TRAIL
249420,2022-08-29,2022-09-07,-242943.95999999996,-0.11791297151133338,TRAIL
000230,2022-08-29,2022-09-07,-234676.97999999998,-0.1124579790236047,TRAIL
121600,2022-07-28,2022-09-16,71369.25,0.03481673730887135,TRAIL
258830,2022-08-29,2022-09-16,-166226.48200000008,-0.07940636890600643,TRAIL
128540,2022-08-29,2022-09-19,-210077.9859999998,-0.1005735591569694,TRAIL
278650,2022-08-29,2022-09-19,-207633.64049999998,-0.09919035817143618,TRAIL
007660,2022-08-29,2022-09-23,-250746.67630000017,-0.11991740317707579,TRAIL
069920,2022-08-29,2022-09-29,-36646.50949999993,-0.017533284998114202,TRAIL
003100,2022-07-28,2022-09-29,147251.39000000013,0.07104736036024041,REBAL
016710,2022-08-29,2022-09-29,-1465.905000000028,-0.0007193422479403061,REBAL
095500,2022-09-29,2022-09-30,-406387.38749999995,-0.21291401984492025,TRAIL
016790,2022-09-29,2022-10-07,-16553.166699999943,-0.008689845905504461,TRAIL
134580,2022-09-29,2022-10-11,-200610.75549999997,-0.10517713281971987,TRAIL
011700,2022-09-29,2022-10-13,-196882.44449999998,-0.10321376862106207,TRAIL
090710,2022-09-29,2022-10-13,-149879.78175000008,-0.078540294046462,TRAIL
101730,2022-09-29,2022-10-13,-290468.0249999999,-0.1524215237583162,TRAIL
008110,2022-09-29,2022-10-13,-180552.48750000005,-0.09463208219638328,TRAIL
249420,2022-09-29,2022-10-13,-261241.34000000008,-0.13731582253002853,TRAIL
322000,2022-09-29,2022-10-13,-157195.80000000005,-0.08428085479476383,TRAIL
005860,2022-09-29,2022-10-13,-46313.73450000002,-0.02426158515837629,TRAIL
128540,2022-09-29,2022-10-13,-297768.8295,-0.1562045752647613,TRAIL
215100,2022-09-29,2022-10-13,-265440.1840000001,-0.13932196823493245,TRAIL
052020,2022-09-29,2022-10-17,-167685.71775000007,-0.08845080648501198,TRAIL
117580,2022-09-29,2022-10-21,-32943.54000000004,-0.017257026666030118,TRAIL
056090,2022-09-29,2022-10-21,550329.1855000001,0.28859426163728513,TRAIL
053050,2022-09-29,2022-10-26,-135224.46999999997,-0.07098441270151265,TRAIL
005010,2022-09-29,2022-11-01,121777.77700000023,0.0637842777855315,REBAL
016790,2022-11-01,2022-11-04,-260818.69440000015,-0.14302181427189747,TRAIL
064090,2022-11-01,2022-11-04,-232522.686,-0.12750087399490584,TRAIL
335870,2022-11-01,2022-11-09,-147208.07700000005,-0.0807955327907203,TRAIL
001570,2022-11-01,2022-11-10,309839.3225,0.1698218923238276,TRAIL
052020,2022-11-01,2022-11-14,57041.74980000011,0.03131649404561941,TRAIL
030960,2022-11-01,2022-11-16,-170970.0,-0.09393487917937277,TRAIL
121600,2022-09-29,2022-11-21,27510.340000000084,0.014851767079036324,TRAIL
000230,2022-09-29,2022-11-21,530854.5400000003,0.2804489123222581,TRAIL
101670,2022-11-01,2022-11-22,904103.2625,0.4970086615581954,TRAIL
095500,2022-11-01,2022-11-28,777745.625,0.4286081351273622,TRAIL
085670,2022-11-01,2022-11-30,1075973.0680000002,0.5905668192322632,REBAL
249420,2022-11-01,2022-11-30,847666.915,0.4689132543956639,REBAL
134580,2022-11-01,2022-11-30,63901.64875000017,0.03506950153391025,REBAL
053050,2022-11-01,2022-11-30,-187686.28125,-0.10310898258508508,REBAL
005860,2022-11-01,2022-12-05,-234699.1399999999,-0.1289888777742729,TRAIL
322000,2022-11-01,2022-12-06,-37266.89999999991,-0.020749215325452604,TRAIL
101670,2022-11-30,2022-12-06,-369848.895,-0.18428816588549626,TRAIL
052020,2022-11-30,2022-12-06,-76951.2562500001,-0.0380626995760818,TRAIL
095500,2022-11-30,2022-12-06,-264000.72499999986,-0.1309322109762452,TRAIL
179290,2022-11-01,2022-12-07,-182864.45250000013,-0.10074427067100689,TRAIL
054930,2022-11-30,2022-12-07,-132410.86750000017,-0.065902022978025,TRAIL
053690,2022-11-30,2022-12-07,-266671.43999999994,-0.13259912391072845,TRAIL
030960,2022-11-30,2022-12-08,-266737.8600000001,-0.13157109324277086,TRAIL
317850,2022-11-30,2022-12-08,-199519.26500000013,-0.09862183912229755,TRAIL
001570,2022-11-30,2022-12-09,-161913.875,-0.08019432138091029,TRAIL
090710,2022-11-01,2022-12-12,-132347.1797999998,-0.07260868928895955,TRAIL
012320,2022-11-30,2022-12-15,-277198.5,-0.1419897886661109,TRAIL
003610,2022-11-30,2022-12-16,-661645.7264999999,-0.32611691311546026,TRAIL
016790,2022-11-30,2022-12-23,-182303.5584499999,-0.08974111747657022,TRAIL
278650,2022-11-30,2022-12-26,-104029.63199999998,-0.05124986946829327,TRAIL
003100,2022-11-30,2022-12-29,100233.12000000011,0.049780222910717174,REBAL
079550,2022-11-30,2022-12-29,-28910.91000000015,-0.014850200886690965,REBAL
317850,2022-12-29,2023-01-02,-233039.94000000018,-0.1254600220499115,TRAIL
073570,2022-12-29,2023-01-10,-227111.79749999987,-0.12219937456540357,TRAIL
101670,2022-12-29,2023-01-17,-151592.6399999999,-0.08148665844095236,TRAIL
249420,2022-12-29,2023-01-18,-247879.75249999994,-0.1328620204604312,TRAIL
030960,2022-12-29,2023-01-19,-242759.74249999993,-0.13071746063455594,TRAIL
095500,2022-12-29,2023-01-20,-237065.2450000001,-0.12700758052290503,TRAIL
012320,2022-12-29,2023-01-25,-267794.55000000005,-0.14497937128399904,TRAIL
090710,2022-12-29,2023-02-01,1269563.4882000003,0.6789669246621531,REBAL
376180,2022-12-29,2023-02-01,1529.934499999974,0.0008187130852151465,REBAL
290670,2022-12-29,2023-02-01,42754.88000000012,0.02335690678537453,REBAL
003610,2022-12-29,2023-02-01,190484.15999999992,0.10197740054558554,REBAL
053690,2022-12-29,2023-02-09,79275.06999999983,0.042898398239483666,TRAIL
101670,2023-02-01,2023-02-10,-254708.85399999982,-0.1310613410691448,TRAIL
073570,2023-02-01,2023-02-13,-272412.6599999999,-0.1395383309194426,TRAIL
069920,2023-02-01,2023-02-14,-357718.48750000005,-0.1830469179193927,TRAIL
177350,2023-02-01,2023-02-16,-244407.8219000001,-0.12525111616220647,TRAIL
030960,2023-02-01,2023-02-17,-285503.19999999995,-0.1475451409686807,TRAIL
004360,2023-02-01,2023-02-20,-73307.18000000017,-0.03799842946568901,TRAIL
016790,2022-12-29,2023-02-21,427416.7497999999,0.2289887905504414,TRAIL
322000,2022-12-29,2023-02-27,-73927.8500000001,-0.04023699358640794,TRAIL
079810,2022-12-29,2023-03-03,855427.2183000003,0.4579871310415598,REBAL
010470,2023-02-01,2023-03-03,328258.93099999987,0.16791033371559608,REBAL
095500,2023-02-01,2023-03-03,833660.415,0.42947176583228225,REBAL
317850,2023-02-01,2023-03-06,-3588.315000000177,-0.0018471985207982387,TRAIL
001570,2022-12-29,2023-03-09,1750004.4899999998,0.9435866648091535,TRAIL
073570,2023-03-03,2023-03-09,112846.34399999981,0.05453155286514838,TRAIL
101670,2023-03-03,2023-03-09,330235.4850000001,0.15981402636967493,TRAIL
277810,2023-03-03,2023-03-10,-263572.05000000005,-0.1328033143241205,TRAIL
005860,2022-12-29,2023-03-13,91904.38399999985,0.04925674759740575,TRAIL
012320,2023-02-01,2023-03-13,112795.65000000014,0.058864202718597824,TRAIL
006220,2023-03-03,2023-03-13,-320912.1705,-0.1559594927371984,TRAIL
093640,2023-03-03,2023-03-13,-437610.9985,-0.21107269045071608,TRAIL
053690,2023-03-03,2023-03-13,-238870.23750000005,-0.11642797651387775,TRAIL
090710,2023-03-03,2023-03-14,-198848.01060000015,-0.09617478942037823,TRAIL
016790,2023-03-03,2023-03-21,321512.632,0.1550690339238313,TRAIL
030960,2023-03-03,2023-03-22,-175614.79499999993,-0.08552146163986883,TRAIL
016710,2022-11-01,2023-04-03,660303.7200000002,0.36936897567797045,REBAL
017390,2022-12-29,2023-04-03,264219.3999999999,0.15506221898870348,REBAL
003100,2023-03-03,2023-04-03,135285.1499999999,0.06526115656650021,REBAL
208370,2023-04-03,2023-04-10,-511092.2870499999,-0.24588831537300587,TRAIL
376180,2023-04-03,2023-04-10,-104517.92100000009,-0.05034473513354384,TRAIL
108860,2023-04-03,2023-04-10,-413096.0587500001,-0.199775612270806,TRAIL
086520,2023-04-03,2023-04-12,508278.93700000015,0.25468545898466133,TRAIL
001570,2023-04-03,2023-04-12,-112114.59999999986,-0.05452084533166599,TRAIL
005420,2023-04-03,2023-04-12,936835.2522999998,0.4539349111476514,TRAIL
101670,2023-04-03,2023-04-12,147939.82000000007,0.07214621845165145,TRAIL
095500,2023-04-03,2023-04-12,-273305.1199999999,-0.13185431807517176,TRAIL
277810,2023-04-03,2023-04-18,-298521.28,-0.14944786230397994,TRAIL
052020,2023-04-03,2023-04-20,-5018.706000000006,-0.0024077249434754995,TRAIL
032190,2023-03-03,2023-04-21,-121760.45999999996,-0.07226416893299975,TRAIL
214370,2023-04-03,2023-04-21,104535.96400000015,0.05042686595999741,TRAIL
004690,2022-09-29,2023-04-24,708323.175,0.41086500524396946,TRAIL
004360,2023-03-03,2023-04-24,-589804.2,-0.2901530261475898,TRAIL
006220,2023-04-03,2023-04-24,-81054.60999999987,-0.03919325374937758,TRAIL
090710,2023-04-03,2023-04-26,-262572.9287999999,-0.12614243619837182,TRAIL
016790,2023-04-03,2023-04-26,-99010.24649999989,-0.04754663027570644,TRAIL
317850,2023-04-03,2023-04-26,-106415.76750000007,-0.05129823313911616,TRAIL
033100,2023-02-01,2023-05-03,858894.2559999998,0.440730140446985,REBAL
024850,2023-04-03,2023-05-03,1341194.262,0.6437423885608474,REBAL
234920,2023-05-03,2023-05-04,-555314.8614999999,-0.27388750887299274,TRAIL
006220,2023-05-03,2023-05-08,-266537.90950000007,-0.1313233083389509,TRAIL
086520,2023-05-03,2023-05-09,-287506.48219999997,-0.1442040100951331,TRAIL
208370,2023-05-03,2023-05-10,-87174.35745000001,-0.04288519180408581,TRAIL
001570,2023-05-03,2023-05-10,-255580.74,-0.12591849648134004,TRAIL
073570,2023-05-03,2023-05-10,-259559.1000000001,-0.1280300987198056,TRAIL
101670,2023-05-03,2023-05-10,-323170.96499999985,-0.16134340245559706,TRAIL
095500,2023-05-03,2023-05-10,-88183.42500000005,-0.043407318425915484,TRAIL
114190,2023-05-03,2023-05-11,-277144.155,-0.13774484018703168,TRAIL
005420,2023-05-03,2023-05-11,-251779.6492000001,-0.12405080761849925,TRAIL
005070,2023-05-03,2023-05-12,-254115.90269999998,-0.1272291211314911,TRAIL
004360,2023-05-03,2023-05-16,-291109.52650000015,-0.14335550328821028,TRAIL
058970,2023-05-03,2023-05-16,-252274.56000000006,-0.12604280587528427,TRAIL
277810,2023-05-03,2023-05-16,-264.60000000009313,-0.00013149057688140883,TRAIL
012320,2023-05-03,2023-05-19,16385.314999999944,0.008141723973951668,TRAIL
270520,2023-05-03,2023-05-22,-181238.70680000004,-0.08918488984815753,TRAIL
004690,2023-05-03,2023-05-25,-182508.27000000002,-0.09314256416280077,TRAIL
357550,2023-05-03,2023-06-05,211582.49,0.1048128795263333,REBAL
032190,2023-05-03,2023-06-05,-112114.22800000012,-0.05557590309605498,REBAL
052020,2023-06-05,2023-06-07,-308804.77804999985,-0.1662924582007032,TRAIL
011300,2023-06-05,2023-06-14,-194177.7988,-0.10460834496691554,TRAIL
006220,2023-06-05,2023-06-14,-234246.57199999993,-0.12693816208276776,TRAIL
270520,2023-06-05,2023-06-15,-46106.53249999997,-0.024862750386259163,TRAIL
317770,2023-06-05,2023-06-15,19356.836999999825,0.010475303135808038,TRAIL
234920,2023-06-05,2023-06-16,-230266.1845000002,-0.12514714615722197,TRAIL
101670,2023-06-05,2023-06-19,-121609.80000000005,-0.06598767349751179,TRAIL
277810,2023-06-05,2023-06-20,-175156.865,-0.09754985558077406,TRAIL
005420,2023-06-05,2023-06-21,135923.33620000002,0.07328112307806335,TRAIL
051980,2023-06-05,2023-06-21,-256100.2379999999,-0.1380824702194885,TRAIL
222810,2023-06-05,2023-06-21,-168282.3999999999,-0.09118427771391527,TRAIL
114190,2023-06-05,2023-06-23,-73093.44000000018,-0.03945285406989073,TRAIL
005070,2023-06-05,2023-06-26,150257.13449999993,0.08398781031803684,TRAIL
281740,2023-06-05,2023-06-26,801815.4749999999,0.43264697425203535,TRAIL
096610,2023-06-05,2023-06-27,-210995.5,-0.11373617587480819,TRAIL
024850,2023-06-05,2023-06-27,-94729.62999999989,-0.051129804421014335,TRAIL
001570,2023-06-05,2023-06-29,125004.60999999987,0.06733230145987844,TRAIL
101680,2023-06-05,2023-07-05,70749.4912500002,0.03815521241481398,REBAL
096610,2023-07-05,2023-07-07,-268261.3365,-0.1426345099175552,TRAIL
024850,2023-07-05,2023-07-10,-271931.03024999984,-0.14448185791159435,TRAIL
317770,2023-07-05,2023-07-14,-14778.966999999946,-0.007901295675578152,TRAIL
073570,2023-07-05,2023-07-21,-115375.04999999981,-0.06141354708272528,TRAIL
074610,2023-07-05,2023-07-21,-278626.80000000005,-0.15359092011074685,TRAIL
101670,2023-07-05,2023-07-21,-66352.24500000011,-0.035632272886180955,TRAIL
051980,2023-07-05,2023-07-24,-309222.48,-0.1641514044563038,TRAIL
270520,2023-07-05,2023-07-25,-312209.5057499998,-0.1657185779867109,TRAIL
005950,2023-07-05,2023-07-25,-234477.42500000005,-0.1255470842677263,TRAIL
234920,2023-07-05,2023-07-26,-228503.51500000013,-0.12189693379469381,TRAIL
114190,2023-07-05,2023-07-26,-45537.679999999935,-0.0243784820572431,TRAIL
006110,2023-07-05,2023-07-26,189250.96999999997,0.10519983381457584,TRAIL
052020,2023-07-05,2023-07-26,-327393.28575000004,-0.17380711399799395,TRAIL
086520,2023-06-05,2023-07-27,1285341.0856,0.7149868132632611,TRAIL
005070,2023-07-05,2023-07-27,-220600.54575000005,-0.12929008148959173,TRAIL
001570,2023-07-05,2023-07-27,1694449.05,0.9233511576253594,TRAIL
005420,2023-07-05,2023-07-27,59289.80070000002,0.03165662565101502,TRAIL
009520,2023-07-05,2023-07-27,697255.3824999998,0.3704150940703904,TRAIL
007660,2023-08-03,2023-08-07,-252675.48329999996,-0.12748197280984136,TRAIL
101670,2023-08-03,2023-08-08,-45973.92000000016,-0.023284205822264013,TRAIL
317770,2023-08-03,2023-08-08,-378085.05000000005,-0.1892986223737439,TRAIL
096610,2023-08-03,2023-08-09,-274676.82000000007,-0.13776269965595905,TRAIL
900290,2023-08-03,2023-08-10,-388893.2359999998,-0.1947061324580589,TRAIL
001570,2023-08-03,2023-08-11,-217765.8600000001,-0.11452414938426564,TRAIL
009520,2023-08-03,2023-08-11,-280337.25,-0.14099457828934792,TRAIL
234920,2023-08-03,2023-08-14,-297305.79599999986,-0.14918630288454984,TRAIL
277810,2023-07-05,2023-08-16,494645.3350000002,0.2748843586746279,TRAIL
086520,2023-08-03,2023-08-16,-214005.7792,-0.11790920462649251,TRAIL
073570,2023-08-03,2023-08-16,-280816.63899999997,-0.14087675450190282,TRAIL
270520,2023-08-03,2023-08-18,-102399.18749999977,-0.05127859306974633,TRAIL
281740,2023-08-03,2023-08-18,-234284.804,-0.11824826730459757,TRAIL
290690,2023-08-03,2023-08-21,-82109.94530000002,-0.04108462136392594,TRAIL
051980,2023-08-03,2023-08-21,-279617.70400000014,-0.13997579987673084,TRAIL
011300,2023-08-03,2023-09-04,31105.80750000011,0.015576901378229908,REBAL
024850,2023-08-03,2023-09-04,-87194.00725000002,-0.04363856564950309,REBAL
086520,2023-09-04,2023-09-07,-229618.41800000006,-0.12728235638826135,TRAIL
304100,2023-09-04,2023-09-07,12662.662500000093,0.006888952704390002,TRAIL
317770,2023-09-04,2023-09-07,-206585.47999999998,-0.12941409085938205,TRAIL
101670,2023-09-04,2023-09-11,-238680.28000000003,-0.1292244094368716,TRAIL
208370,2023-09-04,2023-09-12,273839.77599999984,0.14819110935046048,TRAIL
114190,2023-09-04,2023-09-12,-199546.608,-0.1081718186247977,TRAIL
322510,2023-09-04,2023-09-12,-39046.71750000003,-0.021349243427124263,TRAIL
058970,2023-09-04,2023-09-12,-112612.71999999997,-0.06296650477566561,TRAIL
338220,2023-09-04,2023-09-12,114604.875,0.06229835688957699,TRAIL
009520,2023-09-04,2023-09-12,58451.24250000017,0.031901265352074125,TRAIL
006110,2023-08-03,2023-09-13,-255674.52000000002,-0.1307633548608041,TRAIL
001570,2023-09-04,2023-09-13,-97299.0,-0.05267600795670345,TRAIL
002710,2023-09-04,2023-09-13,-173594.30999999982,-0.09496927695161728,TRAIL
022100,2023-09-04,2023-09-13,21320.280000000028,0.011807379597295461,TRAIL
007660,2023-09-04,2023-09-13,-250626.55469999998,-0.13685362107787685,TRAIL
079810,2023-09-04,2023-09-15,148329.39250000007,0.08035742895669984,TRAIL
277810,2023-09-04,2023-09-15,228572.79500000016,0.12947895322749403,TRAIL
234920,2023-09-04,2023-09-18,22062.64500000002,0.011967688770816798,TRAIL
139050,2023-08-03,2023-10-05,667728.9024999999,0.3342446972929307,TRAIL
065350,2023-10-10,2023-10-12,-966.0800000000745,-0.0005384878817931223,TRAIL
336570,2023-10-10,2023-10-13,-246769.2370000002,-0.13479627818027762,TRAIL
011810,2023-10-10,2023-10-16,-295902.9480000001,-0.16251961668505105,TRAIL
322510,2023-10-10,2023-10-16,-245763.8694999998,-0.1355148159451615,TRAIL
338220,2023-10-10,2023-10-16,-304170.95999999996,-0.1672289548657089,TRAIL
006740,2023-06-05,2023-10-18,1055673.22,0.5702869606928777,TRAIL
007660,2023-10-10,2023-10-18,-150370.3076500001,-0.0823266592665589,TRAIL
234920,2023-10-10,2023-10-19,-102402.58450000011,-0.05626451887568855,TRAIL
328130,2023-10-10,2023-10-19,-310087.09920000006,-0.170901482205864,TRAIL
304100,2023-10-10,2023-10-19,-265123.5,-0.14504269810388445,TRAIL
317770,2023-10-10,2023-10-19,103355.96250000014,0.05715018637657611,TRAIL
086520,2023-10-10,2023-10-20,-207582.25179999997,-0.11382853919206716,TRAIL
001570,2023-10-10,2023-10-20,-110909.19999999995,-0.06294420507325664,TRAIL
101670,2023-10-10,2023-10-20,18526.35999999987,0.010120637238626736,TRAIL
041020,2023-10-10,2023-10-20,-264842.86675000004,-0.1448209559007142,TRAIL
022100,2023-10-10,2023-10-24,-41508.63000000012,-0.022942092689025216,TRAIL
058970,2023-10-10,2023-10-25,-191716.84000000008,-0.10521792246608712,TRAIL
277810,2023-10-10,2023-11-08,332138.56000000006,0.1824143835732582,REBAL
234920,2023-11-08,2023-11-10,-502992.0660000001,-0.3020333102288018,TRAIL
086520,2023-11-08,2023-11-10,-272647.25450000004,-0.1690644390277888,TRAIL
042700,2023-10-10,2023-11-13,131502.99,0.07194212688927286,TRAIL
208370,2023-11-08,2023-11-13,-243047.32499999995,-0.14538755637628295,TRAIL
322510,2023-11-08,2023-11-13,-370627.97695000004,-0.22316289247313606,TRAIL
338220,2023-11-08,2023-11-13,-249073.7374999998,-0.14911749683739978,TRAIL
006740,2023-11-08,2023-11-13,-266231.8125,-0.15918469821481357,TRAIL
041020,2023-11-08,2023-11-13,-222766.58250000002,-0.1330765797676621,TRAIL
002710,2023-11-08,2023-11-15,-207801.43999999994,-0.12521883617623514,TRAIL
006110,2023-11-08,2023-11-17,-233826.71999999997,-0.1473366945196975,TRAIL
009520,2023-11-08,2023-11-22,-216182.3999999999,-0.13015917770513272,TRAIL
328130,2023-11-08,2023-12-04,-81167.8128500001,-0.05018680613173668,TRAIL
007660,2023-11-08,2023-12-04,2167.089050000068,0.0013102404449925643,TRAIL
257720,2023-11-08,2023-12-04,-179131.0079999999,-0.10723847092529433,TRAIL
011810,2023-11-08,2023-12-05,1016130.5639999998,0.6081412113774076,TRAIL
065350,2023-11-08,2023-12-05,156835.15749999997,0.09403061479298805,TRAIL
022100,2023-11-08,2023-12-05,-235649.95999999996,-0.14345396991412093,TRAIL
001570,2023-11-08,2023-12-06,30778.125,0.019065284225466297,TRAIL
066790,2023-12-07,2023-12-13,207028.50749999983,0.12964730847295383,TRAIL
087010,2023-12-07,2023-12-13,-215185.81725000008,-0.13540507933948254,TRAIL
139050,2023-10-10,2023-12-15,63282.49199999985,0.034609526398901275,TRAIL
006110,2023-12-07,2023-12-22,-186584.2549999999,-0.11907100024340772,TRAIL
058970,2023-11-08,2023-12-26,122954.0,0.0755770863506967,TRAIL
086520,2023-12-07,2023-12-26,-22692.32700000005,-0.014833629662258353,TRAIL
328130,2023-12-07,2024-01-03,-47517.09480000008,-0.03063115351884878,TRAIL
322510,2023-12-07,2024-01-03,-254784.20240000007,-0.1594782332434489,TRAIL
022100,2023-12-07,2024-01-03,413031.43999999994,0.25914384387602496,TRAIL
338220,2023-12-07,2024-01-03,-52293.09999999986,-0.03331188266146983,TRAIL
241710,2023-12-07,2024-01-03,-37203.539999999804,-0.023460104213487702,TRAIL
031980,2023-12-07,2024-01-10,115272.46500000008,0.07299356785721531,REBAL
304100,2023-12-07,2024-01-10,450939.02,0.2837834146980972,REBAL
315640,2023-12-07,2024-01-10,329083.68700000015,0.20646926410600164,REBAL
041020,2023-12-07,2024-01-10,657912.1830000002,0.41186054793802845,REBAL
117730,2023-12-07,2024-01-10,237395.85300000012,0.1495120754135809,REBAL
290690,2024-01-10,2024-01-11,-261212.6812499999,-0.1552566202368414,TRAIL
004835,2024-01-10,2024-01-11,-268346.453,-0.16019496118789234,TRAIL
084695,2024-01-10,2024-01-12,-270076.40000000014,-0.1613434024555972,TRAIL
322510,2024-01-10,2024-01-12,-287564.882,-0.17108864223272915,TRAIL
004105,2024-01-10,2024-01-12,-235107.0049999999,-0.13990047808656403,TRAIL
002710,2023-12-07,2024-01-15,-18372.899999999907,-0.011741391833172982,TRAIL
042700,2023-12-07,2024-01-16,-127473.61499999999,-0.08244443714902686,TRAIL
007660,2023-12-07,2024-01-16,60667.626600000076,0.03796913303382085,TRAIL
087010,2024-01-10,2024-01-16,-212176.29000000004,-0.1262292310952206,TRAIL
328130,2024-01-10,2024-01-17,-224521.74029999995,-0.13490300629423055,TRAIL
094360,2024-01-10,2024-01-17,-208688.125,-0.1259507005010703,TRAIL
338220,2024-01-10,2024-01-17,-275976.69999999995,-0.16686421994851197,TRAIL
086520,2024-01-10,2024-01-19,-202431.29334999993,-0.12523552397978496,TRAIL
022100,2024-01-10,2024-01-22,-149386.2749999999,-0.09119586732683152,TRAIL
277810,2023-12-07,2024-01-30,-51324.75,-0.03254971068984953,TRAIL
058970,2024-01-10,2024-01-30,-114561.2749999999,-0.06919615460301316,TRAIL
425420,2024-01-10,2024-01-31,-255751.67999999993,-0.1520582758399269,TRAIL
101000,2024-01-10,2024-02-05,-172484.45999999996,-0.10245624938727868,TRAIL
241710,2024-01-10,2024-02-08,-86471.76749999984,-0.05240410095554282,REBAL
065350,2024-02-08,2024-02-21,87183.71999999997,0.05814875393297706,TRAIL
080220,2024-02-08,2024-02-23,-14108.732500000158,-0.009346106108028596,TRAIL
322510,2024-02-08,2024-02-27,-19814.37810000009,-0.013103473718791288,TRAIL
058970,2024-02-08,2024-02-27,-163144.375,-0.10936709696600587,TRAIL
087010,2024-02-08,2024-02-27,133818.56205000007,0.08864557280657473,TRAIL
002710,2024-02-08,2024-02-28,354566.7000000002,0.23549399339771845,TRAIL
022100,2024-02-08,2024-02-28,-197436.0,-0.13470574413195316,TRAIL
338220,2024-02-08,2024-02-28,169714.8600000001,0.11274269227260167,TRAIL
139050,2024-01-10,2024-03-05,317827.80000000005,0.18887146776281172,TRAIL
383930,2024-02-08,2024-03-12,604501.1000000003,0.3998058084882573,TRAIL
328130,2024-02-08,2024-03-13,244876.12939999998,0.1651204103712607,REBAL
094360,2024-02-08,2024-03-13,232547.45999999996,0.15494652632362513,REBAL
277810,2024-02-08,2024-03-13,-92088.47999999998,-0.06345384926539775,REBAL
007660,2024-02-08,2024-03-14,155126.50919999997,0.1021345452729361,TRAIL
139050,2024-03-13,2024-03-22,-205372.34999999986,-0.1222534762988664,TRAIL
066790,2024-03-13,2024-03-22,-309040.3125,-0.1838397500905047,TRAIL
290690,2024-02-08,2024-03-25,658514.2847999998,0.4355989261363211,TRAIL
041020,2024-02-08,2024-03-25,73348.17000000016,0.048320746930503714,TRAIL
080220,2024-03-13,2024-03-26,-213590.89000000013,-0.12858337911401896,TRAIL
348370,2024-03-13,2024-03-26,-200451.75,-0.1362050988302228,TRAIL
065350,2024-03-13,2024-03-27,-30503.549999999814,-0.01900125426386398,TRAIL
091440,2024-02-08,2024-03-28,265623.8095,0.1748358800175591,TRAIL
101000,2024-02-08,2024-03-28,408183.96974999993,0.2685392567777824,TRAIL
022100,2024-03-13,2024-03-28,-233684.39249999984,-0.14270968705138018,TRAIL
002710,2024-03-13,2024-03-29,-212482.32000000007,-0.13004794486340712,TRAIL
425420,2024-03-13,2024-04-01,-113026.34000000008,-0.06866766560101772,TRAIL
399720,2024-03-13,2024-04-02,25063.52000000002,0.015001635942252232,TRAIL
031980,2024-03-13,2024-04-02,-42724.06500000018,-0.02599597268696565,TRAIL
024850,2024-03-13,2024-04-02,576734.3639999998,0.3423619320451569,TRAIL
086520,2024-02-08,2024-04-03,-78531.64080000017,-0.05580652844193887,TRAIL
058970,2024-03-13,2024-04-12,154707.8999999999,0.09297845383945641,TRAIL
241710,2024-03-13,2024-04-12,16570.555000000168,0.009892135280382717,REBAL
348370,2024-04-12,2024-04-15,-203418.30000000005,-0.13878732081057607,TRAIL
007660,2024-04-12,2024-04-16,-253217.07799999998,-0.1493000406446074,TRAIL
058450,2024-04-12,2024-04-16,-370165.9624999999,-0.21685675109987146,TRAIL
022100,2024-04-12,2024-04-17,-230487.29000000004,-0.13584053226681694,TRAIL
091440,2024-04-12,2024-04-18,-231081.31550000003,-0.13568864140874431,TRAIL
080220,2024-04-12,2024-04-19,-224138.96999999997,-0.13147845094420485,TRAIL
281740,2024-04-12,2024-04-19,-234015.91500000004,-0.13715138521873935,TRAIL
042700,2024-02-08,2024-04-22,1570912.2,1.0682922971915632,TRAIL
089030,2024-04-12,2024-04-22,-204379.33999999985,-0.12019817106700344,TRAIL
101000,2024-04-12,2024-04-23,-185747.69200000004,-0.10872341165636173,TRAIL
031980,2024-04-12,2024-04-23,-6987.630000000121,-0.004095290416021646,TRAIL
066790,2024-04-12,2024-04-26,-146079.45949999988,-0.08545088641020566,TRAIL
065350,2024-04-12,2024-05-02,-313755.3899999999,-0.18721325314597886,TRAIL
253590,2024-04-12,2024-05-10,-206571.67200000002,-0.12081599415309831,TRAIL
025320,2024-04-12,2024-05-16,133702.10015000007,0.07852774247597949,TRAIL
002710,2024-04-12,2024-05-16,-135495.15000000014,-0.08070334499940461,REBAL
425420,2024-04-12,2024-05-16,-70466.98999999999,-0.04209691749225233,REBAL
290690,2024-05-16,2024-05-21,-500798.409,-0.32240429017284056,TRAIL
065350,2024-05-16,2024-05-21,-197518.0,-0.13294549542958212,TRAIL
058450,2024-05-16,2024-05-28,-194397.81000000006,-0.1252900434341777,TRAIL
022100,2024-05-16,2024-05-29,-216558.2250000001,-0.14121260550367085,TRAIL
348370,2024-05-16,2024-05-29,-93566.125,-0.06058907459015325,TRAIL
042700,2024-05-16,2024-06-03,-18028.5,-0.012175653171266836,TRAIL
066790,2024-05-16,2024-06-03,-205436.81024999986,-0.13226645866129683,TRAIL
101000,2024-05-16,2024-06-04,-232485.1200000001,-0.14983744303806726,TRAIL
298040,2024-05-16,2024-06-05,367549.0,0.23723864567056446,TRAIL
033100,2024-05-16,2024-06-05,-107017.02000000002,-0.07166404652348915,TRAIL
267260,2024-05-16,2024-06-07,-2827.125,-0.002176398875397339,TRAIL
196170,2024-04-12,2024-06-17,849642.8399999999,0.5416215923772669,REBAL
080220,2024-05-16,2024-06-24,-262999.77,-0.16937309328314992,TRAIL
229640,2024-06-17,2024-06-25,-213011.5199999998,-0.12788005657900184,TRAIL
031980,2024-05-16,2024-06-27,600930.4500000002,0.3923138390850523,TRAIL
232140,2024-06-17,2024-06-28,-214555.57200000016,-0.12827043771457705,TRAIL
257720,2024-05-16,2024-07-01,793246.635,0.5166506580812348,TRAIL
290690,2024-06-17,2024-07-02,115367.06550000003,0.06865942489490381,TRAIL
065350,2024-06-17,2024-07-02,-161277.0,-0.09807716559746246,TRAIL
066790,2024-06-17,2024-07-02,-229233.60525000002,-0.13651977821134112,TRAIL
091440,2024-05-16,2024-07-03,-194822.25900000008,-0.1262429584670557,TRAIL
425420,2024-06-17,2024-07-03,-195283.70999999996,-0.11690003098378611,TRAIL
025320,2024-06-17,2024-07-05,192907.78185000014,0.11502588878543331,TRAIL
058450,2024-06-17,2024-07-11,-226018.62774999999,-0.13449764520511723,TRAIL
042700,2024-06-17,2024-07-15,-197746.96500000008,-0.1224701247583137,TRAIL
007660,2024-05-16,2024-07-16,227848.03520000004,0.15061009422460006,REBAL
241710,2024-05-16,2024-07-16,1332765.15,0.8700877324410261,REBAL
033100,2024-06-17,2024-07-16,626326.3399999999,0.3885757093628041,REBAL
041020,2024-06-17,2024-07-16,-156951.338,-0.0934874957010563,REBAL
089030,2024-05-16,2024-07-17,663697.8600000003,0.430086599320863,TRAIL
091440,2024-07-16,2024-07-17,-215362.59000000008,-0.12932881677089317,TRAIL
107640,2024-07-16,2024-07-17,-315402.48,-0.1923322245351911,TRAIL
298040,2024-07-16,2024-07-19,-205879.80000000005,-0.13031895449510633,TRAIL
066790,2024-07-16,2024-07-19,-215666.52799999993,-0.12904274475497085,TRAIL
267260,2024-06-17,2024-07-22,13996.0,0.009641326267895368,TRAIL
058450,2024-07-16,2024-07-22,-207401.74199999985,-0.12408380964300685,TRAIL
229640,2024-07-16,2024-07-24,-205382.2799999998,-0.12424077136873979,TRAIL
042700,2024-07-16,2024-07-25,-246832.6499999999,-0.15447939756498066,TRAIL
031980,2024-07-16,2024-07-25,-255643.43999999994,-0.15442052959850885,TRAIL
087010,2024-07-16,2024-07-29,-22994.60639999993,-0.013908585474633845,TRAIL
065350,2024-07-16,2024-07-31,-211314.1499999999,-0.1287884665748063,TRAIL
003230,2024-07-16,2024-08-02,-120873.0,-0.09491678908877432,TRAIL
018290,2024-07-16,2024-08-02,64602.627499999944,0.03927475338844197,TRAIL
196170,2024-07-16,2024-08-05,-97967.125,-0.06989613729924872,TRAIL
232140,2024-07-16,2024-08-05,-121753.65800000005,-0.07296463304487978,TRAIL
033790,2024-07-16,2024-08-05,90168.98399999994,0.05411283872861274,TRAIL
323280,2024-07-16,2024-08-05,38114.35849999986,0.02277813483952541,TRAIL
257720,2024-07-16,2024-08-05,-266247.095,-0.16237712941022694,TRAIL
066790,2024-08-14,2024-08-16,-443773.3703999999,-0.29125098870524513,TRAIL
091440,2024-08-14,2024-08-19,-216483.2955,-0.14218291821548076,TRAIL
087010,2024-08-14,2024-08-19,-283991.5962500002,-0.18793254343565596,TRAIL
304360,2024-08-14,2024-08-20,-318006.74,-0.2124691988828232,TRAIL
000250,2024-08-14,2024-08-21,-77470.19999999995,-0.05583060000479965,TRAIL
003230,2024-08-14,2024-08-22,-152327.6000000001,-0.1309402964559776,TRAIL
065350,2024-08-14,2024-08-23,27784.215000000084,0.018307474012247936,TRAIL
058450,2024-08-14,2024-08-23,-222446.42599999998,-0.14584815053928857,TRAIL
025320,2024-08-14,2024-08-26,-204298.85920000006,-0.13414790636450277,TRAIL
089030,2024-08-14,2024-08-26,-38296.49499999988,-0.025745392798281894,TRAIL
257720,2024-08-14,2024-08-26,-173878.4850000001,-0.1172158699010615,TRAIL
033100,2024-08-14,2024-08-27,-177083.05999999982,-0.12108409666233218,TRAIL
107640,2024-08-14,2024-08-29,-152606.76749999984,-0.10096471025533742,TRAIL
042700,2024-08-14,2024-08-29,-102782.82000000007,-0.07171329668282987,TRAIL
080220,2024-08-14,2024-09-03,-184899.11100000003,-0.12197788869330883,TRAIL
267260,2024-08-14,2024-09-03,-23280.625,-0.016347193697371046,TRAIL
033790,2024-08-14,2024-09-03,-186744.0,-0.12259739929887475,TRAIL
229640,2024-08-14,2024-09-04,-197300.47499999986,-0.13104185124270457,TRAIL
006340,2024-08-14,2024-09-04,-132350.03600000008,-0.08681701710785045,TRAIL
323280,2024-09-13,2024-09-20,-183658.28399999999,-0.13371185718423287,TRAIL
033790,2024-09-13,2024-09-23,-191726.59899999993,-0.1397795473762608,TRAIL
317690,2024-09-13,2024-09-25,65715.36749999993,0.04785643163904812,TRAIL
058450,2024-09-13,2024-09-26,399367.0389999999,0.2902607813821985,TRAIL
018290,2024-09-13,2024-10-02,-120339.08250000002,-0.08755889533854251,TRAIL
070300,2024-09-13,2024-10-04,-99677.76809999999,-0.07250572783652957,TRAIL
304360,2024-09-13,2024-10-07,216932.76,0.1583944253582065,TRAIL
091440,2024-09-13,2024-10-14,-98176.54700000002,-0.0714094735594794,TRAIL
257720,2024-09-13,2024-10-14,-133881.9475,-0.09770807738710902,TRAIL
024060,2024-09-13,2024-10-15,230404.00500000012,0.16856320570829383,TRAIL
089030,2024-09-13,2024-10-16,-49806.070000000065,-0.03683736305987845,TRAIL
267260,2024-09-13,2024-10-16,29127.299999999814,0.024994709692101345,TRAIL
051980,2024-09-13,2024-10-17,292764.3389999999,0.21285296556846944,TRAIL
232140,2024-09-13,2024-10-17,-132918.43949999986,-0.09746135693951946,TRAIL
080220,2024-09-13,2024-10-22,-125783.75450000004,-0.09150778180486292,TRAIL
388610,2024-09-13,2024-10-22,-65887.75199999986,-0.04830314435563088,TRAIL
033100,2024-09-13,2024-10-22,66218.16000000015,0.048691178289843116,REBAL
003230,2024-09-13,2024-10-22,77526.90000000002,0.07503667294239534,REBAL
064090,2024-09-13,2024-10-22,-72523.05249999999,-0.05283812381056556,REBAL
323280,2024-10-22,2024-10-23,-450139.57889999985,-0.3239478978736496,TRAIL
257720,2024-10-22,2024-10-25,-189876.55499999993,-0.13832071457174425,TRAIL
304360,2024-10-22,2024-10-28,-173235.45499999984,-0.125982135469583,TRAIL
123330,2024-10-22,2024-10-28,-192763.6200000001,-0.13808247021948863,TRAIL
051980,2024-10-22,2024-10-30,-208394.59100000001,-0.1498748704013497,TRAIL
033790,2024-10-22,2024-10-30,-226813.66399999987,-0.16273497866833664,TRAIL
080220,2024-10-22,2024-11-07,-176367.35100000002,-0.12733175873267785,TRAIL
348370,2024-10-22,2024-11-07,-211955.66000000015,-0.16173582198653377,TRAIL
028300,2024-10-22,2024-11-07,-177881.89500000002,-0.13264469264601028,TRAIL
321820,2024-10-22,2024-11-08,-43736.76699999999,-0.03159325958820825,TRAIL
388610,2024-10-22,2024-11-11,-143217.24249999993,-0.10336553477969783,TRAIL
024060,2024-10-22,2024-11-11,-144457.19999999995,-0.10437736186718603,TRAIL
241710,2024-10-22,2024-11-11,-147345.03000000003,-0.10844074407269838,TRAIL
089030,2024-10-22,2024-11-12,41053.14000000013,0.029975133859219887,TRAIL
232140,2024-10-22,2024-11-12,-171598.0190000001,-0.12309746334088685,TRAIL
058450,2024-10-22,2024-11-12,-162610.20400000014,-0.1165361447238902,TRAIL
039980,2024-10-22,2024-11-13,-73595.21999999997,-0.05272757984368929,TRAIL
196170,2024-08-14,2024-11-19,395254.875,0.2672086998428964,TRAIL
448900,2024-10-22,2024-11-20,-45111.659999999916,-0.032823310884790124,REBAL
196170,2024-11-20,2024-11-21,-170953.42499999993,-0.14158959733619766,TRAIL
304360,2024-11-20,2024-11-21,-212567.15999999992,-0.1680302220347834,TRAIL
141080,2024-11-20,2024-11-22,-160686.68000000005,-0.13300911791002792,TRAIL
012450,2024-11-20,2024-11-26,-188714.06669999997,-0.16703778370110295,TRAIL
051980,2024-11-20,2024-11-29,-84443.7080000001,-0.06704186348227763,TRAIL
003350,2024-11-20,2024-11-29,-218323.47499999998,-0.1768921896535402,TRAIL
348370,2024-11-20,2024-11-29,-103807.5299999998,-0.08336411679390682,TRAIL
123330,2024-11-20,2024-11-29,-64274.56799999997,-0.05091901998054857,TRAIL
323280,2024-11-20,2024-11-29,-17080.98999999999,-0.013672064608671413,TRAIL
267260,2024-10-22,2024-12-02,50570.39999999991,0.03933980595212694,TRAIL
080220,2024-11-20,2024-12-02,-169718.40899999999,-0.1350827572388139,TRAIL
089030,2024-11-20,2024-12-02,-8652.060000000056,-0.006998802688861208,TRAIL
232140,2024-11-20,2024-12-03,-75897.47250000015,-0.06027453044383586,TRAIL
176750,2024-11-20,2024-12-03,-49414.825500000035,-0.0390995221105653,TRAIL
033790,2024-11-20,2024-12-03,-136840.35900000017,-0.10839612148731674,TRAIL
321820,2024-11-20,2024-12-06,-305947.2849999999,-0.24389134060076717,TRAIL
388610,2024-11-20,2024-12-09,-100912.83450000011,-0.07999564934505465,TRAIL
257720,2024-11-20,2024-12-09,-148052.9375,-0.11828737177809429,TRAIL
229640,2024-11-20,2024-12-19,350000.43000000017,0.2783869978096619,REBAL
071280,2024-11-20,2024-12-19,381703.1909999999,0.30223126163532615,REBAL
321820,2024-12-19,2024-12-24,-150705.446,-0.12812352865444843,TRAIL
001380,2024-12-19,2024-12-26,-1608.158000000054,-0.0013555250526544173,TRAIL
033790,2024-12-19,2024-12-26,-182898.14399999997,-0.15396444574176588,TRAIL
323280,2024-12-19,2024-12-26,-168703.8408,-0.14379266951813705,TRAIL
255220,2024-12-19,2024-12-27,-113700.92275000014,-0.09565427178100036,TRAIL
007390,2024-12-19,2025-01-13,-150860.38950000005,-0.12864395725937075,TRAIL
115450,2024-12-19,2025-01-15,128689.08415000001,0.10837833879326879,TRAIL
123330,2024-12-19,2025-01-15,327715.6939999999,0.27613312682047436,TRAIL
087010,2024-12-19,2025-01-15,-54885.95999999996,-0.04849868511084861,TRAIL
000500,2024-12-19,2025-01-22,361588.125,0.30672847244776785,REBAL
304360,2024-12-19,2025-01-22,411410.35199999996,0.3482464479927505,REBAL
012450,2024-12-19,2025-01-22,366317.5874000001,0.312252991197287,REBAL
051980,2024-12-19,2025-01-23,22418.32799999998,0.018887125958993296,TRAIL
033790,2025-01-22,2025-01-23,-176388.5199999998,-0.13643015812905432,TRAIL
089030,2024-12-19,2025-01-31,293581.04000000004,0.2538467881050366,TRAIL
232140,2024-12-19,2025-02-03,20493.1044999999,0.017332987146748368,TRAIL
006340,2024-12-19,2025-02-03,22361.70299999998,0.01885182270803321,TRAIL
257720,2024-12-19,2025-02-03,19719.77000000002,0.01679781537944652,TRAIL
071280,2025-01-22,2025-02-03,-76677.2544999998,-0.05948951170269009,TRAIL
267260,2024-12-19,2025-02-05,73274.25,0.06674882025205896,TRAIL
323280,2025-01-22,2025-02-05,26158.049999999814,0.02040851614667722,TRAIL
065500,2025-01-22,2025-02-06,39103.31700000004,0.03012823912294679,TRAIL
115450,2025-01-22,2025-02-10,-180523.08019999997,-0.13944970281574592,TRAIL
058450,2025-01-22,2025-02-12,-197873.21050000004,-0.1525233961713261,TRAIL
082800,2025-01-22,2025-02-18,1155.5920000001788,0.0008953965105499969,TRAIL
388610,2024-12-19,2025-02-24,-70236.05249999999,-0.05919085908348255,TRAIL
025950,2025-01-22,2025-02-26,374454.8800000001,0.29367521320330875,REBAL
039980,2025-01-22,2025-02-26,-29412.55199999991,-0.022710331716656616,REBAL
321820,2025-01-22,2025-02-26,21520.336499999976,0.016596496684639205,REBAL
003160,2025-02-26,2025-02-27,-162231.186,-0.1293585228792617,TRAIL
000150,2025-02-26,2025-02-28,-137620.2749999999,-0.12485212849909245,TRAIL
000155,2025-02-26,2025-02-28,-152683.3700000001,-0.1324428882469052,TRAIL
089030,2025-02-26,2025-03-04,-187214.28500000003,-0.15172351795435252,TRAIL
051980,2025-02-26,2025-03-04,-190241.142,-0.1513159866153923,TRAIL
033790,2025-02-26,2025-03-04,-191796.54000000004,-0.15255313532295006,TRAIL
323280,2025-02-26,2025-03-06,-237010.37249999994,-0.1923292904848432,TRAIL
257720,2025-02-26,2025-03-07,-163734.5399999998,-0.13137844846302385,TRAIL
115450,2025-02-26,2025-03-10,-161883.82640000014,-0.12879120563939125,TRAIL
123330,2025-01-22,2025-03-11,-38156.80000000005,-0.029740905255094013,TRAIL
062970,2025-02-26,2025-03-11,-161435.12624999997,-0.1280628435228082,TRAIL
196170,2024-12-19,2025-03-12,296426.8999999999,0.25927005309918105,TRAIL
100840,2025-02-26,2025-03-12,-27788.449999999953,-0.022509553151010355,TRAIL
101930,2025-02-26,2025-03-12,-172663.2250000001,-0.1370672683298769,TRAIL
065500,2025-02-26,2025-03-19,449766.41599999997,0.3564399456944988,TRAIL
161580,2025-02-26,2025-03-21,-88887.32000000007,-0.07229183487395639,TRAIL
000500,2025-02-26,2025-03-25,-109169.45999999996,-0.08805237349141508,TRAIL
006340,2025-02-26,2025-03-25,-170223.3225,-0.13505523693623894,TRAIL
267260,2025-02-26,2025-03-27,-116368.57499999995,-0.11345525120489179,TRAIL
323280,2025-03-28,2025-04-01,-165481.52249999996,-0.14396954738006346,TRAIL
062970,2025-03-28,2025-04-02,-170147.53000000014,-0.1471000866422579,TRAIL
950160,2025-03-28,2025-04-03,-145648.70750000002,-0.12921917119112816,TRAIL
003230,2025-01-22,2025-04-04,68802.80000000005,0.09440077976261373,TRAIL
347700,2025-03-28,2025-04-04,-167252.9430000001,-0.14530565968539172,TRAIL
000150,2025-03-28,2025-04-04,-118898.47499999998,-0.13022138028109778,TRAIL
065500,2025-03-28,2025-04-04,248103.9495000001,0.21445046529824047,TRAIL
010120,2025-03-28,2025-04-07,-166548.32999999996,-0.1540342772478316,TRAIL
161580,2025-03-28,2025-04-07,-239518.70999999996,-0.21260426542533933,TRAIL
123330,2025-03-28,2025-04-07,-173202.51000000013,-0.1508839664318008,TRAIL
042660,2025-03-28,2025-04-07,-97963.7749999999,-0.0846464066323727,TRAIL
100840,2025-03-28,2025-04-07,-37793.242499999935,-0.03264567838048633,TRAIL
033790,2025-03-28,2025-04-09,-167277.74800000014,-0.1445664791096027,TRAIL
196170,2025-03-28,2025-04-28,-5991.225000000093,-0.005457677159638593,REBAL
226950,2025-03-28,2025-04-28,221470.46999999997,0.19461253762448716,REBAL
065500,2025-04-28,2025-04-29,-224801.40800000005,-0.18516887397674495,TRAIL
950160,2025-04-28,2025-04-29,-150127.38000000012,-0.1240322016777481,TRAIL
013360,2025-04-28,2025-04-29,-155339.65899999999,-0.12711881336463066,TRAIL
033790,2025-04-28,2025-05-07,-150722.62800000003,-0.12360385556609901,TRAIL
064350,2025-04-28,2025-05-12,-55498.950000000186,-0.048884655661862036,TRAIL
007390,2025-04-28,2025-05-15,-143125.06999999983,-0.11879729535896594,TRAIL
257720,2025-03-28,2025-05-19,484507.42999999993,0.427141117811604,TRAIL
012170,2025-04-28,2025-05-19,-149557.24425,-0.12249729477767234,TRAIL
062970,2025-04-28,2025-05-22,-150592.43519999995,-0.12316702435283962,TRAIL
347700,2025-04-28,2025-05-27,-12596.241000000155,-0.010319694850921567,TRAIL
119850,2025-03-28,2025-05-28,905451.2504999998,0.7846500417703055,TRAIL
100840,2025-04-28,2025-05-28,106862.91000000015,0.0874202774916955,TRAIL
323280,2025-04-28,2025-05-30,3840.752499999944,0.003156442906191814,TRAIL
214450,2025-04-28,2025-05-30,176296.7250000001,0.15467212705388814,REBAL
065500,2025-05-30,2025-06-02,-216954.33600000013,-0.1676220394997974,TRAIL
087010,2025-03-28,2025-06-04,933701.0799999998,0.809713975654859,TRAIL
226950,2025-05-30,2025-06-05,-43832.4375,-0.034542081340186596,TRAIL
033790,2025-05-30,2025-06-17,-147190.50149999978,-0.11372677593606842,TRAIL
310210,2025-05-30,2025-06-18,-177510.35999999987,-0.13926049133976595,TRAIL
012170,2025-05-30,2025-06-23,-161907.74600000004,-0.12531519540118366,TRAIL
042660,2025-05-30,2025-06-26,25167.280000000028,0.020040155351957516,TRAIL
323280,2025-05-30,2025-06-26,222099.8999999999,0.1739959047095839,TRAIL
012450,2025-03-28,2025-06-30,180059.02375000005,0.27058666826225414,TRAIL
101930,2025-03-28,2025-06-30,81760.39500000002,0.07148676343633395,TRAIL
082270,2025-04-28,2025-07-01,817668.3899999999,0.6836842051530242,TRAIL
042000,2025-05-30,2025-07-01,80005.03000000003,0.06370625789270912,TRAIL
123330,2025-04-28,2025-07-02,877253.44,0.727778868254995,TRAIL
329180,2025-05-30,2025-07-02,3998.100000000093,0.00329090026074472,TRAIL
260970,2025-05-30,2025-07-02,551774.6499999999,0.43644348910061626,REBAL
007390,2025-05-30,2025-07-02,116849.625,0.09047705603672056,REBAL
127120,2025-05-30,2025-07-02,118787.72400000005,0.15339134739077373,REBAL
419530,2025-07-02,2025-07-03,-165278.625,-0.12887492030534908,TRAIL
347700,2025-05-30,2025-07-04,68694.56999999983,0.053215186899885844,TRAIL
100840,2025-07-02,2025-07-04,-167992.7999999998,-0.13044141028861572,TRAIL
065500,2025-07-02,2025-07-14,-55945.66250000009,-0.04286205092331745,TRAIL
012170,2025-07-02,2025-07-24,-139177.67449999996,-0.10666354954261069,TRAIL
123330,2025-07-02,2025-07-25,-117118.6499999999,-0.09136529074039075,TRAIL
950160,2025-05-30,2025-07-28,-56210.20750000002,-0.04417438238708414,TRAIL
389470,2025-07-02,2025-07-28,709.7000000001863,0.0005512323347591843,TRAIL
082270,2025-07-02,2025-07-29,-172825.3799999999,-0.1330149939220381,TRAIL
310210,2025-07-02,2025-07-30,39803.00499999989,0.03156592625903783,TRAIL
323280,2025-07-02,2025-07-31,234047.28000000003,0.18275362320198565,TRAIL
003230,2025-04-28,2025-07-31,421902.7499999999,0.4502330332937633,REBAL
226950,2025-07-02,2025-07-31,187197.0375000001,0.14509914110936323,REBAL
083650,2025-07-02,2025-08-01,-84310.70999999996,-0.06460595631479492,TRAIL
052400,2025-07-31,2025-08-01,-180820.64000000013,-0.13867700792737012,TRAIL
347700,2025-07-31,2025-08-07,256388.72999999998,0.19313289716825652,TRAIL
064350,2025-07-02,2025-08-11,-148019.96999999997,-0.12020320533825123,TRAIL
000880,2025-07-31,2025-08-11,-164539.76500000013,-0.1318286369007238,TRAIL
002020,2025-07-31,2025-08-11,-203649.31999999983,-0.15342841476757893,TRAIL
123330,2025-07-31,2025-08-11,-102256.37999999989,-0.07837547593747844,TRAIL
012450,2025-07-02,2025-08-12,14531.600000000093,0.017424859370907243,TRAIL
000157,2025-07-02,2025-08-12,-18134.175000000047,-0.01588889881898978,TRAIL
119850,2025-07-31,2025-08-13,-27862.67749999999,-0.021212402611996195,TRAIL
000155,2025-07-02,2025-08-18,9167.474999999977,0.008745887787783282,TRAIL
419530,2025-07-31,2025-08-18,-220794.47999999998,-0.16647105828297457,TRAIL
087010,2025-07-02,2025-08-19,629927.49,0.5380570425078374,TRAIL
082270,2025-07-31,2025-08-19,-58890.6875,-0.04551105686874021,TRAIL
124500,2025-07-31,2025-08-20,-145930.66950000008,-0.10993185362965,TRAIL
347850,2025-07-31,2025-09-01,252154.12600000016,0.19251573198847144,REBAL
115180,2025-07-31,2025-09-01,268278.5159999998,0.2007990514172795,REBAL
049470,2025-09-01,2025-09-02,-168723.6760000002,-0.1268591673591991,TRAIL
214450,2025-07-02,2025-09-03,298248.04999999993,0.31658390937563136,TRAIL
083650,2025-09-01,2025-09-12,-176181.89749999996,-0.13518168770225192,TRAIL
082270,2025-09-01,2025-09-15,184641.34749999992,0.1388408581006987,TRAIL
226950,2025-09-01,2025-09-17,413448.6300000001,0.3187263334361595,TRAIL
007390,2025-09-01,2025-09-17,26008.60499999998,0.01973018110512622,TRAIL
100840,2025-07-31,2025-09-18,109371.75,0.0846869123763486,TRAIL
119850,2025-09-01,2025-09-22,63374.19999999995,0.047864955301403354,TRAIL
124500,2025-09-01,2025-09-22,164258.22750000004,0.12388965470607681,TRAIL
323280,2025-09-01,2025-09-23,-89688.21999999997,-0.06881111991967358,TRAIL
347700,2025-09-01,2025-09-25,-168523.11800000002,-0.12673508434732375,TRAIL
071970,2025-09-01,2025-09-25,-146217.75,-0.11438736899933497,TRAIL
127120,2025-07-31,2025-09-30,741170.5009999999,0.5558744370412481,TRAIL
123330,2025-09-01,2025-09-30,-198270.4500000002,-0.15201896057875425,TRAIL
052400,2025-09-01,2025-09-30,-61086.41500000004,-0.04674857977071391,REBAL
012450,2025-09-01,2025-09-30,159846.69999999995,0.17839451111668503,REBAL
064350,2025-09-01,2025-09-30,122020.37999999989,0.10401110919063651,REBAL
127120,2025-09-30,2025-10-01,-192085.8500000001,-0.1395383309194427,TRAIL
082270,2025-09-30,2025-10-10,-236427.18000000017,-0.17571101269254655,TRAIL
049470,2025-09-30,2025-10-13,-183551.41475,-0.1315858747597962,TRAIL
347850,2025-09-30,2025-10-13,-171746.0329,-0.1243667448918203,TRAIL
016880,2025-09-30,2025-10-13,-175779.62624999997,-0.12634035048882972,TRAIL
123330,2025-09-30,2025-10-13,-195919.53500000015,-0.14119880684058467,TRAIL
087010,2025-09-01,2025-10-14,-154559.5,-0.12654259077470745,TRAIL
097230,2025-09-30,2025-10-14,-153476.56999999983,-0.11000306736804902,TRAIL
419530,2025-09-01,2025-10-17,-147611.01,-0.11129336679485259,TRAIL
119850,2025-09-30,2025-10-17,168038.73249999993,0.12294137332618664,TRAIL
100840,2025-09-30,2025-10-17,-170048.25,-0.12581697714295229,TRAIL
083650,2025-09-30,2025-10-21,49372.935000000056,0.036336738391875026,TRAIL
115310,2025-09-30,2025-11-05,38476.72499999986,0.028685272125143754,REBAL
108490,2025-09-01,2025-11-06,1762081.9083000002,1.4062934692454934,TRAIL
278470,2025-09-30,2025-11-06,-62363.125,-0.05074663119083116,TRAIL
097230,2025-11-05,2025-11-07,-214378.72999999998,-0.14172511592474796,TRAIL
100840,2025-11-05,2025-11-07,-189603.92000000016,-0.12632479052504783,TRAIL
083650,2025-11-05,2025-11-07,-191488.55000000005,-0.12989378004768204,TRAIL
347850,2025-11-05,2025-11-10,-241687.0512000001,-0.1677397913792423,TRAIL
082270,2025-11-05,2025-11-10,-280528.32000000007,-0.1871034208096587,TRAIL
119850,2025-11-05,2025-11-12,-257470.56000000006,-0.16968514711644558,TRAIL
127120,2025-11-05,2025-11-13,-2036.627999999997,-0.10120838647495664,TRAIL
168360,2025-11-05,2025-11-14,-223830.20499999984,-0.14846476920092253,TRAIL
098120,2025-11-05,2025-11-14,-440886.5925,-0.2948842609624886,TRAIL
016880,2025-11-05,2025-11-17,-329236.3330000001,-0.2170480260120836,TRAIL
030530,2025-11-05,2025-11-17,-230527.25,-0.15249168753946207,TRAIL
071970,2025-11-05,2025-11-18,-183006.31999999983,-0.1263800501105144,TRAIL
298040,2025-09-30,2025-11-19,673509.3499999999,0.5031680657744714,TRAIL
000157,2025-09-30,2025-11-21,580738.6000000001,0.43032011702862194,TRAIL
000155,2025-09-30,2025-11-24,832126.3999999999,0.6315885667652412,TRAIL
087010,2025-11-05,2025-11-24,139032.40000000014,0.1253363685912826,TRAIL
226950,2025-09-30,2025-12-03,354647.02,0.2646739722122906,TRAIL
458870,2025-09-30,2025-12-05,1130789.1648,0.8141103963489316,TRAIL
347850,2025-12-04,2025-12-08,-184170.2799999998,-0.13715980276127115,TRAIL
083650,2025-12-04,2025-12-09,7836.614999999991,0.005706921292482142,TRAIL
127120,2025-12-04,2025-12-12,-179464.67999999993,-0.1280710824527102,TRAIL
356860,2025-12-04,2025-12-15,-190969.8999999999,-0.14171659500934988,TRAIL
160190,2025-12-04,2025-12-17,-95562.3899999999,-0.06953133703932778,TRAIL
030530,2025-12-04,2025-12-17,404737.6199999999,0.29346160452065484,TRAIL
090710,2025-12-04,2025-12-18,-78120.74600000004,-0.05578584627678173,TRAIL
090360,2025-12-04,2025-12-18,-166683.21500000008,-0.12061123550281715,TRAIL
000150,2025-12-04,2025-12-18,-123295.0,-0.1383745771015018,TRAIL
000155,2025-12-04,2025-12-18,-138073.69999999995,-0.12652761251166658,TRAIL
108490,2025-12-04,2025-12-18,-17987.875,-0.013333738556874808,TRAIL
119850,2025-12-04,2025-12-18,-145195.80000000005,-0.10601536303426502,TRAIL
000157,2025-12-04,2025-12-18,-154588.94999999995,-0.15692213101274993,TRAIL
278470,2025-12-04,2025-12-23,-62404.125,-0.05036965065931754,TRAIL
012210,2025-12-04,2025-12-29,276646.8304999999,0.1978017552541849,TRAIL
098120,2025-12-04,2025-12-29,-195949.26,-0.14048534108256128,TRAIL
097230,2025-12-04,2025-12-30,-89147.1649999998,-0.06411633318112728,TRAIL
042660,2025-12-04,2026-01-07,120250.73999999999,0.0915771656739306,REBAL
012210,2026-01-07,2026-01-08,-204241.9959999998,-0.15180250577004972,TRAIL
356860,2026-01-07,2026-01-08,-193918.40999999992,-0.14502520214960338,TRAIL
000650,2026-01-07,2026-01-09,-172670.3999999999,-0.13688258502721862,TRAIL
347850,2026-01-07,2026-01-14,-89484.78500000015,-0.07001566324999174,TRAIL
115180,2026-01-07,2026-01-14,-101831.58000000007,-0.07559614136051239,TRAIL
226950,2026-01-07,2026-01-14,-132545.67999999993,-0.1102543533963257,TRAIL
298380,2026-01-07,2026-01-21,-156931.91999999993,-0.12901370830951805,TRAIL
007660,2026-01-07,2026-01-21,-101737.01999999979,-0.07977716817369854,TRAIL
437730,2026-01-07,2026-01-23,139059.7250000001,0.10521132405051271,TRAIL
127120,2026-01-07,2026-01-30,276797.78099999996,0.2058428103847822,TRAIL
000155,2026-01-07,2026-02-02,-81853.5,-0.08208782791356205,TRAIL
160190,2026-01-07,2026-02-02,485185.80000000005,0.37051106823483276,TRAIL
108490,2026-01-07,2026-02-05,186796.875,0.14896790846215474,TRAIL
097230,2026-01-07,2026-02-05,98634.51000000001,0.07401488288468262,REBAL
300080,2026-01-07,2026-02-05,23674.33799999999,0.017694130514387212,REBAL
950160,2026-01-07,2026-02-05,644386.8049999999,0.48953955840956304,REBAL
000157,2026-01-07,2026-02-05,-77467.59999999998,-0.08607187385230008,REBAL
466100,2026-01-07,2026-02-06,97706.41500000004,0.0729076510466572,TRAIL
030530,2026-01-07,2026-02-06,-192321.97499999986,-0.1465301745098399,TRAIL
389470,2026-02-05,2026-02-06,-207293.15500000003,-0.15186668747399346,TRAIL
347850,2026-02-05,2026-02-06,-216509.4750000001,-0.15739503283014933,TRAIL
084670,2026-02-05,2026-02-06,-232850.51,-0.17265462067000947,TRAIL
226950,2026-02-05,2026-02-06,-176614.24499999988,-0.13852483072028995,TRAIL
319400,2026-02-05,2026-02-11,-179111.90000000014,-0.13039807428454372,TRAIL
000650,2026-02-05,2026-02-12,-172883.6000000001,-0.13161967396031157,TRAIL
043260,2026-02-05,2026-02-12,54003.75749999983,0.03900764690082475,TRAIL
445680,2026-02-05,2026-02-13,-162794.19999999995,-0.12673982986595808,TRAIL
437730,2026-02-05,2026-02-13,-179951.77000000002,-0.1300333235747277,TRAIL
049630,2026-02-05,2026-02-13,-209954.1372499999,-0.14970782532851357,TRAIL
012200,2026-02-05,2026-02-13,-71781.05850000004,-0.051155921647959283,TRAIL
458870,2026-01-07,2026-02-19,323785.10175000015,0.24528592894044718,TRAIL
115180,2026-02-05,2026-02-19,-79513.5,-0.05681127647411485,TRAIL
090710,2026-02-05,2026-03-03,-120996.38599999994,-0.08697029445756559,TRAIL
108490,2026-02-05,2026-03-03,-182435.90000000002,-0.15060028075151594,TRAIL
402340,2026-02-05,2026-03-03,111369.20000000007,0.10634920892598757,TRAIL
298380,2026-02-05,2026-03-04,-307135.99,-0.22348888273640846,TRAIL
124500,2026-02-05,2026-03-04,-50350.439999999944,-0.036286149715705686,TRAIL
043260,2026-03-12,2026-03-17,-173279.8125,-0.14114639723950484,TRAIL
327260,2026-03-12,2026-03-17,-179386.79000000004,-0.1439780893194201,TRAIL
012210,2026-03-12,2026-03-17,-176052.95999999996,-0.13869229261987553,TRAIL
347850,2026-03-12,2026-03-19,-9981.360000000102,-0.007867656740203392,TRAIL
065170,2026-03-12,2026-03-19,-37652.367499999935,-0.029662526236637107,TRAIL
445680,2026-03-12,2026-03-20,441529.6200000001,0.3511884409851749,TRAIL
124500,2026-03-12,2026-03-20,-94193.54499999993,-0.07480151602092633,TRAIL
006800,2026-03-12,2026-03-23,-162443.06904999982,-0.1340688918086798,TRAIL
115180,2026-03-12,2026-03-23,-213228.4375,-0.17141529695578456,TRAIL
038500,2026-03-12,2026-03-23,-197038.46600000001,-0.15619514622404418,TRAIL
319400,2026-03-12,2026-03-23,-172362.06000000006,-0.13688258502721873,TRAIL
458870,2026-03-12,2026-03-24,116368.59875000012,0.09349844437197553,TRAIL
466100,2026-03-12,2026-03-26,-154345.17999999993,-0.12187184737551811,TRAIL
090710,2026-03-12,2026-03-27,16728.100000000093,0.013156602190945053,TRAIL
030530,2026-03-12,2026-03-27,-104273.42249999987,-0.08345644696099476,TRAIL
