date,is_bull,breadth,ral_mode,kospi_close
2019-10-25,True,0.49166666666666664,NORMAL,2087.889892578125
2019-10-28,True,0.475,NORMAL,2093.60009765625
2019-10-29,False,0.49372384937238495,NORMAL,2092.68994140625
2019-10-30,False,0.4309623430962343,NORMAL,2080.27001953125
2019-10-31,False,0.46502057613168724,NORMAL,2083.47998046875
2019-11-01,False,0.5169491525423728,NORMAL,2100.199951171875
2019-11-04,False,0.6625,NORMAL,2130.239990234375
2019-11-05,False,0.6790123456790124,NORMAL,2142.639892578125
2019-11-06,True,0.6680161943319838,NORMAL,2144.14990234375
2019-11-07,True,0.6774193548387096,NORMAL,2144.2900390625
2019-11-08,True,0.72,NORMAL,2137.22998046875
2019-11-11,True,0.6294820717131474,NORMAL,2124.090087890625
2019-11-12,True,0.6666666666666666,NORMAL,2140.919921875
2019-11-13,True,0.5856573705179283,NORMAL,2122.449951171875
2019-11-14,True,0.5945945945945946,NORMAL,2139.22998046875
2019-11-15,True,0.678030303030303,NORMAL,2162.179931640625
2019-11-18,True,0.6879699248120301,NORMAL,2160.68994140625
2019-11-19,True,0.6007604562737643,NORMAL,2153.239990234375
2019-11-20,True,0.4524714828897338,NORMAL,2125.320068359375
2019-11-21,True,0.34108527131782945,NORMAL,2096.60009765625
2019-11-22,True,0.32567049808429116,NORMAL,2101.9599609375
2019-11-25,True,0.4696969696969697,NORMAL,2123.5
2019-11-26,True,0.48872180451127817,NORMAL,2121.35009765625
2019-11-27,True,0.4344569288389513,NORMAL,2127.85009765625
2019-11-28,True,0.40977443609022557,NORMAL,2118.60009765625
2019-11-29,True,0.3088803088803089,NORMAL,2087.9599609375
2019-12-02,True,0.3346303501945525,NORMAL,2091.919921875
2019-12-03,False,0.29457364341085274,NORMAL,2084.070068359375
2019-12-04,False,0.2637795275590551,NORMAL,2068.889892578125
2019-12-05,False,0.25301204819277107,NORMAL,2060.739990234375
2019-12-06,False,0.31746031746031744,NORMAL,2081.85009765625
2019-12-09,False,0.304,NORMAL,2088.64990234375
2019-12-10,False,0.3654618473895582,NORMAL,2098.0
2019-12-11,False,0.4426229508196721,NORMAL,2105.6201171875
2019-12-12,True,0.5691056910569106,SURGE,2137.35009765625
2019-12-13,True,0.7103174603174603,SURGE,2170.25
2019-12-16,True,0.708,NORMAL,2168.14990234375
2019-12-17,True,0.7125984251968503,NORMAL,2195.679931640625
2019-12-18,True,0.7206477732793523,NORMAL,2194.760009765625
2019-12-19,True,0.7193675889328063,NORMAL,2196.56005859375
2019-12-20,True,0.7222222222222222,NORMAL,2204.179931640625
2019-12-23,True,0.7237354085603113,NORMAL,2203.7099609375
2019-12-24,True,0.66015625,NORMAL,2190.080078125
2019-12-26,True,0.7131782945736435,NORMAL,2197.929931640625
2019-12-27,True,0.7076923076923077,NORMAL,2204.2099609375
2019-12-30,True,0.7374517374517374,NORMAL,2197.669921875
2020-01-02,True,0.648854961832061,NORMAL,2175.169921875
2020-01-03,True,0.6412213740458015,NORMAL,2176.4599609375
2020-01-06,True,0.42528735632183906,NORMAL,2155.070068359375
2020-01-07,True,0.49624060150375937,NORMAL,2175.5400390625
2020-01-08,False,0.3284132841328413,NORMAL,2151.31005859375
2020-01-09,True,0.4218181818181818,SURGE,2186.449951171875
2020-01-10,True,0.4676258992805755,NORMAL,2206.389892578125
2020-01-13,True,0.524822695035461,NORMAL,2229.260009765625
2020-01-14,True,0.5770609318996416,NORMAL,2238.8798828125
2020-01-15,True,0.6071428571428571,NORMAL,2230.97998046875
2020-01-16,True,0.6312056737588653,NORMAL,2248.050048828125
2020-01-17,True,0.6134751773049646,NORMAL,2250.570068359375
2020-01-20,True,0.599290780141844,NORMAL,2262.639892578125
2020-01-21,True,0.519163763066202,NORMAL,2239.68994140625
2020-01-22,True,0.5821917808219178,NORMAL,2267.25
2020-01-23,True,0.5102739726027398,NORMAL,2246.1298828125
2020-01-28,False,0.32432432432432434,CRASH,2176.719970703125
2020-01-29,True,0.3559322033898305,NORMAL,2185.280029296875
2020-01-30,False,0.2568493150684932,NORMAL,2148.0
2020-01-31,False,0.20069204152249134,NORMAL,2119.010009765625
2020-02-03,False,0.1870748299319728,NORMAL,2118.8798828125
2020-02-04,False,0.25249169435215946,SURGE,2157.89990234375
2020-02-05,False,0.2912621359223301,NORMAL,2165.6298828125
2020-02-06,True,0.46774193548387094,SURGE,2227.93994140625
2020-02-07,True,0.4440789473684211,NORMAL,2211.949951171875
2020-02-10,True,0.43521594684385384,NORMAL,2201.070068359375
2020-02-11,True,0.47019867549668876,NORMAL,2223.1201171875
2020-02-12,True,0.5427631578947368,NORMAL,2238.3798828125
2020-02-13,True,0.49673202614379086,NORMAL,2232.9599609375
2020-02-14,True,0.501628664495114,NORMAL,2243.590087890625
2020-02-17,True,0.5197368421052632,NORMAL,2242.169921875
2020-02-18,True,0.39603960396039606,NORMAL,2208.8798828125
2020-02-19,True,0.40264026402640263,NORMAL,2210.340087890625
2020-02-20,False,0.347682119205298,NORMAL,2195.5
2020-02-21,False,0.25412541254125415,NORMAL,2162.840087890625
2020-02-24,False,0.16286644951140064,CRASH,2079.0400390625
2020-02-25,False,0.17704918032786884,NORMAL,2103.610107421875
2020-02-26,False,0.15946843853820597,NORMAL,2076.77001953125
2020-02-27,False,0.11186440677966102,NORMAL,2054.889892578125
2020-02-28,False,0.08135593220338982,CRASH,1987.010009765625
2020-03-02,False,0.08389261744966443,NORMAL,2002.510009765625
2020-03-03,False,0.10299003322259136,NORMAL,2014.1500244140625
2020-03-04,False,0.13333333333333333,SURGE,2059.330078125
2020-03-05,False,0.21666666666666667,NORMAL,2085.260009765625
2020-03-06,False,0.18181818181818182,CRASH,2040.219970703125
2020-03-09,False,0.09897610921501707,CRASH,1954.77001953125
2020-03-10,False,0.09059233449477352,NORMAL,1962.9300537109373
2020-03-11,False,0.06428571428571428,CRASH,1908.27001953125
2020-03-12,False,0.04059040590405904,CRASH,1834.3299560546875
2020-03-13,False,0.03731343283582089,CRASH,1771.43994140625
2020-03-16,False,0.041353383458646614,CRASH,1714.8599853515625
2020-03-17,False,0.05204460966542751,CRASH,1672.43994140625
2020-03-18,False,0.03409090909090909,CRASH,1591.199951171875
2020-03-19,False,0.024691358024691357,CRASH,1457.6400146484375
2020-03-20,False,0.04597701149425287,SURGE,1566.1500244140625
2020-03-23,False,0.0398406374501992,CRASH,1482.4599609375
2020-03-24,False,0.05813953488372093,SURGE,1609.969970703125
2020-03-25,False,0.09523809523809523,SURGE,1704.760009765625
2020-03-26,False,0.09252669039145907,NORMAL,1686.239990234375
2020-03-27,False,0.15845070422535212,SURGE,1717.72998046875
2020-03-30,False,0.25773195876288657,NORMAL,1717.1199951171875
2020-03-31,False,0.4560260586319218,SURGE,1754.6400146484375
2020-04-01,False,0.40764331210191085,CRASH,1685.4599609375
2020-04-02,False,0.6063492063492063,SURGE,1724.8599853515625
2020-04-03,False,0.6835443037974683,NORMAL,1725.43994140625
2020-04-06,False,0.9506172839506173,SURGE,1791.8800048828125
2020-04-07,False,0.993993993993994,SURGE,1823.5999755859373
2020-04-08,False,0.9940476190476191,NORMAL,1807.1400146484373
2020-04-09,False,1.0,SURGE,1836.2099609375
2020-04-10,False,0.9970326409495549,NORMAL,1860.699951171875
2020-04-13,False,0.9819277108433735,NORMAL,1825.760009765625
2020-04-14,False,0.9912023460410557,SURGE,1857.0799560546875
2020-04-16,False,0.9797687861271677,NORMAL,1857.0699462890625
2020-04-17,False,0.9856733524355301,SURGE,1914.530029296875
2020-04-20,False,0.9711815561959655,NORMAL,1898.3599853515625
2020-04-21,False,0.9263456090651558,NORMAL,1879.3800048828125
2020-04-22,False,0.9042253521126761,NORMAL,1896.1500244140625
2020-04-23,False,0.9176136363636364,NORMAL,1914.72998046875
2020-04-24,False,0.8295454545454546,NORMAL,1889.010009765625
2020-04-27,False,0.8848314606741573,SURGE,1922.77001953125
2020-04-28,False,0.8857938718662952,NORMAL,1934.0899658203125
2020-04-29,False,0.8977900552486188,NORMAL,1947.56005859375
2020-05-04,False,0.776536312849162,CRASH,1895.3699951171875
2020-05-06,False,0.8356545961002786,SURGE,1928.760009765625
2020-05-07,False,0.841225626740947,NORMAL,1928.6099853515625
2020-05-08,False,0.8833333333333333,NORMAL,1945.8199462890625
2020-05-11,False,0.8044692737430168,NORMAL,1935.4000244140625
2020-05-12,False,0.6647887323943662,NORMAL,1922.1700439453125
2020-05-13,False,0.7070422535211267,NORMAL,1940.4200439453125
2020-05-14,False,0.6353276353276354,NORMAL,1924.9599609375
2020-05-15,False,0.6203966005665722,NORMAL,1927.280029296875
2020-05-18,False,0.5920679886685553,NORMAL,1937.1099853515625
2020-05-19,False,0.7871148459383753,SURGE,1980.6099853515625
2020-05-20,False,0.7768361581920904,NORMAL,1989.6400146484373
2020-05-21,False,0.8011204481792717,NORMAL,1998.31005859375
2020-05-22,False,0.6217765042979942,NORMAL,1970.1300048828125
2020-05-25,False,0.6571428571428571,NORMAL,1994.5999755859373
2020-05-26,False,0.7612359550561798,SURGE,2029.780029296875
2020-05-27,False,0.7877094972067039,NORMAL,2031.199951171875
2020-05-28,False,0.6914600550964187,NORMAL,2028.5400390625
2020-05-29,False,0.6703296703296703,NORMAL,2029.5999755859373
2020-06-01,False,0.7493112947658402,SURGE,2065.080078125
2020-06-02,True,0.7857142857142857,NORMAL,2087.18994140625
2020-06-03,True,0.8085106382978723,SURGE,2147.0
2020-06-04,True,0.8,NORMAL,2151.179931640625
2020-06-05,True,0.8423772609819121,NORMAL,2181.8701171875
2020-06-08,True,0.8273195876288659,NORMAL,2184.2900390625
2020-06-09,True,0.817258883248731,NORMAL,2188.919921875
2020-06-10,True,0.8020050125313283,NORMAL,2195.68994140625
2020-06-11,True,0.6994949494949495,NORMAL,2176.780029296875
2020-06-12,True,0.4619289340101523,CRASH,2132.300048828125
2020-06-15,True,0.25384615384615383,CRASH,2030.8199462890625
2020-06-16,True,0.43147208121827413,SURGE,2138.050048828125
2020-06-17,True,0.4156171284634761,NORMAL,2141.050048828125
2020-06-18,True,0.47794117647058826,NORMAL,2133.47998046875
2020-06-19,True,0.4803921568627451,NORMAL,2141.320068359375
2020-06-22,True,0.43424317617866004,NORMAL,2126.72998046875
2020-06-23,True,0.42610837438423643,NORMAL,2131.239990234375
2020-06-24,True,0.4560975609756098,NORMAL,2161.510009765625
2020-06-25,True,0.38613861386138615,CRASH,2112.3701171875
2020-06-26,True,0.371571072319202,NORMAL,2134.64990234375
2020-06-29,False,0.2966751918158568,NORMAL,2093.47998046875
2020-06-30,False,0.34430379746835443,NORMAL,2108.330078125
2020-07-01,False,0.3069053708439898,NORMAL,2106.699951171875
2020-07-02,True,0.3979328165374677,NORMAL,2135.3701171875
2020-07-03,True,0.4315245478036176,NORMAL,2152.409912109375
2020-07-06,True,0.5380577427821522,SURGE,2187.929931640625
2020-07-07,True,0.5305039787798409,NORMAL,2164.169921875
2020-07-08,True,0.576,NORMAL,2158.8798828125
2020-07-09,True,0.6021220159151194,NORMAL,2167.89990234375
2020-07-10,True,0.5186170212765957,NORMAL,2150.25
2020-07-13,True,0.6026666666666667,SURGE,2186.06005859375
2020-07-14,True,0.6042780748663101,NORMAL,2183.610107421875
2020-07-15,True,0.6781914893617021,NORMAL,2201.8798828125
2020-07-16,True,0.6739130434782609,NORMAL,2183.760009765625
2020-07-17,True,0.6880222841225627,NORMAL,2201.18994140625
2020-07-20,True,0.6602739726027397,NORMAL,2198.199951171875
2020-07-21,True,0.7379679144385026,NORMAL,2228.830078125
2020-07-22,True,0.7289473684210527,NORMAL,2228.659912109375
2020-07-23,True,0.7010309278350515,NORMAL,2216.18994140625
2020-07-24,True,0.6149870801033591,NORMAL,2200.43994140625
2020-07-27,True,0.6122448979591837,NORMAL,2217.860107421875
2020-07-28,True,0.6105527638190955,SURGE,2256.989990234375
2020-07-29,True,0.6442786069651741,NORMAL,2263.159912109375
2020-07-30,True,0.6345679012345679,NORMAL,2267.010009765625
2020-07-31,True,0.6153846153846154,NORMAL,2249.3701171875
2020-08-03,True,0.5901234567901235,NORMAL,2251.0400390625
2020-08-04,True,0.6953316953316954,NORMAL,2279.969970703125
2020-08-05,True,0.6881188118811881,NORMAL,2311.860107421875
2020-08-06,True,0.7444717444717445,NORMAL,2342.610107421875
2020-08-07,True,0.7230392156862745,NORMAL,2351.669921875
2020-08-10,True,0.7615571776155717,NORMAL,2386.3798828125
2020-08-11,True,0.8229665071770335,NORMAL,2418.669921875
2020-08-12,True,0.7972027972027972,NORMAL,2432.35009765625
2020-08-13,True,0.8090909090909091,NORMAL,2437.530029296875
2020-08-14,True,0.7562076749435666,NORMAL,2407.489990234375
2020-08-18,True,0.39631336405529954,CRASH,2348.239990234375
2020-08-19,True,0.4942263279445728,NORMAL,2360.5400390625
2020-08-20,False,0.29107981220657275,CRASH,2274.219970703125
2020-08-21,False,0.3145539906103286,NORMAL,2304.590087890625
2020-08-24,True,0.3583138173302108,NORMAL,2329.830078125
2020-08-25,True,0.5129411764705882,SURGE,2366.72998046875
2020-08-26,True,0.4882075471698113,NORMAL,2369.320068359375
2020-08-27,True,0.38388625592417064,NORMAL,2344.449951171875
2020-08-28,True,0.42080378250591016,NORMAL,2353.800048828125
2020-08-31,True,0.43896713615023475,NORMAL,2326.169921875
2020-09-01,True,0.48491879350348027,NORMAL,2349.550048828125
2020-09-02,True,0.5460829493087558,NORMAL,2364.3701171875
2020-09-03,True,0.5852534562211982,NORMAL,2395.89990234375
2020-09-04,True,0.49885057471264366,NORMAL,2368.25
2020-09-07,True,0.5743243243243243,NORMAL,2384.219970703125
2020-09-08,True,0.5723981900452488,NORMAL,2401.909912109375
2020-09-09,True,0.5217391304347826,NORMAL,2375.81005859375
2020-09-10,True,0.5770114942528736,NORMAL,2396.47998046875
2020-09-11,True,0.6152073732718893,NORMAL,2396.68994140625
2020-09-14,True,0.7301587301587301,NORMAL,2427.909912109375
2020-09-15,True,0.7386363636363636,NORMAL,2443.580078125
2020-09-16,True,0.7004504504504504,NORMAL,2435.919921875
2020-09-17,True,0.6164383561643836,NORMAL,2406.169921875
2020-09-18,True,0.6195899772209568,NORMAL,2412.39990234375
2020-09-21,True,0.4700460829493088,NORMAL,2389.389892578125
2020-09-22,False,0.289044289044289,CRASH,2332.590087890625
2020-09-23,False,0.2662037037037037,NORMAL,2333.239990234375
2020-09-24,False,0.16393442622950818,CRASH,2272.699951171875
2020-09-25,False,0.14352941176470588,NORMAL,2278.7900390625
2020-09-28,False,0.2240566037735849,NORMAL,2308.080078125
2020-09-29,False,0.29314420803782504,NORMAL,2327.889892578125
2020-10-05,True,0.40617577197149646,NORMAL,2358.0
2020-10-06,True,0.42105263157894735,NORMAL,2365.89990234375
2020-10-07,True,0.5123762376237624,NORMAL,2386.93994140625
2020-10-08,True,0.5696517412935324,NORMAL,2391.9599609375
2020-10-12,True,0.63,NORMAL,2403.72998046875
2020-10-13,True,0.6225,NORMAL,2403.14990234375
2020-10-14,True,0.5037974683544304,NORMAL,2380.47998046875
2020-10-15,True,0.4494949494949495,NORMAL,2361.2099609375
2020-10-16,True,0.41581632653061223,NORMAL,2341.530029296875
2020-10-19,True,0.4470284237726098,NORMAL,2346.739990234375
2020-10-20,True,0.4373401534526854,NORMAL,2358.409912109375
2020-10-21,True,0.5604113110539846,NORMAL,2370.860107421875
2020-10-22,True,0.49214659685863876,NORMAL,2355.050048828125
2020-10-23,True,0.533678756476684,NORMAL,2360.81005859375
2020-10-26,True,0.4,NORMAL,2343.909912109375
2020-10-27,False,0.33156498673740054,NORMAL,2330.840087890625
2020-10-28,True,0.42021276595744683,NORMAL,2345.260009765625
2020-10-29,False,0.34864864864864864,NORMAL,2326.669921875
2020-10-30,False,0.2183288409703504,CRASH,2267.14990234375
2020-11-02,False,0.30913978494623656,NORMAL,2300.159912109375
2020-11-03,True,0.40053763440860213,SURGE,2343.31005859375
2020-11-04,True,0.40161725067385445,NORMAL,2357.320068359375
2020-11-05,True,0.6037234042553191,SURGE,2413.7900390625
2020-11-06,True,0.5303430079155673,NORMAL,2416.5
2020-11-09,True,0.7506561679790026,NORMAL,2447.199951171875
2020-11-10,True,0.7755102040816326,NORMAL,2452.830078125
2020-11-11,True,0.8175,NORMAL,2485.8701171875
2020-11-12,True,0.8245614035087719,NORMAL,2475.6201171875
2020-11-13,True,0.7919799498746867,NORMAL,2493.8701171875
2020-11-16,True,0.8378378378378378,SURGE,2543.030029296875
2020-11-17,True,0.78239608801956,NORMAL,2539.14990234375
2020-11-18,True,0.8353808353808354,NORMAL,2545.639892578125
2020-11-19,True,0.8134328358208955,NORMAL,2547.419921875
2020-11-20,True,0.8694581280788177,NORMAL,2553.5
2020-11-23,True,0.8560975609756097,SURGE,2602.590087890625
2020-11-24,True,0.8498789346246973,NORMAL,2617.760009765625
2020-11-25,True,0.7961630695443646,NORMAL,2601.5400390625
2020-11-26,True,0.7684964200477327,NORMAL,2625.909912109375
2020-11-27,True,0.7529411764705882,NORMAL,2633.449951171875
2020-11-30,True,0.665903890160183,NORMAL,2591.340087890625
2020-12-01,True,0.7178329571106095,SURGE,2634.25
2020-12-02,True,0.7181208053691275,SURGE,2675.89990234375
2020-12-03,True,0.6995515695067265,NORMAL,2696.219970703125
2020-12-04,True,0.6570796460176991,NORMAL,2731.449951171875
2020-12-07,True,0.5973154362416108,NORMAL,2745.43994140625
2020-12-08,True,0.5358744394618834,NORMAL,2700.929931640625
2020-12-09,True,0.6266666666666667,SURGE,2755.469970703125
2020-12-10,True,0.625,NORMAL,2746.4599609375
2020-12-11,True,0.7164835164835165,NORMAL,2770.06005859375
2020-12-14,True,0.6688888888888889,NORMAL,2762.199951171875
2020-12-15,True,0.610738255033557,NORMAL,2756.820068359375
2020-12-16,True,0.6784922394678492,NORMAL,2771.7900390625
2020-12-17,True,0.6411378555798687,NORMAL,2770.429931640625
2020-12-18,True,0.6673819742489271,NORMAL,2772.179931640625
2020-12-21,True,0.6795698924731183,NORMAL,2778.64990234375
2020-12-22,True,0.49673202614379086,NORMAL,2733.679931640625
2020-12-23,True,0.4978448275862069,NORMAL,2759.820068359375
2020-12-24,True,0.5579399141630901,SURGE,2806.860107421875
2020-12-28,True,0.5340425531914894,NORMAL,2808.60009765625
2020-12-29,True,0.5,NORMAL,2820.510009765625
2020-12-30,True,0.6059957173447538,SURGE,2873.469970703125
2021-01-04,True,0.6348195329087049,SURGE,2944.449951171875
2021-01-05,True,0.7027027027027027,SURGE,2990.570068359375
2021-01-06,True,0.7172557172557172,NORMAL,2968.2099609375
2021-01-07,True,0.7750511247443763,SURGE,3031.679931640625
2021-01-08,True,0.7737373737373737,SURGE,3152.179931640625
2021-01-11,True,0.6558044806517311,NORMAL,3148.449951171875
2021-01-12,True,0.6565040650406504,NORMAL,3125.949951171875
2021-01-13,True,0.7151394422310757,NORMAL,3148.2900390625
2021-01-14,True,0.7504990019960079,NORMAL,3149.929931640625
2021-01-15,True,0.6825396825396826,CRASH,3085.89990234375
2021-01-18,True,0.5158730158730159,CRASH,3013.929931640625
2021-01-19,True,0.6505791505791506,SURGE,3092.659912109375
2021-01-20,True,0.676923076923077,NORMAL,3114.550048828125
2021-01-21,True,0.7394636015325671,NORMAL,3160.840087890625
2021-01-22,True,0.698292220113852,NORMAL,3140.6298828125
2021-01-25,True,0.7433460076045627,SURGE,3208.989990234375
2021-01-26,True,0.6539923954372624,CRASH,3140.31005859375
2021-01-27,True,0.6164122137404581,NORMAL,3122.56005859375
2021-01-28,True,0.4526112185686654,NORMAL,3069.050048828125
2021-01-29,False,0.2465753424657534,CRASH,2976.2099609375
2021-02-01,False,0.32879377431906615,SURGE,3056.530029296875
2021-02-02,True,0.4093567251461988,NORMAL,3096.81005859375
2021-02-03,True,0.47953216374269003,NORMAL,3129.679931640625
2021-02-04,True,0.4619883040935672,NORMAL,3087.550048828125
2021-02-05,True,0.4910891089108911,NORMAL,3120.6298828125
2021-02-08,True,0.5079365079365079,NORMAL,3091.239990234375
2021-02-09,True,0.47305389221556887,NORMAL,3084.669921875
2021-02-10,True,0.5129224652087475,NORMAL,3100.580078125
2021-02-15,True,0.588469184890656,NORMAL,3147.0
2021-02-16,True,0.6394422310756972,NORMAL,3163.25
2021-02-17,True,0.6004016064257028,NORMAL,3133.72998046875
2021-02-18,True,0.5407554671968191,NORMAL,3086.659912109375
2021-02-19,True,0.5099601593625498,NORMAL,3107.6201171875
2021-02-22,True,0.4750499001996008,NORMAL,3079.75
2021-02-23,True,0.4491869918699187,NORMAL,3070.090087890625
2021-02-24,False,0.2965235173824131,CRASH,2994.97998046875
2021-02-25,True,0.42008196721311475,SURGE,3099.68994140625
2021-02-26,False,0.3305613305613306,CRASH,3012.949951171875
2021-03-02,False,0.348643006263048,NORMAL,3043.8701171875
2021-03-03,True,0.4100418410041841,NORMAL,3082.989990234375
2021-03-04,True,0.3936842105263158,NORMAL,3043.489990234375
2021-03-05,True,0.3970276008492569,NORMAL,3026.260009765625
2021-03-08,True,0.3611111111111111,NORMAL,2996.110107421875
2021-03-09,False,0.3369330453563715,NORMAL,2976.1201171875
2021-03-10,False,0.2782608695652174,NORMAL,2958.1201171875
2021-03-11,False,0.336283185840708,SURGE,3013.699951171875
2021-03-12,True,0.45614035087719296,NORMAL,3054.389892578125
2021-03-15,True,0.5275938189845475,NORMAL,3045.7099609375
2021-03-16,True,0.6087912087912087,NORMAL,3067.169921875
2021-03-17,True,0.6277533039647577,NORMAL,3047.5
2021-03-18,True,0.676923076923077,NORMAL,3066.010009765625
2021-03-19,True,0.6460176991150443,NORMAL,3039.530029296875
2021-03-22,True,0.6733780760626398,NORMAL,3035.4599609375
2021-03-23,True,0.5707865168539326,NORMAL,3004.739990234375
2021-03-24,True,0.6013363028953229,NORMAL,2996.35009765625
2021-03-25,True,0.5909090909090909,NORMAL,3008.330078125
2021-03-26,True,0.6674057649667405,NORMAL,3041.010009765625
2021-03-29,True,0.6196868008948546,NORMAL,3036.0400390625
2021-03-30,True,0.6629711751662971,NORMAL,3070.0
2021-03-31,True,0.6637168141592921,NORMAL,3061.419921875
2021-04-01,True,0.6938325991189427,NORMAL,3087.39990234375
2021-04-02,True,0.6924778761061947,NORMAL,3112.800048828125
2021-04-05,True,0.6786516853932584,NORMAL,3120.830078125
2021-04-06,True,0.6704035874439462,NORMAL,3127.080078125
2021-04-07,True,0.6850220264317181,NORMAL,3137.409912109375
2021-04-08,True,0.6781115879828327,NORMAL,3143.260009765625
2021-04-09,True,0.7169811320754716,NORMAL,3131.8798828125
2021-04-12,True,0.7229166666666667,NORMAL,3135.590087890625
2021-04-13,True,0.7531120331950207,NORMAL,3169.080078125
2021-04-14,True,0.7682926829268293,NORMAL,3182.3798828125
2021-04-15,True,0.7605633802816901,NORMAL,3194.330078125
2021-04-16,True,0.7841584158415842,NORMAL,3198.6201171875
2021-04-19,True,0.7846153846153846,NORMAL,3198.840087890625
2021-04-20,True,0.8292220113851992,NORMAL,3220.699951171875
2021-04-21,True,0.7262569832402235,NORMAL,3171.659912109375
2021-04-22,True,0.7550274223034735,NORMAL,3177.52001953125
2021-04-23,True,0.7335766423357665,NORMAL,3181.080078125
2021-04-26,True,0.7531760435571688,NORMAL,3217.530029296875
2021-04-27,True,0.7285714285714285,NORMAL,3215.419921875
2021-04-28,True,0.6339285714285714,NORMAL,3181.469970703125
2021-04-29,True,0.603202846975089,NORMAL,3174.070068359375
2021-04-30,True,0.5475352112676056,NORMAL,3147.860107421875
2021-05-03,True,0.4868651488616462,NORMAL,3127.199951171875
2021-05-04,True,0.47017543859649125,NORMAL,3147.3701171875
2021-05-06,True,0.5596491228070175,NORMAL,3160.429931640625
2021-05-07,True,0.6347826086956522,NORMAL,3197.199951171875
2021-05-10,True,0.726643598615917,SURGE,3249.300048828125
2021-05-11,True,0.6890034364261168,NORMAL,3209.429931640625
2021-05-12,True,0.6092943201376936,NORMAL,3161.659912109375
2021-05-13,True,0.5243055555555556,NORMAL,3122.110107421875
2021-05-14,True,0.5304347826086957,NORMAL,3153.320068359375
2021-05-17,True,0.46260869565217394,NORMAL,3134.52001953125
2021-05-18,True,0.531578947368421,NORMAL,3173.050048828125
2021-05-20,True,0.4938488576449912,NORMAL,3162.280029296875
2021-05-21,True,0.425,NORMAL,3156.419921875
2021-05-24,True,0.3664259927797834,NORMAL,3144.300048828125
2021-05-25,True,0.4098360655737705,NORMAL,3171.320068359375
2021-05-26,True,0.4515539305301645,NORMAL,3168.429931640625
2021-05-27,True,0.49097472924187724,NORMAL,3165.510009765625
2021-05-28,True,0.5615942028985508,NORMAL,3188.72998046875
2021-05-31,True,0.6025408348457351,NORMAL,3203.919921875
2021-06-01,True,0.6453382084095064,NORMAL,3221.8701171875
2021-06-02,True,0.6721611721611722,NORMAL,3224.22998046875
2021-06-03,True,0.6819852941176471,NORMAL,3247.429931640625
2021-06-04,True,0.651031894934334,NORMAL,3240.080078125
2021-06-07,True,0.6528301886792452,NORMAL,3252.1201171875
2021-06-08,True,0.653558052434457,NORMAL,3247.830078125
2021-06-09,True,0.5961904761904762,NORMAL,3216.179931640625
2021-06-10,True,0.6127167630057804,NORMAL,3224.639892578125
2021-06-11,True,0.6505791505791506,NORMAL,3249.320068359375
2021-06-14,True,0.655893536121673,NORMAL,3252.1298828125
2021-06-15,True,0.6431297709923665,NORMAL,3258.6298828125
2021-06-16,True,0.6863117870722434,NORMAL,3278.679931640625
2021-06-17,True,0.6374045801526718,NORMAL,3264.9599609375
2021-06-18,True,0.6245210727969349,NORMAL,3267.929931640625
2021-06-21,True,0.4517374517374517,NORMAL,3240.7900390625
2021-06-22,True,0.5343511450381679,NORMAL,3263.8798828125
2021-06-23,True,0.472168905950096,NORMAL,3276.18994140625
2021-06-24,True,0.48747591522157996,NORMAL,3286.10009765625
2021-06-25,True,0.5411089866156787,NORMAL,3302.840087890625
2021-06-28,True,0.5879017013232514,NORMAL,3301.889892578125
2021-06-29,True,0.5397727272727273,NORMAL,3286.679931640625
2021-06-30,True,0.5662188099808061,NORMAL,3296.679931640625
2021-07-01,True,0.5423076923076923,NORMAL,3282.06005859375
2021-07-02,True,0.564299424184261,NORMAL,3281.780029296875
2021-07-05,True,0.5561904761904762,NORMAL,3293.2099609375
2021-07-06,True,0.5831739961759083,NORMAL,3305.2099609375
2021-07-07,True,0.5096899224806202,NORMAL,3285.340087890625
2021-07-08,True,0.35236220472440943,NORMAL,3252.679931640625
2021-07-09,False,0.2665330661322645,NORMAL,3217.949951171875
2021-07-12,True,0.35984095427435386,NORMAL,3246.469970703125
2021-07-13,True,0.4251968503937008,NORMAL,3271.3798828125
2021-07-14,True,0.4351297405189621,NORMAL,3264.81005859375
2021-07-15,True,0.4919678714859438,NORMAL,3286.219970703125
2021-07-16,True,0.4707070707070707,NORMAL,3276.909912109375
2021-07-19,True,0.42535787321063395,NORMAL,3244.0400390625
2021-07-20,True,0.35610766045548653,NORMAL,3232.699951171875
2021-07-21,True,0.35084033613445376,NORMAL,3215.909912109375
2021-07-22,True,0.4029535864978903,NORMAL,3250.2099609375
2021-07-23,True,0.41702127659574467,NORMAL,3254.419921875
2021-07-26,False,0.33547008547008544,NORMAL,3224.949951171875
2021-07-27,True,0.37365010799136067,NORMAL,3232.530029296875
2021-07-28,True,0.3874458874458874,NORMAL,3236.860107421875
2021-07-29,True,0.42669584245076586,NORMAL,3242.64990234375
2021-07-30,True,0.350109409190372,NORMAL,3202.320068359375
2021-08-02,True,0.3688888888888889,NORMAL,3223.0400390625
2021-08-03,False,0.33853006681514475,NORMAL,3237.139892578125
2021-08-04,True,0.4606741573033708,NORMAL,3280.3798828125
2021-08-05,True,0.4908675799086758,NORMAL,3276.1298828125
2021-08-06,True,0.4930555555555556,NORMAL,3270.360107421875
2021-08-09,True,0.3870967741935484,NORMAL,3260.419921875
2021-08-10,False,0.3488372093023256,NORMAL,3243.18994140625
2021-08-11,False,0.3286384976525822,NORMAL,3220.6201171875
2021-08-12,True,0.36065573770491804,NORMAL,3208.3798828125
2021-08-13,False,0.2677725118483412,NORMAL,3171.2900390625
2021-08-17,False,0.21904761904761905,NORMAL,3143.090087890625
2021-08-18,False,0.21852731591448932,NORMAL,3158.929931640625
2021-08-19,False,0.14114832535885166,NORMAL,3097.830078125
2021-08-20,False,0.10451306413301663,NORMAL,3060.510009765625
2021-08-23,False,0.1431924882629108,NORMAL,3090.2099609375
2021-08-24,False,0.21779859484777517,SURGE,3138.300048828125
2021-08-25,False,0.28095238095238095,NORMAL,3146.81005859375
2021-08-26,False,0.28776978417266186,NORMAL,3128.530029296875
2021-08-27,True,0.3660287081339713,NORMAL,3133.89990234375
2021-08-30,True,0.4172661870503597,NORMAL,3144.18994140625
2021-08-31,True,0.5155875299760192,SURGE,3199.27001953125
2021-09-01,True,0.5928571428571429,NORMAL,3207.02001953125
2021-09-02,True,0.5995260663507109,NORMAL,3175.85009765625
2021-09-03,True,0.6666666666666666,NORMAL,3201.06005859375
2021-09-06,True,0.6915887850467289,NORMAL,3203.330078125
2021-09-07,True,0.7099056603773585,NORMAL,3187.419921875
2021-09-08,True,0.6666666666666666,NORMAL,3162.989990234375
2021-09-09,True,0.5537383177570093,NORMAL,3114.699951171875
2021-09-10,True,0.6223776223776224,NORMAL,3125.760009765625
2021-09-13,True,0.5986078886310905,NORMAL,3127.860107421875
2021-09-14,True,0.7037037037037037,NORMAL,3148.830078125
2021-09-15,True,0.6728971962616822,NORMAL,3153.39990234375
2021-09-16,True,0.6078886310904872,NORMAL,3130.090087890625
2021-09-17,True,0.5763888888888888,NORMAL,3140.510009765625
2021-09-23,True,0.4470046082949309,NORMAL,3127.580078125
2021-09-24,True,0.43187066974595845,NORMAL,3125.239990234375
2021-09-27,True,0.4387990762124711,NORMAL,3133.639892578125
2021-09-28,True,0.371824480369515,NORMAL,3097.919921875
2021-09-29,True,0.3541666666666667,NORMAL,3060.27001953125
2021-09-30,False,0.3793103448275862,NORMAL,3068.820068359375
2021-10-01,False,0.2857142857142857,NORMAL,3019.179931640625
2021-10-05,False,0.2680652680652681,NORMAL,2962.169921875
2021-10-06,False,0.18396226415094338,NORMAL,2908.31005859375
2021-10-07,False,0.22685185185185186,SURGE,2959.4599609375
2021-10-08,False,0.2529002320185615,NORMAL,2956.300048828125
2021-10-12,False,0.23776223776223776,NORMAL,2916.3798828125
2021-10-13,False,0.308411214953271,NORMAL,2944.409912109375
2021-10-14,False,0.386046511627907,SURGE,2988.639892578125
2021-10-15,False,0.49885057471264366,NORMAL,3015.06005859375
2021-10-18,False,0.5173210161662818,NORMAL,3006.679931640625
2021-10-19,False,0.5483870967741935,NORMAL,3029.0400390625
2021-10-20,False,0.5069444444444444,NORMAL,3013.1298828125
2021-10-21,False,0.4894613583138173,NORMAL,3007.330078125
2021-10-22,False,0.4742990654205608,NORMAL,3006.159912109375
2021-10-25,False,0.5516431924882629,NORMAL,3020.5400390625
2021-10-26,False,0.6220657276995305,NORMAL,3049.080078125
2021-10-27,False,0.5592417061611374,NORMAL,3025.489990234375
2021-10-28,False,0.4595238095238095,NORMAL,3009.550048828125
2021-10-29,False,0.3914081145584726,NORMAL,2970.679931640625
2021-11-01,False,0.38221153846153844,NORMAL,2978.93994140625
2021-11-02,False,0.4928909952606635,NORMAL,3013.489990234375
2021-11-03,False,0.38235294117647056,NORMAL,2975.7099609375
2021-11-04,False,0.3553921568627451,NORMAL,2983.219970703125
2021-11-05,False,0.3,NORMAL,2969.27001953125
2021-11-08,False,0.34558823529411764,NORMAL,2960.199951171875
2021-11-09,False,0.3266832917705736,NORMAL,2962.4599609375
2021-11-10,False,0.2125,NORMAL,2930.169921875
2021-11-11,False,0.18796992481203006,NORMAL,2924.919921875
2021-11-12,False,0.2995049504950495,SURGE,2968.800048828125
2021-11-15,False,0.375,NORMAL,2999.52001953125
2021-11-16,False,0.37851662404092073,NORMAL,2997.2099609375
2021-11-17,False,0.29562982005141386,NORMAL,2962.419921875
2021-11-18,False,0.2597402597402597,NORMAL,2947.3798828125
2021-11-19,False,0.3005181347150259,NORMAL,2971.02001953125
2021-11-22,False,0.3289817232375979,NORMAL,3013.25
2021-11-23,False,0.3151041666666667,NORMAL,2997.330078125
2021-11-24,False,0.35142118863049093,NORMAL,2994.2900390625
2021-11-25,False,0.2927461139896373,NORMAL,2980.27001953125
2021-11-26,False,0.22337662337662337,NORMAL,2936.43994140625
2021-11-29,False,0.17914438502673796,NORMAL,2909.320068359375
2021-11-30,False,0.12876712328767123,CRASH,2839.010009765625
2021-12-01,False,0.17119565217391305,SURGE,2899.719970703125
2021-12-02,False,0.23513513513513515,SURGE,2945.27001953125
2021-12-03,False,0.3136729222520107,NORMAL,2968.330078125
2021-12-06,False,0.3941018766756032,NORMAL,2973.25
2021-12-07,False,0.496,NORMAL,2991.719970703125
2021-12-08,False,0.4973404255319149,NORMAL,3001.800048828125
2021-12-09,False,0.6213333333333333,NORMAL,3029.570068359375
2021-12-10,False,0.6219839142091153,NORMAL,3010.22998046875
2021-12-13,False,0.6151761517615176,NORMAL,3001.659912109375
2021-12-14,False,0.5702702702702702,NORMAL,2987.949951171875
2021-12-15,False,0.5397260273972603,NORMAL,2989.389892578125
2021-12-16,False,0.5780821917808219,NORMAL,3006.409912109375
2021-12-17,False,0.6195652173913043,NORMAL,3017.72998046875
2021-12-20,False,0.46994535519125685,NORMAL,2963.0
2021-12-21,False,0.5013623978201635,NORMAL,2975.030029296875
2021-12-22,False,0.5773480662983426,NORMAL,2984.47998046875
2021-12-23,False,0.6043956043956044,NORMAL,2998.169921875
2021-12-24,False,0.6519337016574586,NORMAL,3012.429931640625
2021-12-27,False,0.6391184573002755,NORMAL,2999.550048828125
2021-12-28,False,0.643646408839779,NORMAL,3020.239990234375
2021-12-29,False,0.5487465181058496,NORMAL,2993.2900390625
2021-12-30,False,0.5013850415512465,NORMAL,2977.64990234375
2022-01-04,False,0.5336927223719676,NORMAL,2989.239990234375
2022-01-05,False,0.48936170212765956,NORMAL,2953.969970703125
2022-01-06,False,0.40789473684210525,NORMAL,2920.530029296875
2022-01-07,False,0.4804177545691906,NORMAL,2954.889892578125
2022-01-10,False,0.43799472295514513,NORMAL,2926.719970703125
2022-01-11,False,0.3962765957446808,NORMAL,2927.3798828125
2022-01-12,False,0.48010610079575594,SURGE,2972.47998046875
2022-01-13,False,0.49604221635883905,NORMAL,2962.090087890625
2022-01-14,False,0.4476439790575916,NORMAL,2921.919921875
2022-01-17,False,0.3447368421052632,NORMAL,2890.10009765625
2022-01-18,False,0.27631578947368424,NORMAL,2864.239990234375
2022-01-19,False,0.22340425531914893,NORMAL,2842.280029296875
2022-01-20,False,0.27486910994764396,NORMAL,2862.679931640625
2022-01-21,False,0.22486772486772486,NORMAL,2834.2900390625
2022-01-24,False,0.16216216216216217,NORMAL,2792.0
2022-01-25,False,0.1184573002754821,CRASH,2720.389892578125
2022-01-26,False,0.11634349030470914,NORMAL,2709.239990234375
2022-01-27,False,0.056179775280898875,CRASH,2614.489990234375
2022-01-28,False,0.11813186813186813,SURGE,2663.340087890625
2022-02-03,False,0.1907356948228883,SURGE,2707.820068359375
2022-02-04,False,0.2991913746630728,SURGE,2750.260009765625
2022-02-07,False,0.3584905660377358,NORMAL,2745.06005859375
2022-02-08,False,0.3567567567567568,NORMAL,2746.469970703125
2022-02-09,False,0.48517520215633425,NORMAL,2768.85009765625
2022-02-10,False,0.4891304347826087,NORMAL,2771.929931640625
2022-02-11,False,0.4098360655737705,NORMAL,2747.7099609375
2022-02-14,False,0.3287292817679558,NORMAL,2704.47998046875
2022-02-15,False,0.28296703296703296,NORMAL,2676.5400390625
2022-02-16,False,0.4328767123287671,SURGE,2729.679931640625
2022-02-17,False,0.5207756232686981,NORMAL,2744.090087890625
2022-02-18,False,0.5966850828729282,NORMAL,2744.52001953125
2022-02-21,False,0.6160220994475138,NORMAL,2743.800048828125
2022-02-22,False,0.5070028011204482,NORMAL,2706.7900390625
2022-02-23,False,0.628099173553719,NORMAL,2719.530029296875
2022-02-24,False,0.4293628808864266,CRASH,2648.800048828125
2022-02-25,False,0.5487465181058496,NORMAL,2676.760009765625
2022-02-28,False,0.6243093922651933,NORMAL,2699.179931640625
2022-03-02,False,0.6420765027322405,NORMAL,2703.52001953125
2022-03-03,False,0.7243243243243244,SURGE,2747.080078125
2022-03-04,False,0.6559139784946236,NORMAL,2713.429931640625
2022-03-07,False,0.5271739130434783,CRASH,2651.31005859375
2022-03-08,False,0.4501347708894879,NORMAL,2622.39990234375
2022-03-10,False,0.5483870967741935,SURGE,2680.320068359375
2022-03-11,False,0.5809018567639257,NORMAL,2661.280029296875
2022-03-14,False,0.5490716180371353,NORMAL,2645.64990234375
2022-03-15,False,0.4960212201591512,NORMAL,2621.530029296875
2022-03-16,False,0.6052631578947368,NORMAL,2659.22998046875
2022-03-17,False,0.6219839142091153,NORMAL,2694.510009765625
2022-03-18,False,0.6693333333333333,NORMAL,2707.02001953125
2022-03-21,False,0.6693333333333333,NORMAL,2686.050048828125
2022-03-22,False,0.7374005305039788,NORMAL,2710.0
2022-03-23,False,0.7774869109947644,NORMAL,2735.050048828125
2022-03-24,False,0.7881136950904393,NORMAL,2729.659912109375
2022-03-25,False,0.7564766839378239,NORMAL,2729.97998046875
2022-03-28,False,0.7225130890052356,NORMAL,2729.56005859375
2022-03-29,False,0.7382198952879581,NORMAL,2741.070068359375
2022-03-30,False,0.7150259067357513,NORMAL,2746.739990234375
2022-03-31,False,0.7595907928388747,NORMAL,2757.64990234375
2022-04-01,False,0.7355163727959698,NORMAL,2739.85009765625
2022-04-04,False,0.7821782178217822,NORMAL,2757.89990234375
2022-04-05,False,0.7475490196078431,NORMAL,2759.199951171875
2022-04-06,False,0.6699507389162561,NORMAL,2735.030029296875
2022-04-07,False,0.5285359801488834,NORMAL,2695.860107421875
2022-04-08,False,0.5311720698254364,NORMAL,2700.389892578125
2022-04-11,False,0.5124378109452736,NORMAL,2693.10009765625
2022-04-12,False,0.4538653366583541,NORMAL,2666.760009765625
2022-04-13,False,0.5361596009975063,SURGE,2716.489990234375
2022-04-14,False,0.5876543209876544,NORMAL,2716.7099609375
2022-04-15,False,0.5857843137254902,NORMAL,2696.06005859375
2022-04-18,False,0.5776699029126213,NORMAL,2693.2099609375
2022-04-19,False,0.6346153846153846,NORMAL,2718.889892578125
2022-04-20,False,0.6416861826697893,NORMAL,2718.68994140625
2022-04-21,False,0.6886792452830188,NORMAL,2728.2099609375
2022-04-22,False,0.6455399061032864,NORMAL,2704.7099609375
2022-04-25,False,0.48226950354609927,NORMAL,2657.1298828125
2022-04-26,False,0.5058548009367682,NORMAL,2668.31005859375
2022-04-27,False,0.4439252336448598,NORMAL,2639.06005859375
2022-04-28,False,0.5128205128205128,NORMAL,2667.489990234375
2022-04-29,False,0.558891454965358,NORMAL,2695.050048828125
2022-05-02,False,0.5714285714285714,NORMAL,2687.449951171875
2022-05-03,False,0.54739336492891,NORMAL,2680.4599609375
2022-05-04,False,0.5154394299287411,NORMAL,2677.570068359375
2022-05-06,False,0.4261904761904762,NORMAL,2644.510009765625
2022-05-10,False,0.24401913875598086,NORMAL,2596.56005859375
2022-05-11,False,0.2283653846153846,NORMAL,2592.27001953125
2022-05-12,False,0.17274939172749393,NORMAL,2550.080078125
2022-05-13,False,0.26811594202898553,SURGE,2604.239990234375
2022-05-16,False,0.30339805825242716,NORMAL,2596.580078125
2022-05-17,False,0.34541062801932365,NORMAL,2620.43994140625
2022-05-18,False,0.3431372549019608,NORMAL,2625.97998046875
2022-05-19,False,0.265,NORMAL,2592.340087890625
2022-05-20,False,0.35443037974683544,SURGE,2639.2900390625
2022-05-23,False,0.3848101265822785,NORMAL,2647.3798828125
2022-05-24,False,0.28125,NORMAL,2605.8701171875
2022-05-25,False,0.3489583333333333,NORMAL,2617.219970703125
2022-05-26,False,0.37402597402597404,NORMAL,2612.449951171875
2022-05-27,False,0.4934725848563969,NORMAL,2638.050048828125
2022-05-30,False,0.6220472440944882,NORMAL,2669.659912109375
2022-05-31,False,0.6684210526315789,NORMAL,2685.89990234375
2022-06-02,False,0.616,NORMAL,2658.989990234375
2022-06-03,False,0.7066666666666667,NORMAL,2670.64990234375
2022-06-07,False,0.5256064690026954,NORMAL,2626.340087890625
2022-06-08,False,0.5138888888888888,NORMAL,2626.14990234375
2022-06-09,False,0.4789915966386555,NORMAL,2625.43994140625
2022-06-10,False,0.42178770949720673,NORMAL,2595.8701171875
2022-06-13,False,0.21264367816091953,CRASH,2504.510009765625
2022-06-14,False,0.18051575931232092,NORMAL,2492.969970703125
2022-06-15,False,0.10662824207492795,NORMAL,2447.3798828125
2022-06-16,False,0.11815561959654179,NORMAL,2451.409912109375
2022-06-17,False,0.14782608695652175,NORMAL,2440.929931640625
2022-06-20,False,0.09467455621301775,CRASH,2391.030029296875
2022-06-21,False,0.1301775147928994,NORMAL,2408.929931640625
2022-06-22,False,0.08157099697885196,CRASH,2342.81005859375
2022-06-23,False,0.05740181268882175,NORMAL,2314.320068359375
2022-06-24,False,0.09523809523809523,SURGE,2366.60009765625
2022-06-27,False,0.1636904761904762,NORMAL,2401.919921875
2022-06-28,False,0.23511904761904762,NORMAL,2422.090087890625
2022-06-29,False,0.22713864306784662,NORMAL,2377.989990234375
2022-06-30,False,0.2042042042042042,NORMAL,2332.639892578125
2022-07-01,False,0.24012158054711247,NORMAL,2305.419921875
2022-07-04,False,0.20552147239263804,NORMAL,2300.340087890625
2022-07-05,False,0.2682926829268293,SURGE,2341.780029296875
2022-07-06,False,0.1676829268292683,CRASH,2292.010009765625
2022-07-07,False,0.28307692307692306,SURGE,2334.27001953125
2022-07-08,False,0.3496932515337423,NORMAL,2350.610107421875
2022-07-11,False,0.33024691358024694,NORMAL,2340.27001953125
2022-07-12,False,0.27044025157232704,NORMAL,2317.760009765625
2022-07-13,False,0.3248407643312102,NORMAL,2328.610107421875
2022-07-14,False,0.3215434083601286,NORMAL,2322.320068359375
2022-07-15,False,0.31921824104234525,NORMAL,2330.97998046875
2022-07-18,False,0.44694533762057875,SURGE,2375.25
2022-07-19,False,0.4870967741935484,NORMAL,2370.969970703125
2022-07-20,False,0.5530546623794212,NORMAL,2386.85009765625
2022-07-21,False,0.6038338658146964,NORMAL,2409.159912109375
2022-07-22,False,0.5732484076433121,NORMAL,2393.139892578125
2022-07-25,False,0.6258064516129033,NORMAL,2403.68994140625
2022-07-26,False,0.6655948553054662,NORMAL,2412.9599609375
2022-07-27,False,0.6967741935483871,NORMAL,2415.530029296875
2022-07-28,False,0.7327044025157232,NORMAL,2435.27001953125
2022-07-29,False,0.8193146417445483,NORMAL,2451.5
2022-08-01,False,0.7987220447284346,NORMAL,2452.25
2022-08-02,False,0.7156549520766773,NORMAL,2439.6201171875
2022-08-03,False,0.7841269841269841,NORMAL,2461.449951171875
2022-08-04,False,0.8259493670886076,NORMAL,2473.110107421875
2022-08-05,False,0.8338557993730408,NORMAL,2490.800048828125
2022-08-08,False,0.8170347003154574,NORMAL,2493.10009765625
2022-08-09,False,0.8050314465408805,NORMAL,2503.4599609375
2022-08-10,False,0.7617554858934169,NORMAL,2480.8798828125
2022-08-11,False,0.8054711246200608,SURGE,2523.780029296875
2022-08-12,False,0.8353293413173652,NORMAL,2527.93994140625
2022-08-16,False,0.8284023668639053,NORMAL,2533.52001953125
2022-08-17,False,0.7692307692307693,NORMAL,2516.469970703125
2022-08-18,False,0.7050147492625368,NORMAL,2508.050048828125
2022-08-19,False,0.6331360946745562,NORMAL,2492.68994140625
2022-08-22,False,0.46130952380952384,NORMAL,2462.5
2022-08-23,False,0.3869047619047619,NORMAL,2435.340087890625
2022-08-24,False,0.43529411764705883,NORMAL,2447.449951171875
2022-08-25,False,0.5187319884726225,NORMAL,2477.260009765625
2022-08-26,False,0.5494186046511628,NORMAL,2481.030029296875
2022-08-29,False,0.32748538011695905,CRASH,2426.889892578125
2022-08-30,False,0.4402332361516035,NORMAL,2450.929931640625
2022-08-31,False,0.4633431085043988,NORMAL,2472.050048828125
2022-09-01,False,0.28023598820059,CRASH,2415.610107421875
2022-09-02,False,0.2955223880597015,NORMAL,2409.409912109375
2022-09-05,False,0.2818991097922849,NORMAL,2403.679931640625
2022-09-06,False,0.3353115727002967,NORMAL,2410.02001953125
2022-09-07,False,0.2912912912912913,NORMAL,2376.4599609375
2022-09-08,False,0.2930513595166163,NORMAL,2384.280029296875
2022-09-13,False,0.4114114114114114,SURGE,2449.5400390625
2022-09-14,False,0.34534534534534533,NORMAL,2411.419921875
2022-09-15,False,0.38109756097560976,NORMAL,2401.830078125
2022-09-16,False,0.3486238532110092,NORMAL,2382.780029296875
2022-09-19,False,0.26959247648902823,NORMAL,2355.659912109375
2022-09-20,False,0.39143730886850153,NORMAL,2367.85009765625
2022-09-21,False,0.35514018691588783,NORMAL,2347.2099609375
2022-09-22,False,0.3333333333333333,NORMAL,2332.31005859375
2022-09-23,False,0.24842767295597484,NORMAL,2290.0
2022-09-26,False,0.13694267515923567,CRASH,2220.93994140625
2022-09-27,False,0.14240506329113925,NORMAL,2223.860107421875
2022-09-28,False,0.0946372239747634,CRASH,2169.2900390625
2022-09-29,False,0.09433962264150944,NORMAL,2170.929931640625
2022-09-30,False,0.10094637223974763,NORMAL,2155.489990234375
2022-10-04,False,0.12345679012345678,SURGE,2209.3798828125
2022-10-05,False,0.15789473684210525,NORMAL,2215.219970703125
2022-10-06,False,0.19384615384615383,NORMAL,2237.860107421875
2022-10-07,False,0.21052631578947367,NORMAL,2232.840087890625
2022-10-11,False,0.14743589743589744,NORMAL,2192.070068359375
2022-10-12,False,0.1774193548387097,NORMAL,2202.469970703125
2022-10-13,False,0.12171052631578948,NORMAL,2162.8701171875
2022-10-14,False,0.22653721682847897,SURGE,2212.550048828125
2022-10-17,False,0.2902208201892745,NORMAL,2219.7099609375
2022-10-18,False,0.45569620253164556,NORMAL,2249.949951171875
2022-10-19,False,0.4444444444444444,NORMAL,2237.43994140625
2022-10-20,False,0.43450479233226835,NORMAL,2218.090087890625
2022-10-21,False,0.3396825396825397,NORMAL,2213.1201171875
2022-10-24,False,0.46226415094339623,NORMAL,2236.159912109375
2022-10-25,False,0.44654088050314467,NORMAL,2235.070068359375
2022-10-26,False,0.39285714285714285,NORMAL,2249.56005859375
2022-10-27,False,0.572347266881029,SURGE,2288.780029296875
2022-10-28,False,0.5841584158415841,NORMAL,2268.39990234375
2022-10-31,False,0.6166666666666667,NORMAL,2293.610107421875
2022-11-01,False,0.7058823529411765,SURGE,2335.219970703125
2022-11-02,False,0.740983606557377,NORMAL,2336.8701171875
2022-11-03,False,0.6840390879478827,NORMAL,2329.169921875
2022-11-04,False,0.7557755775577558,NORMAL,2348.429931640625
2022-11-07,False,0.8202614379084967,NORMAL,2371.7900390625
2022-11-08,False,0.8636363636363636,NORMAL,2399.0400390625
2022-11-09,False,0.8782051282051282,NORMAL,2424.409912109375
2022-11-10,False,0.8407643312101911,NORMAL,2402.22998046875
2022-11-11,False,0.9206349206349206,SURGE,2483.159912109375
2022-11-14,False,0.9158878504672897,NORMAL,2474.64990234375
2022-11-15,False,0.9027355623100304,NORMAL,2480.330078125
2022-11-16,False,0.8875379939209727,NORMAL,2477.449951171875
2022-11-17,False,0.8235294117647058,NORMAL,2442.89990234375
2022-11-18,False,0.7888198757763976,NORMAL,2444.47998046875
2022-11-21,False,0.7230769230769231,NORMAL,2419.5
2022-11-22,False,0.6573208722741433,NORMAL,2405.27001953125
2022-11-23,False,0.6865203761755486,NORMAL,2418.010009765625
2022-11-24,False,0.7232704402515723,NORMAL,2441.330078125
2022-11-25,False,0.6770186335403726,NORMAL,2437.860107421875
2022-11-28,False,0.5482866043613707,NORMAL,2408.27001953125
2022-11-29,False,0.64375,NORMAL,2433.389892578125
2022-11-30,False,0.709480122324159,SURGE,2472.530029296875
2022-12-01,False,0.7515151515151515,NORMAL,2479.840087890625
2022-12-02,False,0.5853658536585366,NORMAL,2434.330078125
2022-12-05,False,0.5548780487804879,NORMAL,2419.320068359375
2022-12-06,False,0.4233128834355828,NORMAL,2393.159912109375
2022-12-07,False,0.39939024390243905,NORMAL,2382.81005859375
2022-12-08,False,0.3586626139817629,NORMAL,2371.080078125
2022-12-09,False,0.43034055727554177,NORMAL,2389.0400390625
2022-12-12,False,0.4148606811145511,NORMAL,2373.02001953125
2022-12-13,False,0.4485981308411215,NORMAL,2372.39990234375
2022-12-14,False,0.503125,NORMAL,2399.25
2022-12-15,False,0.4591194968553459,NORMAL,2360.969970703125
2022-12-16,False,0.4308176100628931,NORMAL,2360.02001953125
2022-12-19,False,0.41139240506329117,NORMAL,2352.169921875
2022-12-20,False,0.3546325878594249,NORMAL,2333.2900390625
2022-12-21,False,0.40064102564102566,NORMAL,2328.949951171875
2022-12-22,False,0.49216300940438873,NORMAL,2356.72998046875
2022-12-23,False,0.375,NORMAL,2313.68994140625
2022-12-26,False,0.3836477987421384,NORMAL,2317.139892578125
2022-12-27,False,0.4952681388012618,NORMAL,2332.7900390625
2022-12-28,False,0.358974358974359,CRASH,2280.449951171875
2022-12-29,False,0.28664495114006516,NORMAL,2236.39990234375
2023-01-02,False,0.2119205298013245,NORMAL,2225.669921875
2023-01-03,False,0.1986754966887417,NORMAL,2218.679931640625
2023-01-04,False,0.2080536912751678,SURGE,2255.97998046875
2023-01-05,False,0.2986577181208054,NORMAL,2264.64990234375
2023-01-06,False,0.3576158940397351,NORMAL,2289.969970703125
2023-01-09,False,0.5296052631578947,SURGE,2350.18994140625
2023-01-10,False,0.5324675324675324,NORMAL,2351.31005859375
2023-01-11,False,0.6038961038961039,NORMAL,2359.530029296875
2023-01-12,False,0.6463022508038585,NORMAL,2365.10009765625
2023-01-13,False,0.7147435897435898,NORMAL,2386.090087890625
2023-01-16,False,0.744408945686901,NORMAL,2399.860107421875
2023-01-17,False,0.7006369426751592,NORMAL,2379.389892578125
2023-01-18,False,0.6881028938906752,NORMAL,2368.320068359375
2023-01-19,False,0.6826923076923077,NORMAL,2380.340087890625
2023-01-20,False,0.7387096774193549,NORMAL,2395.260009765625
2023-01-25,False,0.7580645161290323,NORMAL,2428.570068359375
2023-01-26,False,0.8135048231511254,SURGE,2468.64990234375
2023-01-27,False,0.8483870967741935,NORMAL,2484.02001953125
2023-01-30,True,0.7813504823151125,NORMAL,2450.469970703125
2023-01-31,True,0.75,NORMAL,2425.080078125
2023-02-01,True,0.7380191693290735,NORMAL,2449.800048828125
2023-02-02,True,0.7188498402555911,NORMAL,2468.8798828125
2023-02-03,True,0.7088607594936709,NORMAL,2480.39990234375
2023-02-06,True,0.6246056782334385,NORMAL,2438.18994140625
2023-02-07,True,0.5987261146496815,NORMAL,2451.7099609375
2023-02-08,True,0.653968253968254,NORMAL,2483.639892578125
2023-02-09,True,0.610062893081761,NORMAL,2481.52001953125
2023-02-10,True,0.580952380952381,NORMAL,2469.72998046875
2023-02-13,True,0.526984126984127,NORMAL,2452.699951171875
2023-02-14,True,0.5718849840255591,NORMAL,2465.639892578125
2023-02-15,True,0.43630573248407645,NORMAL,2427.89990234375
2023-02-16,True,0.526984126984127,SURGE,2475.47998046875
2023-02-17,True,0.5348101265822784,NORMAL,2451.2099609375
2023-02-20,True,0.5094339622641509,NORMAL,2455.1201171875
2023-02-21,True,0.5652173913043478,NORMAL,2458.9599609375
2023-02-22,True,0.4423676012461059,NORMAL,2417.679931640625
2023-02-23,True,0.534375,NORMAL,2439.090087890625
2023-02-24,True,0.46835443037974683,NORMAL,2423.610107421875
2023-02-27,True,0.4056603773584906,NORMAL,2402.639892578125
2023-02-28,True,0.45454545454545453,NORMAL,2412.85009765625
2023-03-02,True,0.5220125786163522,NORMAL,2427.85009765625
2023-03-03,True,0.5264797507788161,NORMAL,2432.070068359375
2023-03-06,True,0.5660377358490566,NORMAL,2462.6201171875
2023-03-07,True,0.5425867507886435,NORMAL,2463.35009765625
2023-03-08,True,0.4810126582278481,NORMAL,2431.909912109375
2023-03-09,True,0.46226415094339623,NORMAL,2419.090087890625
2023-03-10,True,0.3448275862068966,NORMAL,2394.590087890625
2023-03-13,True,0.3492063492063492,NORMAL,2410.60009765625
2023-03-14,True,0.2129032258064516,CRASH,2348.969970703125
2023-03-15,True,0.30448717948717946,NORMAL,2379.719970703125
2023-03-16,False,0.2765273311897106,NORMAL,2377.909912109375
2023-03-17,False,0.31629392971246006,NORMAL,2395.68994140625
2023-03-20,False,0.3225806451612903,NORMAL,2379.199951171875
2023-03-21,False,0.3548387096774194,NORMAL,2388.35009765625
2023-03-22,False,0.38311688311688313,NORMAL,2416.9599609375
2023-03-23,False,0.3941368078175896,NORMAL,2424.47998046875
2023-03-24,True,0.3627450980392157,NORMAL,2414.9599609375
2023-03-27,True,0.3790849673202614,NORMAL,2409.219970703125
2023-03-28,True,0.49508196721311476,NORMAL,2434.93994140625
2023-03-29,True,0.5863192182410424,NORMAL,2443.919921875
2023-03-30,True,0.6559485530546624,NORMAL,2453.159912109375
2023-03-31,True,0.6955128205128205,NORMAL,2476.860107421875
2023-04-03,True,0.7006369426751592,NORMAL,2472.340087890625
2023-04-04,True,0.7721518987341772,NORMAL,2480.510009765625
2023-04-05,True,0.7968253968253968,NORMAL,2495.2099609375
2023-04-06,True,0.680379746835443,NORMAL,2459.22998046875
2023-04-07,True,0.6863354037267081,NORMAL,2490.409912109375
2023-04-10,True,0.6417445482866043,NORMAL,2512.080078125
2023-04-11,True,0.7147239263803681,NORMAL,2547.860107421875
2023-04-12,True,0.7661538461538462,NORMAL,2550.639892578125
2023-04-13,True,0.7734138972809668,NORMAL,2561.659912109375
2023-04-14,True,0.8328358208955224,NORMAL,2571.489990234375
2023-04-17,True,0.7923976608187134,NORMAL,2575.909912109375
2023-04-18,True,0.8046647230320699,NORMAL,2571.090087890625
2023-04-19,True,0.8069164265129684,NORMAL,2575.080078125
2023-04-20,True,0.7146974063400576,NORMAL,2563.110107421875
2023-04-21,True,0.6275071633237822,NORMAL,2544.39990234375
2023-04-24,True,0.5260115606936416,NORMAL,2523.5
2023-04-25,True,0.4624277456647399,NORMAL,2489.02001953125
2023-04-26,True,0.3826086956521739,NORMAL,2484.830078125
2023-04-27,True,0.38857142857142857,NORMAL,2495.81005859375
2023-04-28,True,0.375,NORMAL,2501.530029296875
2023-05-02,True,0.476056338028169,NORMAL,2524.389892578125
2023-05-03,True,0.42492917847025496,NORMAL,2501.39990234375
2023-05-04,True,0.4297752808988764,NORMAL,2500.93994140625
2023-05-08,True,0.4887005649717514,NORMAL,2513.2099609375
2023-05-09,True,0.4666666666666667,NORMAL,2510.06005859375
2023-05-10,True,0.42618384401114207,NORMAL,2496.510009765625
2023-05-11,True,0.46537396121883656,NORMAL,2491.0
2023-05-12,True,0.3715083798882682,NORMAL,2475.419921875
2023-05-15,True,0.38285714285714284,NORMAL,2479.35009765625
2023-05-16,True,0.3670520231213873,NORMAL,2480.239990234375
2023-05-17,True,0.39296187683284456,NORMAL,2494.659912109375
2023-05-18,True,0.47352941176470587,NORMAL,2515.39990234375
2023-05-19,True,0.5250737463126843,NORMAL,2537.7900390625
2023-05-22,True,0.6286549707602339,NORMAL,2557.080078125
2023-05-23,True,0.6323529411764706,NORMAL,2567.550048828125
2023-05-24,True,0.6297376093294461,NORMAL,2567.449951171875
2023-05-25,True,0.528023598820059,NORMAL,2554.68994140625
2023-05-26,True,0.44144144144144143,NORMAL,2558.81005859375
2023-05-30,True,0.4437869822485207,NORMAL,2585.52001953125
2023-05-31,True,0.44510385756676557,NORMAL,2577.1201171875
2023-06-01,True,0.4311377245508982,NORMAL,2569.169921875
2023-06-02,True,0.5267857142857143,NORMAL,2601.360107421875
2023-06-05,True,0.6447761194029851,NORMAL,2615.409912109375
2023-06-07,True,0.6426426426426426,NORMAL,2615.60009765625
2023-06-08,True,0.6126126126126126,NORMAL,2610.85009765625
2023-06-09,True,0.6537313432835821,NORMAL,2641.159912109375
2023-06-12,True,0.6314199395770392,NORMAL,2629.35009765625
2023-06-13,True,0.5988023952095808,NORMAL,2637.949951171875
2023-06-14,True,0.5548961424332344,NORMAL,2619.080078125
2023-06-15,True,0.4955223880597015,NORMAL,2608.5400390625
2023-06-16,True,0.5558823529411765,NORMAL,2625.7900390625
2023-06-19,True,0.56973293768546,NORMAL,2609.5
2023-06-20,True,0.5443786982248521,NORMAL,2604.909912109375
2023-06-21,True,0.5205882352941177,NORMAL,2582.6298828125
2023-06-22,True,0.5117647058823529,NORMAL,2593.699951171875
2023-06-23,True,0.41492537313432837,NORMAL,2570.10009765625
2023-06-26,True,0.437125748502994,NORMAL,2582.199951171875
2023-06-27,True,0.4230769230769231,NORMAL,2581.389892578125
2023-06-28,True,0.40707964601769914,NORMAL,2564.18994140625
2023-06-29,False,0.31671554252199413,NORMAL,2550.02001953125
2023-06-30,True,0.35964912280701755,NORMAL,2564.280029296875
2023-07-03,True,0.4239766081871345,NORMAL,2602.469970703125
2023-07-04,True,0.4051724137931034,NORMAL,2593.31005859375
2023-07-05,True,0.45098039215686275,NORMAL,2579.0
2023-07-06,False,0.3352112676056338,NORMAL,2556.2900390625
2023-07-07,False,0.32285714285714284,NORMAL,2526.7099609375
2023-07-10,False,0.3045977011494253,NORMAL,2520.699951171875
2023-07-11,True,0.4085714285714286,SURGE,2562.489990234375
2023-07-12,True,0.4514285714285714,NORMAL,2574.719970703125
2023-07-13,True,0.47863247863247865,NORMAL,2591.22998046875
2023-07-14,True,0.5308988764044944,NORMAL,2628.300048828125
2023-07-17,True,0.5056818181818182,NORMAL,2619.0
2023-07-18,True,0.42735042735042733,NORMAL,2607.6201171875
2023-07-19,True,0.4586894586894587,NORMAL,2608.239990234375
2023-07-20,True,0.4700854700854701,NORMAL,2600.22998046875
2023-07-21,True,0.4753623188405797,NORMAL,2609.760009765625
2023-07-24,True,0.4065281899109792,NORMAL,2628.530029296875
2023-07-25,True,0.4147058823529412,NORMAL,2636.4599609375
2023-07-26,False,0.25449101796407186,NORMAL,2592.360107421875
2023-07-27,True,0.35103244837758113,NORMAL,2603.81005859375
2023-07-28,True,0.378698224852071,NORMAL,2608.320068359375
2023-07-31,True,0.4633431085043988,NORMAL,2632.580078125
2023-08-01,True,0.5380116959064327,NORMAL,2667.070068359375
2023-08-02,True,0.48672566371681414,NORMAL,2616.469970703125
2023-08-03,True,0.46745562130177515,NORMAL,2605.389892578125
2023-08-04,True,0.5029761904761905,NORMAL,2602.800048828125
2023-08-07,True,0.47928994082840237,NORMAL,2580.7099609375
2023-08-08,True,0.45671641791044776,NORMAL,2573.97998046875
2023-08-09,True,0.47477744807121663,NORMAL,2605.1201171875
2023-08-10,True,0.48672566371681414,NORMAL,2601.56005859375
2023-08-11,True,0.5425219941348973,NORMAL,2591.260009765625
2023-08-14,True,0.49700598802395207,NORMAL,2570.8701171875
2023-08-16,True,0.3795180722891566,NORMAL,2525.639892578125
2023-08-17,False,0.3201219512195122,NORMAL,2519.85009765625
2023-08-18,False,0.32727272727272727,NORMAL,2504.5
2023-08-21,False,0.3231707317073171,NORMAL,2508.800048828125
2023-08-22,False,0.32432432432432434,NORMAL,2515.739990234375
2023-08-23,False,0.3293051359516616,NORMAL,2505.5
2023-08-24,True,0.37575757575757573,NORMAL,2537.679931640625
2023-08-25,True,0.36809815950920244,NORMAL,2519.139892578125
2023-08-28,True,0.4417910447761194,NORMAL,2543.409912109375
2023-08-29,True,0.5105105105105106,NORMAL,2552.159912109375
2023-08-30,True,0.5329341317365269,NORMAL,2561.219970703125
2023-08-31,True,0.5370919881305638,NORMAL,2556.27001953125
2023-09-01,True,0.4629080118694362,NORMAL,2563.7099609375
2023-09-04,True,0.5405405405405406,NORMAL,2584.550048828125
2023-09-05,True,0.5317220543806647,NORMAL,2582.179931640625
2023-09-06,True,0.4636363636363636,NORMAL,2563.340087890625
2023-09-07,True,0.3855421686746988,NORMAL,2548.260009765625
2023-09-08,True,0.486404833836858,NORMAL,2547.679931640625
2023-09-11,True,0.5182926829268293,NORMAL,2556.8798828125
2023-09-12,True,0.46060606060606063,NORMAL,2536.580078125
2023-09-13,True,0.46504559270516715,NORMAL,2534.699951171875
2023-09-14,True,0.5515151515151515,SURGE,2572.889892578125
2023-09-15,True,0.6181818181818182,NORMAL,2601.280029296875
2023-09-18,True,0.5861027190332326,NORMAL,2574.719970703125
2023-09-19,True,0.5565749235474006,NORMAL,2559.2099609375
2023-09-20,True,0.5541795665634675,NORMAL,2559.739990234375
2023-09-21,True,0.378125,NORMAL,2514.969970703125
2023-09-22,False,0.34055727554179566,NORMAL,2508.1298828125
2023-09-25,False,0.33962264150943394,NORMAL,2495.760009765625
2023-09-26,False,0.24522292993630573,NORMAL,2462.969970703125
2023-09-27,False,0.2765273311897106,NORMAL,2465.070068359375
2023-10-04,False,0.1870967741935484,CRASH,2405.68994140625
2023-10-05,False,0.17549668874172186,NORMAL,2403.60009765625
2023-10-06,False,0.23934426229508196,NORMAL,2408.72998046875
2023-10-10,False,0.2159468438538206,NORMAL,2402.580078125
2023-10-11,False,0.27960526315789475,SURGE,2450.080078125
2023-10-12,False,0.3627450980392157,NORMAL,2479.820068359375
2023-10-13,False,0.3300653594771242,NORMAL,2456.14990234375
2023-10-16,False,0.31438127090301005,NORMAL,2436.239990234375
2023-10-17,False,0.36454849498327757,NORMAL,2460.169921875
2023-10-18,False,0.3918918918918919,NORMAL,2462.60009765625
2023-10-19,False,0.296551724137931,NORMAL,2415.800048828125
2023-10-20,False,0.22602739726027396,NORMAL,2375.0
2023-10-23,False,0.17586206896551723,NORMAL,2357.02001953125
2023-10-24,False,0.23183391003460208,NORMAL,2383.510009765625
2023-10-25,False,0.281786941580756,NORMAL,2363.169921875
2023-10-26,False,0.19230769230769232,CRASH,2299.080078125
2023-10-27,False,0.21951219512195122,NORMAL,2302.81005859375
2023-10-30,False,0.2827586206896552,NORMAL,2310.550048828125
2023-10-31,False,0.2682926829268293,NORMAL,2277.989990234375
2023-11-01,False,0.363013698630137,NORMAL,2301.56005859375
2023-11-02,False,0.4074074074074074,SURGE,2343.1201171875
2023-11-03,False,0.48344370860927155,NORMAL,2368.340087890625
2023-11-06,False,0.7901639344262295,SURGE,2502.3701171875
2023-11-07,False,0.6807817589576547,CRASH,2443.9599609375
2023-11-08,False,0.5993485342019544,NORMAL,2421.6201171875
2023-11-09,False,0.6319218241042345,NORMAL,2427.080078125
2023-11-10,False,0.5504885993485342,NORMAL,2409.659912109375
2023-11-13,False,0.565359477124183,NORMAL,2403.760009765625
2023-11-14,False,0.6776315789473685,NORMAL,2433.25
2023-11-15,False,0.8090614886731392,SURGE,2486.669921875
2023-11-16,False,0.7993630573248408,NORMAL,2488.179931640625
2023-11-17,False,0.7555555555555555,NORMAL,2469.85009765625
2023-11-20,False,0.8095238095238095,NORMAL,2491.199951171875
2023-11-21,False,0.8343949044585988,NORMAL,2510.419921875
2023-11-22,False,0.8301282051282052,NORMAL,2511.699951171875
2023-11-23,True,0.8115015974440895,NORMAL,2514.9599609375
2023-11-24,True,0.7974683544303798,NORMAL,2496.6298828125
2023-11-27,True,0.7689873417721519,NORMAL,2495.659912109375
2023-11-28,True,0.7563291139240507,NORMAL,2521.760009765625
2023-11-29,True,0.66875,NORMAL,2519.81005859375
2023-11-30,True,0.6915887850467289,NORMAL,2535.2900390625
2023-12-01,True,0.6330275229357798,NORMAL,2505.010009765625
2023-12-04,True,0.6501547987616099,NORMAL,2514.949951171875
2023-12-05,True,0.6304347826086957,NORMAL,2494.280029296875
2023-12-06,True,0.6428571428571429,NORMAL,2495.3798828125
2023-12-07,False,0.5696594427244582,NORMAL,2492.070068359375
2023-12-08,False,0.6137071651090342,NORMAL,2517.85009765625
2023-12-11,False,0.6125,NORMAL,2525.360107421875
2023-12-12,True,0.6242236024844721,NORMAL,2535.27001953125
2023-12-13,True,0.5509554140127388,NORMAL,2510.659912109375
2023-12-14,True,0.6081504702194357,NORMAL,2544.179931640625
2023-12-15,True,0.6296296296296297,NORMAL,2563.56005859375
2023-12-18,True,0.6483180428134556,NORMAL,2566.860107421875
2023-12-19,True,0.6341463414634146,NORMAL,2568.550048828125
2023-12-20,True,0.7024539877300614,SURGE,2614.300048828125
2023-12-21,True,0.6280487804878049,NORMAL,2600.02001953125
2023-12-22,True,0.6253776435045317,NORMAL,2599.510009765625
2023-12-26,True,0.5843373493975904,NORMAL,2602.590087890625
2023-12-27,True,0.5119760479041916,NORMAL,2613.5
2023-12-28,True,0.60790273556231,SURGE,2655.280029296875
2024-01-02,True,0.6231003039513677,NORMAL,2669.81005859375
2024-01-03,True,0.4864864864864865,CRASH,2607.31005859375
2024-01-04,True,0.42388059701492536,NORMAL,2587.02001953125
2024-01-05,True,0.4221556886227545,NORMAL,2578.080078125
2024-01-08,True,0.41194029850746267,NORMAL,2567.820068359375
2024-01-09,True,0.42388059701492536,NORMAL,2561.239990234375
2024-01-10,True,0.41317365269461076,NORMAL,2541.97998046875
2024-01-11,True,0.41492537313432837,NORMAL,2540.27001953125
2024-01-12,True,0.36607142857142855,NORMAL,2525.050048828125
2024-01-15,True,0.3630952380952381,NORMAL,2525.989990234375
2024-01-16,False,0.2964071856287425,NORMAL,2497.590087890625
2024-01-17,False,0.25688073394495414,CRASH,2435.89990234375
2024-01-18,False,0.2628398791540785,NORMAL,2440.0400390625
2024-01-19,False,0.29003021148036257,NORMAL,2472.739990234375
2024-01-22,False,0.2865853658536585,NORMAL,2464.35009765625
2024-01-23,False,0.3363914373088685,NORMAL,2478.610107421875
2024-01-24,False,0.3188854489164087,NORMAL,2469.68994140625
2024-01-25,False,0.378125,NORMAL,2470.340087890625
2024-01-26,False,0.4088050314465409,NORMAL,2478.56005859375
2024-01-29,False,0.4339622641509434,NORMAL,2500.64990234375
2024-01-30,False,0.4179566563467492,NORMAL,2498.81005859375
2024-01-31,False,0.41875,NORMAL,2497.090087890625
2024-02-01,False,0.48942598187311176,SURGE,2542.4599609375
2024-02-02,False,0.5850746268656717,SURGE,2615.31005859375
2024-02-05,True,0.5676470588235294,NORMAL,2591.31005859375
2024-02-06,True,0.5545722713864307,NORMAL,2576.199951171875
2024-02-07,True,0.6217008797653959,NORMAL,2609.580078125
2024-02-08,True,0.6158357771260997,NORMAL,2620.320068359375
2024-02-13,True,0.6956521739130435,NORMAL,2649.639892578125
2024-02-14,True,0.7014492753623188,NORMAL,2620.419921875
2024-02-15,True,0.6927536231884058,NORMAL,2613.800048828125
2024-02-16,True,0.7514450867052023,NORMAL,2648.760009765625
2024-02-19,True,0.7947976878612717,NORMAL,2680.260009765625
2024-02-20,True,0.7383720930232558,NORMAL,2657.7900390625
2024-02-21,True,0.7339181286549707,NORMAL,2653.31005859375
2024-02-22,True,0.7058823529411765,NORMAL,2664.27001953125
2024-02-23,True,0.6656716417910448,NORMAL,2667.699951171875
2024-02-26,True,0.5662650602409639,NORMAL,2647.080078125
2024-02-27,True,0.4259818731117825,NORMAL,2625.050048828125
2024-02-28,True,0.48348348348348347,NORMAL,2652.2900390625
2024-02-29,True,0.43636363636363634,NORMAL,2642.360107421875
2024-03-04,True,0.4624624624624625,NORMAL,2674.27001953125
2024-03-05,True,0.4115853658536585,NORMAL,2649.39990234375
2024-03-06,True,0.38461538461538464,NORMAL,2641.489990234375
2024-03-07,True,0.3875,NORMAL,2647.6201171875
2024-03-08,True,0.4192546583850932,NORMAL,2680.35009765625
2024-03-11,True,0.3715170278637771,NORMAL,2659.840087890625
2024-03-12,True,0.4024767801857585,NORMAL,2681.81005859375
2024-03-13,True,0.43478260869565216,NORMAL,2693.570068359375
2024-03-14,True,0.4890282131661442,NORMAL,2718.760009765625
2024-03-15,True,0.4371069182389937,NORMAL,2666.840087890625
2024-03-18,True,0.4651898734177215,NORMAL,2685.840087890625
2024-03-19,True,0.4281150159744409,NORMAL,2656.169921875
2024-03-20,True,0.44983818770226536,NORMAL,2690.139892578125
2024-03-21,True,0.5576923076923077,SURGE,2754.860107421875
2024-03-22,True,0.572347266881029,NORMAL,2748.56005859375
2024-03-25,True,0.532051282051282,NORMAL,2737.570068359375
2024-03-26,True,0.5862068965517241,NORMAL,2757.090087890625
2024-03-27,True,0.5705329153605015,NORMAL,2755.110107421875
2024-03-28,True,0.5172413793103449,NORMAL,2745.820068359375
2024-03-29,True,0.4608150470219436,NORMAL,2746.6298828125
2024-04-01,True,0.5314465408805031,NORMAL,2747.860107421875
2024-04-02,True,0.4620253164556962,NORMAL,2753.159912109375
2024-04-03,True,0.38412698412698415,NORMAL,2706.969970703125
2024-04-04,True,0.4185303514376997,NORMAL,2742.0
2024-04-05,True,0.37341772151898733,NORMAL,2714.2099609375
2024-04-08,False,0.3333333333333333,NORMAL,2717.64990234375
2024-04-09,False,0.329073482428115,NORMAL,2705.159912109375
2024-04-11,False,0.3184713375796178,NORMAL,2706.9599609375
2024-04-12,False,0.31528662420382164,NORMAL,2681.820068359375
2024-04-15,False,0.33116883116883117,NORMAL,2670.429931640625
2024-04-16,False,0.2247557003257329,CRASH,2609.6298828125
2024-04-17,False,0.24752475247524752,NORMAL,2584.179931640625
2024-04-18,False,0.30392156862745096,SURGE,2634.699951171875
2024-04-19,False,0.25245901639344265,NORMAL,2591.860107421875
2024-04-22,True,0.3660130718954248,NORMAL,2629.43994140625
2024-04-23,True,0.38762214983713356,NORMAL,2623.02001953125
2024-04-24,True,0.4602649006622517,SURGE,2675.75
2024-04-25,True,0.44224422442244227,NORMAL,2628.6201171875
2024-04-26,True,0.5150501672240803,NORMAL,2656.330078125
2024-04-29,True,0.7242524916943521,NORMAL,2687.43994140625
2024-04-30,True,0.6996699669966997,NORMAL,2692.06005859375
2024-05-02,True,0.6812080536912751,NORMAL,2683.64990234375
2024-05-03,True,0.7003367003367004,NORMAL,2676.6298828125
2024-05-07,True,0.7878787878787878,SURGE,2734.360107421875
2024-05-08,True,0.8294314381270903,NORMAL,2745.050048828125
2024-05-09,True,0.7658862876254181,NORMAL,2712.139892578125
2024-05-10,True,0.761744966442953,NORMAL,2727.6298828125
2024-05-13,True,0.7023411371237458,NORMAL,2727.2099609375
2024-05-14,True,0.7284768211920529,NORMAL,2730.340087890625
2024-05-16,True,0.7645161290322581,NORMAL,2753.0
2024-05-17,True,0.6612903225806451,NORMAL,2724.6201171875
2024-05-20,True,0.6507936507936508,NORMAL,2742.139892578125
2024-05-21,True,0.5968253968253968,NORMAL,2724.179931640625
2024-05-22,True,0.5516129032258065,NORMAL,2723.4599609375
2024-05-23,True,0.5207667731629393,NORMAL,2721.81005859375
2024-05-24,True,0.48717948717948717,NORMAL,2687.60009765625
2024-05-27,True,0.509375,NORMAL,2722.989990234375
2024-05-28,True,0.4891640866873065,NORMAL,2722.85009765625
2024-05-29,True,0.4110429447852761,NORMAL,2677.300048828125
2024-05-30,True,0.3780487804878049,NORMAL,2635.43994140625
2024-05-31,True,0.4294294294294294,NORMAL,2636.52001953125
2024-06-03,True,0.5219941348973607,SURGE,2682.52001953125
2024-06-04,True,0.3959537572254335,NORMAL,2662.10009765625
2024-06-05,True,0.41076487252124644,NORMAL,2689.5
2024-06-07,True,0.4119318181818182,NORMAL,2722.669921875
2024-06-10,True,0.43059490084985835,NORMAL,2701.169921875
2024-06-11,True,0.4180790960451977,NORMAL,2705.320068359375
2024-06-12,True,0.4859550561797753,NORMAL,2728.169921875
2024-06-13,True,0.4818941504178273,NORMAL,2754.889892578125
2024-06-14,True,0.4860335195530726,NORMAL,2758.419921875
2024-06-17,True,0.46814404432132967,NORMAL,2744.10009765625
2024-06-18,True,0.47802197802197804,NORMAL,2763.919921875
2024-06-19,True,0.5251396648044693,NORMAL,2797.330078125
2024-06-20,True,0.5718232044198895,NORMAL,2807.6298828125
2024-06-21,True,0.5515320334261838,NORMAL,2784.260009765625
2024-06-24,True,0.4530386740331492,NORMAL,2764.72998046875
2024-06-25,True,0.5,NORMAL,2774.389892578125
2024-06-26,True,0.4704225352112676,NORMAL,2792.050048828125
2024-06-27,True,0.45272206303724927,NORMAL,2784.06005859375
2024-06-28,True,0.5129682997118156,NORMAL,2797.820068359375
2024-07-01,True,0.5071633237822349,NORMAL,2804.31005859375
2024-07-02,True,0.4069767441860465,NORMAL,2780.860107421875
2024-07-03,True,0.3798219584569733,NORMAL,2794.010009765625
2024-07-04,True,0.44345238095238093,NORMAL,2824.93994140625
2024-07-05,True,0.4437869822485207,NORMAL,2862.22998046875
2024-07-08,True,0.46449704142011833,NORMAL,2857.760009765625
2024-07-09,True,0.4791666666666667,NORMAL,2867.3798828125
2024-07-10,True,0.47904191616766467,NORMAL,2867.989990234375
2024-07-11,True,0.5319148936170213,NORMAL,2891.35009765625
2024-07-12,True,0.5272727272727272,NORMAL,2857.0
2024-07-15,True,0.5370370370370371,NORMAL,2860.919921875
2024-07-16,True,0.5172413793103449,NORMAL,2866.090087890625
2024-07-17,True,0.4952681388012618,NORMAL,2843.2900390625
2024-07-18,True,0.4810126582278481,NORMAL,2824.35009765625
2024-07-19,True,0.4281150159744409,NORMAL,2795.4599609375
2024-07-22,True,0.36363636363636365,NORMAL,2763.510009765625
2024-07-23,True,0.37337662337662336,NORMAL,2774.2900390625
2024-07-24,True,0.35714285714285715,NORMAL,2758.7099609375
2024-07-25,False,0.2706270627062706,NORMAL,2710.64990234375
2024-07-26,True,0.36156351791530944,NORMAL,2731.89990234375
2024-07-29,True,0.42718446601941745,NORMAL,2765.530029296875
2024-07-30,True,0.3903225806451613,NORMAL,2738.18994140625
2024-07-31,True,0.45307443365695793,NORMAL,2770.68994140625
2024-08-01,True,0.4967741935483871,NORMAL,2777.679931640625
2024-08-02,False,0.30392156862745096,CRASH,2676.18994140625
2024-08-05,False,0.0625,CRASH,2441.550048828125
2024-08-06,False,0.11003236245954692,SURGE,2522.14990234375
2024-08-07,False,0.2126984126984127,SURGE,2568.409912109375
2024-08-08,False,0.24271844660194175,NORMAL,2556.72998046875
2024-08-09,False,0.2912621359223301,NORMAL,2588.429931640625
2024-08-12,False,0.34615384615384615,NORMAL,2618.300048828125
2024-08-13,False,0.343042071197411,NORMAL,2621.5
2024-08-14,False,0.36977491961414793,NORMAL,2644.5
2024-08-16,False,0.4872611464968153,SURGE,2697.22998046875
2024-08-19,True,0.4984025559105431,NORMAL,2674.360107421875
2024-08-20,True,0.559748427672956,NORMAL,2696.6298828125
2024-08-21,True,0.5841269841269842,NORMAL,2701.1298828125
2024-08-22,True,0.5741935483870968,NORMAL,2707.669921875
2024-08-23,True,0.5852090032154341,NORMAL,2701.68994140625
2024-08-26,True,0.5935483870967742,NORMAL,2698.010009765625
2024-08-27,True,0.6103896103896104,NORMAL,2689.25
2024-08-28,True,0.5836065573770491,NORMAL,2689.830078125
2024-08-29,True,0.53156146179402,NORMAL,2662.280029296875
2024-08-30,True,0.5733333333333334,NORMAL,2674.31005859375
2024-09-02,True,0.5577557755775577,NORMAL,2681.0
2024-09-03,True,0.5627118644067797,NORMAL,2664.6298828125
2024-09-04,True,0.356401384083045,CRASH,2580.800048828125
2024-09-05,True,0.3424657534246575,NORMAL,2575.5
2024-09-06,False,0.27017543859649124,NORMAL,2544.280029296875
2024-09-09,False,0.24734982332155478,NORMAL,2535.929931640625
2024-09-10,False,0.26258992805755393,NORMAL,2523.429931640625
2024-09-11,False,0.2517985611510791,NORMAL,2513.3701171875
2024-09-12,False,0.36200716845878134,SURGE,2572.090087890625
2024-09-13,False,0.4626334519572954,NORMAL,2575.409912109375
2024-09-19,False,0.528169014084507,NORMAL,2580.800048828125
2024-09-20,False,0.5734265734265734,NORMAL,2593.3701171875
2024-09-23,False,0.6111111111111112,NORMAL,2602.010009765625
2024-09-24,False,0.698961937716263,NORMAL,2631.679931640625
2024-09-25,False,0.608843537414966,NORMAL,2596.320068359375
2024-09-26,False,0.7491525423728813,SURGE,2671.570068359375
2024-09-27,False,0.7235494880546075,NORMAL,2649.780029296875
2024-09-30,False,0.5910652920962199,CRASH,2593.27001953125
2024-10-02,False,0.4631578947368421,NORMAL,2561.68994140625
2024-10-04,False,0.46808510638297873,NORMAL,2569.7099609375
2024-10-07,False,0.6,SURGE,2610.3798828125
2024-10-08,False,0.5684210526315789,NORMAL,2594.360107421875
2024-10-10,False,0.5719298245614035,NORMAL,2599.159912109375
2024-10-11,False,0.5422535211267606,NORMAL,2596.909912109375
2024-10-14,False,0.545774647887324,NORMAL,2623.2900390625
2024-10-15,False,0.512280701754386,NORMAL,2633.449951171875
2024-10-16,False,0.4479166666666667,NORMAL,2610.360107421875
2024-10-17,False,0.46689895470383275,NORMAL,2609.300048828125
2024-10-18,False,0.45104895104895104,NORMAL,2593.820068359375
2024-10-21,False,0.43508771929824563,NORMAL,2604.919921875
2024-10-22,False,0.3920863309352518,NORMAL,2570.699951171875
2024-10-23,False,0.3804347826086957,NORMAL,2599.6201171875
2024-10-24,False,0.3851851851851852,NORMAL,2581.030029296875
2024-10-25,False,0.35555555555555557,NORMAL,2583.27001953125
2024-10-28,False,0.4052044609665427,NORMAL,2612.429931640625
2024-10-29,False,0.43656716417910446,NORMAL,2617.800048828125
2024-10-30,False,0.39097744360902253,NORMAL,2593.7900390625
2024-10-31,False,0.37969924812030076,NORMAL,2556.14990234375
2024-11-01,False,0.3,NORMAL,2542.360107421875
2024-11-04,False,0.44,SURGE,2588.969970703125
2024-11-05,False,0.4404332129963899,NORMAL,2576.8798828125
2024-11-06,False,0.46402877697841727,NORMAL,2563.510009765625
2024-11-07,False,0.44404332129963897,NORMAL,2564.6298828125
2024-11-08,False,0.41454545454545455,NORMAL,2561.14990234375
2024-11-11,False,0.3553113553113553,NORMAL,2531.659912109375
2024-11-12,False,0.2773722627737226,NORMAL,2482.570068359375
2024-11-13,False,0.17647058823529413,CRASH,2417.080078125
2024-11-14,False,0.24354243542435425,NORMAL,2418.860107421875
2024-11-15,False,0.225,NORMAL,2416.860107421875
2024-11-18,False,0.30985915492957744,SURGE,2469.070068359375
2024-11-19,False,0.3167259786476868,NORMAL,2471.949951171875
2024-11-20,False,0.39285714285714285,NORMAL,2482.2900390625
2024-11-21,False,0.3678571428571429,NORMAL,2480.6298828125
2024-11-22,False,0.4259927797833935,NORMAL,2501.239990234375
2024-11-25,False,0.47330960854092524,NORMAL,2534.340087890625
2024-11-26,False,0.46996466431095407,NORMAL,2520.360107421875
2024-11-27,False,0.4452296819787986,NORMAL,2503.06005859375
2024-11-28,False,0.5070422535211268,NORMAL,2504.669921875
2024-11-29,False,0.40425531914893614,NORMAL,2455.909912109375
2024-12-02,False,0.36823104693140796,NORMAL,2454.47998046875
2024-12-03,False,0.5,SURGE,2500.10009765625
2024-12-04,False,0.4078014184397163,NORMAL,2464.0
2024-12-05,False,0.3167259786476868,NORMAL,2441.85009765625
2024-12-06,False,0.2831541218637993,NORMAL,2428.159912109375
2024-12-09,False,0.13357400722021662,CRASH,2360.580078125
2024-12-10,False,0.302491103202847,SURGE,2417.840087890625
2024-12-11,False,0.47183098591549294,NORMAL,2442.510009765625
2024-12-12,False,0.5123674911660777,SURGE,2482.1201171875
2024-12-13,False,0.5921985815602837,NORMAL,2494.4599609375
2024-12-16,False,0.5765124555160143,NORMAL,2488.969970703125
2024-12-17,False,0.5390070921985816,NORMAL,2456.81005859375
2024-12-18,False,0.6070175438596491,NORMAL,2484.429931640625
2024-12-19,False,0.4642857142857143,NORMAL,2435.929931640625
2024-12-20,False,0.3759124087591241,NORMAL,2404.14990234375
2024-12-23,False,0.5232974910394266,SURGE,2442.010009765625
2024-12-24,False,0.49458483754512633,NORMAL,2440.52001953125
2024-12-26,False,0.46236559139784944,NORMAL,2429.669921875
2024-12-27,False,0.3249097472924188,NORMAL,2404.77001953125
2024-12-30,False,0.36496350364963503,NORMAL,2399.489990234375
2025-01-02,False,0.38686131386861317,NORMAL,2398.93994140625
2025-01-03,False,0.5306859205776173,SURGE,2441.919921875
2025-01-06,False,0.6071428571428571,SURGE,2488.639892578125
2025-01-07,False,0.6285714285714286,NORMAL,2492.10009765625
2025-01-08,False,0.6415770609318996,NORMAL,2521.050048828125
2025-01-09,False,0.6099290780141844,NORMAL,2521.89990234375
2025-01-10,False,0.6276595744680851,NORMAL,2515.780029296875
2025-01-13,False,0.5785714285714286,NORMAL,2489.56005859375
2025-01-14,False,0.6159420289855072,NORMAL,2497.39990234375
2025-01-15,False,0.5992647058823529,NORMAL,2496.81005859375
2025-01-16,False,0.6764705882352942,NORMAL,2527.489990234375
2025-01-17,False,0.6470588235294118,NORMAL,2523.550048828125
2025-01-20,False,0.664179104477612,NORMAL,2520.050048828125
2025-01-21,False,0.6043956043956044,NORMAL,2518.030029296875
2025-01-22,False,0.6606498194945848,NORMAL,2547.06005859375
2025-01-23,False,0.5164835164835165,NORMAL,2515.489990234375
2025-01-24,False,0.579136690647482,NORMAL,2536.800048828125
2025-01-31,False,0.5519713261648745,NORMAL,2517.3701171875
2025-02-03,False,0.41935483870967744,CRASH,2453.949951171875
2025-02-04,False,0.4748201438848921,NORMAL,2481.68994140625
2025-02-05,False,0.4840989399293286,NORMAL,2509.27001953125
2025-02-06,False,0.5698924731182796,NORMAL,2536.75
2025-02-07,False,0.5359712230215827,NORMAL,2521.919921875
2025-02-10,False,0.5379061371841155,NORMAL,2521.27001953125
2025-02-11,False,0.5611510791366906,NORMAL,2539.050048828125
2025-02-12,False,0.5683453237410072,NORMAL,2548.389892578125
2025-02-13,False,0.6441281138790036,NORMAL,2583.169921875
2025-02-14,False,0.6385964912280702,NORMAL,2591.050048828125
2025-02-17,False,0.6909722222222222,NORMAL,2610.419921875
2025-02-18,False,0.7024221453287197,NORMAL,2626.81005859375
2025-02-19,False,0.7862068965517242,SURGE,2671.52001953125
2025-02-20,True,0.752542372881356,NORMAL,2654.06005859375
2025-02-21,True,0.7508417508417509,NORMAL,2654.580078125
2025-02-24,True,0.7161716171617162,NORMAL,2645.27001953125
2025-02-25,True,0.6478405315614618,NORMAL,2630.2900390625
2025-02-26,True,0.694078947368421,NORMAL,2641.090087890625
2025-02-27,True,0.6262295081967213,NORMAL,2621.75
2025-02-28,True,0.41368078175895767,CRASH,2532.780029296875
2025-03-04,True,0.34983498349834985,NORMAL,2528.919921875
2025-03-05,False,0.45806451612903226,NORMAL,2558.1298828125
2025-03-06,False,0.48231511254019294,NORMAL,2576.159912109375
2025-03-07,False,0.44660194174757284,NORMAL,2563.47998046875
2025-03-10,False,0.46254071661237783,NORMAL,2570.389892578125
2025-03-11,False,0.36065573770491804,NORMAL,2537.60009765625
2025-03-12,False,0.4105960264900662,NORMAL,2574.820068359375
2025-03-13,False,0.38461538461538464,NORMAL,2573.639892578125
2025-03-14,False,0.41471571906354515,NORMAL,2566.360107421875
2025-03-17,False,0.46688741721854304,SURGE,2610.68994140625
2025-03-18,False,0.48,NORMAL,2612.340087890625
2025-03-19,True,0.4983164983164983,NORMAL,2628.6201171875
2025-03-20,True,0.46551724137931033,NORMAL,2637.10009765625
2025-03-21,True,0.45674740484429066,NORMAL,2643.1298828125
2025-03-24,True,0.4570446735395189,NORMAL,2632.070068359375
2025-03-25,True,0.4061433447098976,NORMAL,2615.81005859375
2025-03-26,True,0.4280821917808219,NORMAL,2643.93994140625
2025-03-27,True,0.3586206896551724,NORMAL,2607.14990234375
2025-03-28,True,0.2832764505119454,NORMAL,2557.97998046875
2025-03-31,True,0.16783216783216784,CRASH,2481.1201171875
2025-04-01,False,0.21052631578947367,SURGE,2521.389892578125
2025-04-02,False,0.23049645390070922,NORMAL,2505.860107421875
2025-04-03,False,0.22419928825622776,NORMAL,2486.699951171875
2025-04-04,False,0.22419928825622776,NORMAL,2465.419921875
2025-04-07,False,0.14336917562724014,CRASH,2328.199951171875
2025-04-08,False,0.1387900355871886,NORMAL,2334.22998046875
2025-04-09,False,0.1223021582733813,NORMAL,2293.699951171875
2025-04-10,False,0.24305555555555555,SURGE,2445.06005859375
2025-04-11,False,0.2916666666666667,NORMAL,2432.719970703125
2025-04-14,False,0.3356643356643357,NORMAL,2455.889892578125
2025-04-15,False,0.42857142857142855,NORMAL,2477.409912109375
2025-04-16,False,0.4134275618374558,NORMAL,2447.429931640625
2025-04-17,False,0.4965277777777778,NORMAL,2470.409912109375
2025-04-18,False,0.6020761245674741,NORMAL,2483.419921875
2025-04-21,False,0.6241379310344828,NORMAL,2488.419921875
2025-04-22,False,0.6223776223776224,NORMAL,2486.639892578125
2025-04-23,False,0.7661016949152543,SURGE,2525.56005859375
2025-04-24,False,0.7697594501718213,NORMAL,2522.330078125
2025-04-25,False,0.8439716312056738,NORMAL,2546.300048828125
2025-04-28,False,0.7885304659498208,NORMAL,2548.860107421875
2025-04-29,False,0.8491228070175438,NORMAL,2565.419921875
2025-04-30,False,0.8111888111888111,NORMAL,2556.610107421875
2025-05-02,False,0.7809187279151943,NORMAL,2559.7900390625
2025-05-07,False,0.7859649122807018,NORMAL,2573.800048828125
2025-05-08,False,0.7935943060498221,NORMAL,2579.47998046875
2025-05-09,True,0.7338129496402878,NORMAL,2577.27001953125
2025-05-12,True,0.7446043165467626,NORMAL,2607.330078125
2025-05-13,True,0.7391304347826086,NORMAL,2608.419921875
2025-05-14,True,0.7402135231316725,NORMAL,2640.570068359375
2025-05-15,True,0.6971830985915493,NORMAL,2621.360107421875
2025-05-16,True,0.6842105263157895,NORMAL,2626.8701171875
2025-05-19,True,0.5865724381625441,NORMAL,2603.419921875
2025-05-20,True,0.6,NORMAL,2601.800048828125
2025-05-21,True,0.6245733788395904,NORMAL,2625.580078125
2025-05-22,True,0.547945205479452,NORMAL,2593.669921875
2025-05-23,True,0.5665529010238908,NORMAL,2592.090087890625
2025-05-26,True,0.6262626262626263,SURGE,2644.39990234375
2025-05-27,True,0.6216216216216216,NORMAL,2637.219970703125
2025-05-28,True,0.6317567567567568,NORMAL,2670.14990234375
2025-05-29,True,0.7302631578947368,SURGE,2720.639892578125
2025-05-30,True,0.6785714285714286,NORMAL,2697.669921875
2025-06-02,True,0.632258064516129,NORMAL,2698.969970703125
2025-06-04,True,0.7699680511182109,SURGE,2770.840087890625
2025-06-05,True,0.8354037267080745,NORMAL,2812.050048828125
2025-06-09,True,0.8685015290519877,SURGE,2855.77001953125
2025-06-10,True,0.8757575757575757,NORMAL,2871.85009765625
2025-06-11,True,0.8922155688622755,NORMAL,2907.0400390625
2025-06-12,True,0.9174041297935103,NORMAL,2920.030029296875
2025-06-13,True,0.8401162790697675,NORMAL,2894.6201171875
2025-06-16,True,0.853448275862069,SURGE,2946.659912109375
2025-06-17,True,0.828080229226361,NORMAL,2950.300048828125
2025-06-18,True,0.8050847457627118,NORMAL,2972.18994140625
2025-06-19,True,0.7746478873239436,NORMAL,2977.739990234375
2025-06-20,True,0.8324175824175825,NORMAL,3021.840087890625
2025-06-23,True,0.7398373983739838,NORMAL,3014.469970703125
2025-06-24,True,0.8284960422163589,SURGE,3103.639892578125
2025-06-25,True,0.8210526315789474,NORMAL,3108.25
2025-06-26,True,0.7394736842105263,NORMAL,3079.56005859375
2025-06-27,True,0.6455026455026455,NORMAL,3055.93994140625
2025-06-30,True,0.6891891891891891,NORMAL,3071.699951171875
2025-07-01,True,0.786096256684492,NORMAL,3089.64990234375
2025-07-02,True,0.7727272727272727,NORMAL,3075.06005859375
2025-07-03,True,0.7754010695187166,NORMAL,3116.27001953125
2025-07-04,True,0.5891891891891892,NORMAL,3054.280029296875
2025-07-07,True,0.5901639344262295,NORMAL,3059.469970703125
2025-07-08,True,0.6986301369863014,SURGE,3114.949951171875
2025-07-09,True,0.7405405405405405,NORMAL,3133.739990234375
2025-07-10,True,0.8016304347826086,SURGE,3183.22998046875
2025-07-11,True,0.7595628415300546,NORMAL,3175.77001953125
2025-07-14,True,0.782258064516129,NORMAL,3202.030029296875
2025-07-15,True,0.7945945945945946,NORMAL,3215.280029296875
2025-07-16,True,0.7095890410958904,NORMAL,3186.3798828125
2025-07-17,True,0.7150684931506849,NORMAL,3192.2900390625
2025-07-18,True,0.6740331491712708,NORMAL,3188.070068359375
2025-07-21,True,0.6573033707865169,NORMAL,3210.81005859375
2025-07-22,True,0.5842696629213483,NORMAL,3169.93994140625
2025-07-23,True,0.5714285714285714,NORMAL,3183.77001953125
2025-07-24,True,0.48863636363636365,NORMAL,3190.449951171875
2025-07-25,True,0.4657142857142857,NORMAL,3196.050048828125
2025-07-28,True,0.3652173913043478,NORMAL,3209.52001953125
2025-07-29,True,0.3893805309734513,NORMAL,3230.570068359375
2025-07-30,True,0.4221556886227545,NORMAL,3254.469970703125
2025-07-31,True,0.38972809667673713,NORMAL,3245.43994140625
2025-08-01,False,0.1951219512195122,CRASH,3119.409912109375
2025-08-04,False,0.23333333333333334,NORMAL,3147.75
2025-08-05,False,0.303951367781155,SURGE,3198.0
2025-08-06,True,0.3871951219512195,NORMAL,3198.139892578125
2025-08-07,True,0.40683229813664595,NORMAL,3227.679931640625
2025-08-08,True,0.39622641509433965,NORMAL,3210.010009765625
2025-08-11,True,0.375,NORMAL,3206.77001953125
2025-08-12,True,0.3762057877813505,NORMAL,3189.909912109375
2025-08-13,True,0.39285714285714285,NORMAL,3224.3701171875
2025-08-14,True,0.43729903536977494,NORMAL,3225.659912109375
2025-08-18,True,0.36482084690553745,NORMAL,3177.280029296875
2025-08-19,False,0.3257328990228013,NORMAL,3151.56005859375
2025-08-20,False,0.2857142857142857,NORMAL,3130.090087890625
2025-08-21,False,0.33003300330033003,NORMAL,3141.739990234375
2025-08-22,False,0.3388704318936877,NORMAL,3168.72998046875
2025-08-25,True,0.4711864406779661,NORMAL,3209.860107421875
2025-08-26,True,0.4222972972972973,NORMAL,3179.360107421875
2025-08-27,True,0.4383561643835616,NORMAL,3187.159912109375
2025-08-28,True,0.47079037800687284,NORMAL,3196.320068359375
2025-08-29,True,0.45517241379310347,NORMAL,3186.010009765625
2025-09-01,True,0.38380281690140844,NORMAL,3142.929931640625
2025-09-02,True,0.4098939929328622,NORMAL,3172.35009765625
2025-09-03,True,0.4295774647887324,NORMAL,3184.419921875
2025-09-04,True,0.4929078014184397,NORMAL,3200.830078125
2025-09-05,True,0.5354609929078015,NORMAL,3205.1201171875
2025-09-08,True,0.5892857142857143,NORMAL,3219.590087890625
2025-09-09,True,0.6654804270462633,NORMAL,3260.050048828125
2025-09-10,True,0.7465277777777778,SURGE,3314.530029296875
2025-09-11,True,0.7785467128027682,NORMAL,3344.199951171875
2025-09-12,True,0.8153310104529616,SURGE,3395.5400390625
2025-09-15,True,0.7708333333333334,NORMAL,3407.31005859375
2025-09-16,True,0.7577854671280276,NORMAL,3449.6201171875
2025-09-17,True,0.7216494845360825,NORMAL,3413.39990234375
2025-09-18,True,0.7508532423208191,NORMAL,3461.300048828125
2025-09-19,True,0.6936026936026936,NORMAL,3445.239990234375
2025-09-22,True,0.6700680272108843,NORMAL,3468.64990234375
2025-09-23,True,0.6216216216216216,NORMAL,3486.18994140625
2025-09-24,True,0.494949494949495,NORMAL,3472.139892578125
2025-09-25,True,0.4527027027027027,NORMAL,3471.110107421875
2025-09-26,False,0.29591836734693877,CRASH,3386.050048828125
2025-09-29,True,0.3694915254237288,NORMAL,3431.2099609375
2025-09-30,False,0.32432432432432434,NORMAL,3424.60009765625
2025-10-01,False,0.31186440677966104,NORMAL,3455.830078125
2025-10-02,True,0.38205980066445183,SURGE,3549.2099609375
2025-10-10,True,0.3509933774834437,SURGE,3610.60009765625
2025-10-13,False,0.3333333333333333,NORMAL,3584.550048828125
2025-10-14,False,0.33114754098360655,NORMAL,3561.81005859375
2025-10-15,True,0.4519230769230769,SURGE,3657.280029296875
2025-10-16,True,0.5174603174603175,SURGE,3748.3701171875
2025-10-17,True,0.46178343949044587,NORMAL,3748.889892578125
2025-10-20,True,0.5636942675159236,SURGE,3814.68994140625
2025-10-21,True,0.5878594249201278,NORMAL,3823.840087890625
2025-10-22,True,0.6698412698412698,SURGE,3883.679931640625
2025-10-23,True,0.6031746031746031,NORMAL,3845.56005859375
2025-10-24,True,0.64576802507837,SURGE,3941.590087890625
2025-10-27,True,0.7360248447204969,SURGE,4042.830078125
2025-10-28,True,0.7492260061919505,NORMAL,4010.409912109375
2025-10-29,True,0.7053291536050157,SURGE,4081.14990234375
2025-10-30,True,0.615625,NORMAL,4086.889892578125
2025-10-31,True,0.6170886075949367,NORMAL,4107.5
2025-11-03,True,0.5987460815047022,SURGE,4221.8701171875
2025-11-04,True,0.6199376947040498,CRASH,4121.740234375
2025-11-05,True,0.43119266055045874,CRASH,4004.419921875
2025-11-06,True,0.5167173252279635,NORMAL,4026.449951171875
2025-11-07,True,0.4241486068111455,NORMAL,3953.760009765625
2025-11-10,True,0.601823708206687,SURGE,4073.239990234375
2025-11-11,True,0.5823170731707317,NORMAL,4106.39013671875
2025-11-12,True,0.6697247706422018,NORMAL,4150.39013671875
2025-11-13,True,0.7085889570552147,NORMAL,4170.6298828125
2025-11-14,True,0.5541795665634675,CRASH,4011.570068359375
2025-11-17,True,0.5482866043613707,SURGE,4089.25
2025-11-18,True,0.37735849056603776,CRASH,3953.6201171875
2025-11-19,True,0.3793103448275862,NORMAL,3929.510009765625
2025-11-20,True,0.4674922600619195,SURGE,4004.85009765625
2025-11-21,True,0.35714285714285715,CRASH,3853.260009765625
2025-11-24,False,0.32407407407407407,NORMAL,3846.06005859375
2025-11-25,False,0.3065015479876161,NORMAL,3857.780029296875
2025-11-26,True,0.45565749235474007,SURGE,3960.8701171875
2025-11-27,True,0.43788819875776397,NORMAL,3986.909912109375
2025-11-28,True,0.4672897196261682,NORMAL,3926.590087890625
2025-12-01,True,0.46540880503144655,NORMAL,3920.3701171875
2025-12-02,True,0.5924764890282131,SURGE,3994.929931640625
2025-12-03,True,0.6820987654320988,NORMAL,4036.300048828125
2025-12-04,True,0.628125,NORMAL,4028.510009765625
2025-12-05,True,0.6666666666666666,SURGE,4100.0498046875
2025-12-08,True,0.660436137071651,NORMAL,4154.85009765625
2025-12-09,True,0.6635220125786163,NORMAL,4143.5498046875
2025-12-10,True,0.6246056782334385,NORMAL,4135.0
2025-12-11,True,0.628125,NORMAL,4110.6201171875
2025-12-12,True,0.7350157728706624,NORMAL,4167.16015625
2025-12-15,True,0.7169811320754716,NORMAL,4090.590087890625
2025-12-16,True,0.60062893081761,CRASH,3999.1298828125
2025-12-17,True,0.6069182389937107,NORMAL,4056.409912109375
2025-12-18,True,0.4637223974763407,NORMAL,3994.510009765625
2025-12-19,True,0.5445859872611465,NORMAL,4020.550048828125
2025-12-22,True,0.6031746031746031,SURGE,4105.93017578125
2025-12-23,True,0.5587301587301587,NORMAL,4117.31982421875
2025-12-24,True,0.5284810126582279,NORMAL,4108.6201171875
2025-12-26,True,0.3753943217665615,NORMAL,4129.68017578125
2025-12-29,True,0.39490445859872614,SURGE,4220.56005859375
2025-12-30,False,0.34935897435897434,NORMAL,4214.169921875
2026-01-02,True,0.4158730158730159,SURGE,4309.6298828125
2026-01-05,True,0.46835443037974683,SURGE,4457.52001953125
2026-01-06,True,0.48417721518987344,SURGE,4525.47998046875
2026-01-07,True,0.42902208201892744,NORMAL,4551.06005859375
2026-01-08,True,0.35443037974683544,NORMAL,4552.3701171875
2026-01-09,True,0.3925233644859813,NORMAL,4586.31982421875
2026-01-12,True,0.47058823529411764,NORMAL,4624.7900390625
2026-01-13,True,0.5642633228840125,NORMAL,4692.64013671875
2026-01-14,True,0.6074766355140186,NORMAL,4723.10009765625
2026-01-15,True,0.6894409937888198,SURGE,4797.5498046875
2026-01-16,True,0.6273291925465838,NORMAL,4840.740234375
2026-01-19,True,0.6656346749226006,NORMAL,4904.66015625
2026-01-20,True,0.7515151515151515,NORMAL,4885.75
2026-01-21,True,0.6807228915662651,NORMAL,4909.93017578125
2026-01-22,True,0.7521865889212828,NORMAL,4952.52978515625
2026-01-23,True,0.8328530259365994,NORMAL,4990.06982421875
2026-01-26,True,0.8179190751445087,NORMAL,4949.58984375
2026-01-27,True,0.8081395348837209,SURGE,5084.85009765625
2026-01-28,True,0.8376811594202899,SURGE,5170.81005859375
2026-01-29,True,0.888268156424581,NORMAL,5221.25
2026-01-30,True,0.8305555555555556,NORMAL,5224.35986328125
2026-02-02,True,0.6011080332409973,CRASH,4949.669921875
2026-02-03,True,0.8081081081081081,SURGE,5288.080078125
2026-02-04,True,0.8620689655172413,SURGE,5371.10009765625
2026-02-05,True,0.7730870712401056,CRASH,5163.56982421875
2026-02-06,True,0.6428571428571429,NORMAL,5089.14013671875
2026-02-09,True,0.7749360613810742,SURGE,5298.0400390625
2026-02-10,True,0.7715736040609137,NORMAL,5301.68994140625
2026-02-11,True,0.7909319899244333,NORMAL,5354.490234375
2026-02-12,True,0.8341708542713567,SURGE,5522.27001953125
2026-02-13,True,0.7835820895522388,NORMAL,5507.009765625
2026-02-19,True,0.8452088452088452,SURGE,5677.25
2026-02-20,True,0.8719806763285024,SURGE,5808.52978515625
2026-02-23,True,0.8926014319809069,NORMAL,5846.08984375
2026-02-24,True,0.9116945107398569,SURGE,5969.64013671875
2026-02-25,True,0.92,SURGE,6083.85986328125
2026-02-26,True,0.8755868544600939,SURGE,6307.27001953125
2026-02-27,True,0.7962529274004684,NORMAL,6244.1298828125
2026-03-03,True,0.5152941176470588,CRASH,5791.91015625
2026-03-04,False,0.0975609756097561,CRASH,5093.5400390625
2026-03-05,False,0.2783018867924528,SURGE,5583.89990234375
2026-03-06,False,0.3222748815165877,NORMAL,5584.8701171875
2026-03-09,False,0.18072289156626506,CRASH,5251.8701171875
2026-03-10,False,0.23317307692307693,NORMAL,5251.87
2026-03-11,False,0.3069544364508393,NORMAL,5310.47
2026-03-12,False,0.3357142857142857,NORMAL,5270.88
2026-03-13,False,0.27184466019417475,NORMAL,5165.71
2026-03-16,False,0.2561576354679803,SURGE,5257.26
2026-03-17,False,0.293398533007335,SURGE,5361.79
2026-03-18,True,0.39803439803439805,SURGE,5661.76
2026-03-19,False,0.3160493827160494,CRASH,5495.77
2026-03-20,True,0.48756218905472637,NORMAL,5490.07
