ticker,stage,entry_date,entry_price,exit_date,exit_price,shares,pnl,pnl_pct,exit_reason,hold_days,sector
090460,B,2019-10-25,24200.0,2019-10-30,23232.5,288,-306393.37200000044,-0.04391090225579433,STOP_LOSS,5,전기·전자
011070,B,2019-10-25,126500.0,2019-10-30,122725.0,55,-235538.25624999963,-0.033814976413488074,STOP_LOSS,5,전기·전자
010950,B,2019-10-25,105500.0,2019-10-30,102725.0,66,-211158.0075000003,-0.030290888227353752,STOP_LOSS,5,화학
178920,B,2019-10-28,34700.0,2019-11-05,33492.5,202,-271933.9907499999,-0.03875105228410957,STOP_LOSS,8,화학
014680,B,2019-10-25,93000.0,2019-11-11,90600.0,75,-208066.5,-0.029796057114962953,STOP_LOSS,17,화학
009150,B,2019-10-28,115500.0,2019-11-11,112375.0,60,-215359.875,-0.031040764160176836,STOP_LOSS,14,전기·전자
000080,B,2019-10-25,28450.0,2019-11-15,27660.0,245,-221557.0524999993,-0.03174958639392457,STOP_LOSS,21,음식료·담배
009460,B,2019-11-12,3335.0,2019-11-18,3019.4,2085,-684594.0707999999,-0.09834042575176477,STOP_LOSS,6,종이·목재
007700,B,2019-11-13,60750.0,2019-11-21,51520.0,113,-1068058.6544999992,-0.1554072323001387,STOP_LOSS,8,기타금융
003230,B,2019-11-01,87900.0,2019-11-26,85645.0,56,-146089.31400000025,-0.029644381657339843,STOP_LOSS,25,음식료·담배
090430,B,2019-11-06,203000.0,2019-12-04,195525.0,34,-281698.45749999955,-0.04076715102754978,STOP_LOSS,28,화학
034730,B,2019-11-07,267000.0,2019-12-04,261075.0,26,-182057.75249999948,-0.026195423016340123,STOP_LOSS,27,기타금융
120110,B,2019-11-07,51600.0,2019-12-04,50020.0,135,-241231.3649999993,-0.03459004702731384,STOP_LOSS,27,화학
000080,B,2019-11-18,29600.0,2019-12-04,28685.0,232,-239809.2940000007,-0.03488085829674263,STOP_LOSS,16,음식료·담배
178920,B,2019-11-20,36150.0,2019-12-04,34880.0,189,-267334.5465000002,-0.03908281409988475,STOP_LOSS,14,화학
009420,B,2019-11-27,34300.0,2019-12-04,33569.5,195,-169450.12987499963,-0.02530544756911471,STOP_LOSS,7,제약
003520,B,2019-12-02,6520.0,2019-12-04,6279.5,1033,-275317.76832500007,-0.04083073254101342,STOP_LOSS,2,제약
123690,B,2019-12-02,10300.0,2019-12-04,9813.0,654,-345176.85089999996,-0.05118321212159414,STOP_LOSS,2,유통
207940,B,2019-10-25,551262.0,2019-12-24,613078.0,12,712481.6232000003,0.10758090988010482,MAX_HOLD,60,제약
012510,B,2019-10-25,68600.0,2019-12-24,77700.0,101,887981.3950000005,0.12801451799817973,MAX_HOLD,60,IT 서비스
000990,B,2019-11-06,17300.0,2020-01-06,26750.0,407,3805935.347500001,0.5399104613509494,MAX_HOLD,61,전기·전자
035150,B,2019-12-13,9020.0,2020-01-09,8591.5,775,-359768.89187500067,-0.051406284657344814,STOP_LOSS,27,화학
003850,B,2019-12-30,12293.0,2020-01-09,11718.199999999999,589,-367244.8219600003,-0.0506621192673086,STOP_LOSS,10,제약
009420,B,2020-01-02,37000.0,2020-01-09,35167.5,195,-385864.8543750001,-0.05341948988393079,STOP_LOSS,7,제약
028050,B,2019-12-13,19650.0,2020-01-13,19007.5,356,-256736.38650000002,-0.03665858689987431,STOP_LOSS,31,일반서비스
029460,B,2020-01-02,18850.0,2020-01-15,17608.75,383,-503596.47868749965,-0.06967442679645194,STOP_LOSS,13,의료·정밀기기
014680,B,2019-11-18,96300.0,2020-01-17,113000.0,71,1154169.2550000008,0.16861092609542652,MAX_HOLD,60,화학
097520,B,2019-11-20,26450.0,2020-01-20,37200.0,259,2747949.2074999996,0.400667493252325,MAX_HOLD,61,전기·전자
009420,B,2020-01-13,37550.0,2020-01-21,31940.0,193,-1109249.2615,-0.15288424969075176,STOP_LOSS,8,제약
090430,B,2020-01-14,234500.0,2020-01-21,219000.0,30,-492471.75,-0.06992268060174296,SOFT_STOP,7,화학
004170,B,2019-12-13,297000.0,2020-01-28,289440.0,23,-201374.15399999917,-0.029445592114522724,STOP_LOSS,46,유통
032350,B,2020-01-06,14550.0,2020-01-28,14164.5,491,-218012.72752499953,-0.030481631690566093,STOP_LOSS,22,일반서비스
035420,B,2020-01-13,187500.0,2020-01-28,184365.06,38,-147988.79322599992,-0.020746498470758618,STOP_LOSS,15,IT 서비스
011790,B,2020-01-14,52900.0,2020-01-28,51752.5,137,-186457.66787499934,-0.02569832735832045,STOP_LOSS,14,화학
028260,B,2020-01-23,113000.0,2020-01-28,111080.0,64,-152168.7039999999,-0.02101685716293518,STOP_LOSS,5,유통
000660,B,2020-01-23,101000.0,2020-01-28,99473.0,71,-137498.2698499998,-0.019152186371811007,STOP_LOSS,5,전기·전자
035150,B,2020-01-23,9720.0,2020-01-28,9545.4,744,-159169.07592000067,-0.021984689828919057,STOP_LOSS,5,화학
009150,B,2020-01-06,125000.0,2020-02-03,122885.0,57,-149411.86275000032,-0.020945998102182534,STOP_LOSS,28,전기·전자
030190,B,2020-02-06,17650.0,2020-02-21,16892.5,404,-334362.67149999924,-0.04683737639391743,STOP_LOSS,15,IT 서비스
013890,B,2020-02-06,77158.0,2020-02-21,73687.45,92,-347452.6903300006,-0.048890866893466334,STOP_LOSS,15,기타제조
195870,B,2020-02-06,19300.0,2020-02-21,18632.5,369,-274779.8628750006,-0.0385391450091463,STOP_LOSS,15,전기·전자
034120,B,2020-02-06,25600.0,2020-02-21,24262.5,278,-399906.9962500008,-0.056127421239012744,STOP_LOSS,15,오락·문화
003670,B,2020-02-10,55496.0,2020-02-21,53344.6,126,-298945.95821999945,-0.042703287248207086,STOP_LOSS,11,전기·전자
001630,B,2020-02-10,125500.0,2020-02-21,119400.0,55,-362810.5250000004,-0.05250181414878871,STOP_LOSS,11,제약
207940,B,2019-12-24,613078.0,2020-02-24,683623.0,11,746055.9969500005,0.11050040171059496,MAX_HOLD,62,제약
011790,B,2020-02-06,58000.0,2020-02-24,56359.0,123,-230496.96314999927,-0.032272525388906105,STOP_LOSS,18,화학
036570,B,2020-02-06,663000.0,2020-02-25,649290.0,10,-163878.5549999997,-0.024689338030495653,STOP_LOSS,19,IT 서비스
011070,B,2020-01-02,140000.0,2020-02-28,135965.0,51,-234451.93424999993,-0.03279868686724551,STOP_LOSS,57,전기·전자
006400,B,2020-02-06,300563.0,2020-02-28,293014.55,23,-201445.2785675004,-0.029106808483978043,STOP_LOSS,22,전기·전자
012510,B,2020-01-02,81100.0,2020-03-02,86500.0,89,449588.83999999985,0.06221649049339251,MAX_HOLD,60,IT 서비스
180640,B,2020-02-13,42850.0,2020-03-19,39617.5,165,-560777.1056249999,-0.0792239245754197,STOP_LOSS,35,기타금융
068270,B,2020-04-01,199857.0,2020-04-02,178495.2,24,-530836.7133599995,-0.11054298664478018,STOP_LOSS,1,제약
008350,B,2020-04-06,6440.0,2020-04-07,6078.35,751,-290627.3365074992,-0.06002214417705338,STOP_LOSS,1,금속
004370,B,2020-04-01,294500.0,2020-04-21,281700.0,16,-223515.04000000004,-0.04738079222476496,STOP_LOSS,20,음식료·담배
004370,B,2020-04-27,307000.0,2020-05-04,300580.0,15,-114896.41500000004,-0.024921701606670253,STOP_LOSS,7,음식료·담배
00499K,B,2020-05-04,69900.0,2020-05-06,67308.0,68,-195224.16479999945,-0.041024975784285725,STOP_LOSS,2,기타금융
001200,B,2020-05-04,3025.0,2020-05-15,2875.5,1577,-254624.74607499968,-0.05331438267479995,STOP_LOSS,11,증권
006280,B,2020-04-01,144500.0,2020-06-01,142000.0,33,-101807.47500000056,-0.021325475702941733,MAX_HOLD,61,제약
271560,B,2020-04-01,115000.0,2020-06-01,132000.0,41,675612.3499999996,0.14312540578334906,MAX_HOLD,61,음식료·담배
207940,B,2020-04-13,829074.0,2020-06-12,1045799.0,5,1063432.2892500004,0.25624027454511317,MAX_HOLD,60,제약
108670,B,2020-06-02,70700.0,2020-06-12,68780.0,95,-209399.56999999937,-0.031141076022828253,STOP_LOSS,10,화학
008490,B,2020-06-02,53600.0,2020-06-12,52236.5,125,-197404.70937499963,-0.02942954548165127,STOP_LOSS,10,화학
001120,B,2020-06-02,15650.0,2020-06-12,15306.5,429,-174453.5685750004,-0.025954285159925566,STOP_LOSS,10,유통
012510,B,2020-06-03,122000.0,2020-06-12,118355.0,54,-223260.15150000062,-0.033849984403182334,STOP_LOSS,9,IT 서비스
009240,B,2020-06-03,95900.0,2020-06-12,93515.0,69,-191209.64324999973,-0.0288630978441528,STOP_LOSS,9,유통
001200,B,2020-06-04,3400.0,2020-06-12,3288.85,1961,-244658.49280750006,-0.03665258702492135,STOP_LOSS,8,증권
001440,B,2020-06-08,6966.0,2020-06-12,6816.21,953,-169547.00968350004,-0.025510243968789904,STOP_LOSS,4,전기·전자
002700,B,2020-06-09,2400.0,2020-06-12,2332.2,2769,-214431.3323099995,-0.03222959846176889,STOP_LOSS,3,유통
094280,B,2020-06-11,20350.0,2020-06-12,19786.0,328,-211812.95359999966,-0.031696777207439894,STOP_LOSS,1,일반서비스
011200,B,2020-06-02,4925.0,2020-06-19,4590.9,1364,-481910.6184200002,-0.07165503934434794,STOP_LOSS,17,운송·창고
28513K,B,2020-06-16,55310.0,2020-06-19,43096.2,120,-1488544.8348000003,-0.22401539422937897,STOP_LOSS,3,화학
03473K,B,2020-06-16,449000.0,2020-06-19,378500.0,14,-1009860.9499999993,-0.16046785617475304,SOFT_STOP,3,기타금융
079550,B,2020-06-18,36300.0,2020-06-25,35358.0,181,-196937.24909999967,-0.029939429160597494,STOP_LOSS,7,금속
035720,B,2020-06-23,55999.0,2020-06-26,54780.04,114,-164725.43635199964,-0.025773677615694483,STOP_LOSS,3,IT 서비스
008490,B,2020-06-15,54900.0,2020-06-29,53356.5,120,-211684.40100000054,-0.03209490643137449,STOP_LOSS,14,화학
192080,B,2020-06-11,60886.0,2020-07-02,58970.47,109,-235386.78472850006,-0.035427375761575536,STOP_LOSS,21,IT 서비스
006120,B,2020-07-02,51300.0,2020-07-03,37740.0,126,-1730021.3279999997,-0.26734027797857024,STOP_LOSS,1,기타금융
012610,B,2020-07-02,10050.0,2020-07-24,8827.2,644,-811696.1445599999,-0.12526865149853786,STOP_LOSS,22,화학
271980,B,2020-07-24,68500.0,2020-07-27,59392.0,100,-936198.1399999997,-0.13651426990347956,STOP_LOSS,3,제약
079430,B,2020-07-02,19100.0,2020-08-18,18401.0,339,-262809.0550499996,-0.04054227429032523,STOP_LOSS,47,기타제조
068270,B,2020-07-10,280573.0,2020-08-18,274359.64,23,-168943.73742399924,-0.026149851925292514,STOP_LOSS,39,제약
094280,B,2020-08-03,27000.0,2020-08-18,26109.0,273,-272746.53314999957,-0.036960145832292804,STOP_LOSS,15,일반서비스
267260,B,2020-08-03,12100.0,2020-08-18,11554.6,609,-361381.25162999984,-0.048985077904211784,STOP_LOSS,15,전기·전자
017810,B,2020-07-03,18350.0,2020-08-18,18250.0,347,-60704.1799999997,-0.009522564037732583,SOFT_STOP,46,음식료·담배
035720,B,2020-08-19,77173.0,2020-08-20,75511.3,103,-203240.35035500024,-0.025539252111377454,STOP_LOSS,1,IT 서비스
285130,B,2020-06-23,68054.0,2020-08-24,266880.0,94,18608281.538599998,2.905531620386342,MAX_HOLD,62,화학
066970,B,2020-07-02,31383.0,2020-08-31,41019.0,206,1952654.1209999993,0.3016924858179654,MAX_HOLD,60,전기·전자
035420,B,2020-07-07,285000.0,2020-09-07,325500.0,22,862664.5499999998,0.13742801041959637,MAX_HOLD,62,IT 서비스
051910,B,2020-07-08,518000.0,2020-09-07,743000.0,12,2666549.4000000013,0.4284888015847415,MAX_HOLD,61,화학
051915,B,2020-07-10,283000.0,2020-09-08,365000.0,23,1853749.4000000004,0.28447073850937155,MAX_HOLD,60,화학
003670,B,2020-07-10,74603.0,2020-09-08,80881.0,88,523917.4687999999,0.07971219409221825,MAX_HOLD,60,전기·전자
011150,B,2020-09-01,5950.0,2020-09-08,5150.0,1410,-1159069.3500000006,-0.13799844464580024,SOFT_STOP,7,음식료·담배
005360,B,2020-07-23,6000.0,2020-09-21,6930.0,1130,1020001.8449999997,0.15026993956949505,MAX_HOLD,60,유통
035720,B,2020-08-25,77175.0,2020-09-22,75519.09,102,-200679.14168099966,-0.02546397933921176,STOP_LOSS,28,IT 서비스
009290,B,2020-08-25,10550.0,2020-09-22,10124.6,752,-351484.85263999924,-0.04425243387166361,STOP_LOSS,28,제약
210980,B,2020-09-07,28339.0,2020-09-22,27077.35,308,-423228.35400999896,-0.048432887961687376,STOP_LOSS,15,부동산
005380,B,2020-09-15,184000.0,2020-09-22,179830.0,45,-221044.4325000001,-0.026665522149528057,STOP_LOSS,7,운송장비·부품
081000,B,2020-09-21,65700.0,2020-09-22,63351.0,125,-326430.0562500004,-0.039702294416215915,STOP_LOSS,1,화학
026890,B,2020-09-21,19950.0,2020-09-22,19339.5,414,-285864.52634999994,-0.03457147213035835,STOP_LOSS,1,기타금융
251270,B,2020-09-01,177500.0,2020-09-23,171590.0,47,-311154.8284999998,-0.03725470919709937,STOP_LOSS,22,IT 서비스
204320,B,2020-10-06,39200.0,2020-10-22,33650.0,209,-1190118.6274999995,-0.14509710516579397,SOFT_STOP,16,운송장비·부품
214330,B,2020-08-27,3060.0,2020-10-23,2838.0,2635,-616303.0484999996,-0.0763472007191729,STOP_LOSS,57,운송장비·부품
009830,B,2020-08-26,42808.0,2020-10-26,53027.0,187,1872494.7950499998,0.23364415611824013,MAX_HOLD,61,화학
112610,B,2020-08-28,41707.0,2020-10-27,43984.0,196,411459.6933999993,0.050276278474637434,MAX_HOLD,60,금속
105630,B,2020-10-08,19050.0,2020-10-28,17805.0,448,-591105.648000001,-0.06918197616048642,STOP_LOSS,20,섬유·의류
033240,B,2020-10-12,14750.0,2020-10-28,13825.0,575,-565079.09375,-0.06655033152552531,STOP_LOSS,16,전기·전자
034020,B,2020-08-31,11969.0,2020-10-30,13754.0,693,1199348.3155499995,0.14442922346211368,MAX_HOLD,60,기계·장비
307950,B,2020-10-06,66600.0,2020-10-30,63909.0,123,-363602.95065,-0.044335223951914755,STOP_LOSS,24,IT 서비스
026960,B,2020-09-09,26500.0,2020-11-09,29100.0,320,794777.5999999996,0.09361611505259514,MAX_HOLD,61,유통
006650,B,2020-10-06,189500.0,2020-12-07,243000.0,43,2260304.675,0.2770704191499037,MAX_HOLD,62,화학
016710,B,2020-10-06,19500.0,2020-12-07,24450.0,421,2044143.3975,0.2487112897091422,MAX_HOLD,62,일반서비스
011780,B,2020-10-06,118500.0,2020-12-07,137000.0,69,1239210.6750000007,0.15138350390721567,MAX_HOLD,62,화학
011200,B,2020-10-23,7620.0,2020-12-22,13550.0,1066,6269427.9569999995,0.7709329153363396,MAX_HOLD,60,운송·창고
011230,B,2020-12-01,4346.0,2020-12-22,3604.0,2009,-1522078.0672999993,-0.17412780180840806,SOFT_STOP,21,전기·전자
006110,B,2020-12-24,11750.0,2020-12-28,10110.8,757,-1273682.295520001,-0.1430303542415585,STOP_LOSS,4,금속
034020,B,2020-11-04,14043.0,2021-01-04,13126.0,578,-561741.5247,-0.06912730769783516,RS_EXIT,61,기계·장비
285130,B,2020-11-05,263210.0,2021-01-04,267547.0,31,100596.39035,0.012314567588863174,MAX_HOLD,60,화학
000270,B,2020-11-11,54500.0,2021-01-11,70900.0,157,2532122.6899999995,0.2955897965046618,MAX_HOLD,61,운송장비·부품
011170,B,2020-11-12,264796.0,2021-01-11,287657.0,33,716360.5828499999,0.08188553091737973,MAX_HOLD,60,화학
017960,B,2020-12-23,13500.0,2021-01-15,13153.5,655,-262542.2253750004,-0.029656844628677067,STOP_LOSS,23,금속
004020,B,2021-01-11,47100.0,2021-01-15,45913.5,213,-293111.39272500016,-0.029183208418598883,STOP_LOSS,4,금속
307950,B,2020-11-18,84900.0,2021-01-18,122000.0,102,3737531.4299999997,0.4310998182478842,MAX_HOLD,61,IT 서비스
272450,B,2021-01-15,17478.0,2021-01-18,16944.99,571,-344368.6271054987,-0.03446645240568596,STOP_LOSS,3,운송·창고
023800,B,2020-11-27,12500.0,2021-01-26,23000.0,706,7354949.15,0.8324646656345204,MAX_HOLD,60,운송장비·부품
006360,B,2021-01-19,44200.0,2021-01-26,43069.0,230,-301043.216500001,-0.029578734455376416,STOP_LOSS,7,건설
042700,B,2021-01-20,10275.0,2021-01-27,9929.25,1020,-394594.68824999966,-0.03760712042465031,STOP_LOSS,7,기계·장비
014790,B,2021-01-26,5700.0,2021-01-29,5555.85,1904,-318148.41827999987,-0.02928119636102691,STOP_LOSS,3,건설
042700,B,2021-01-27,10575.0,2021-01-29,10203.75,1012,-418474.4602500014,-0.03905790256099116,STOP_LOSS,2,기계·장비
204320,B,2020-12-01,49000.0,2021-02-01,68000.0,178,3336262.8999999985,0.38207184187164334,MAX_HOLD,62,운송장비·부품
055490,B,2020-12-08,37400.0,2021-02-08,38900.0,231,310056.28500000015,0.035847411840020355,MAX_HOLD,62,화학
104700,B,2020-12-08,6650.0,2021-02-08,8020.0,1299,1738962.8565000016,0.20107605576894863,MAX_HOLD,62,금속
112610,B,2020-12-10,64530.0,2021-02-08,89000.0,136,3282120.7079999987,0.3735552324961114,MAX_HOLD,60,금속
033240,B,2020-12-24,19750.0,2021-02-19,18450.0,450,-619713.0,-0.06964851180635939,STOP_LOSS,57,전기·전자
020150,B,2021-02-03,76000.0,2021-02-24,73576.0,143,-390168.23560000025,-0.03585940904801586,STOP_LOSS,21,전기·전자
003490,B,2021-02-05,30500.0,2021-02-24,29852.0,361,-278380.9623999987,-0.025254183918002375,STOP_LOSS,19,운송·창고
088350,B,2021-02-18,3290.0,2021-02-24,3172.4,3328,-435109.642239999,-0.03969358641817221,STOP_LOSS,6,보험
003670,B,2021-02-19,156059.0,2021-02-26,151057.34,69,-388245.54320700094,-0.03601383884794678,STOP_LOSS,7,전기·전자
010060,B,2021-01-04,75571.0,2021-03-05,100126.0,127,3069935.64955,0.31950027063034003,MAX_HOLD,60,기타금융
066570,B,2021-01-04,136500.0,2021-03-05,142500.0,70,379585.5,0.03968074077448297,MAX_HOLD,60,전기·전자
006840,B,2021-02-04,30100.0,2021-03-08,29102.5,362,-404704.189749999,-0.0370991092801417,STOP_LOSS,32,기타금융
009580,B,2021-02-25,5720.0,2021-03-08,5535.95,1894,-391980.4454350006,-0.036140091429820796,STOP_LOSS,11,종이·목재
028670,B,2021-03-04,5910.0,2021-03-09,5810.0,1846,-228785.8560000006,-0.020946469935209083,SOFT_STOP,5,운송·창고
089590,B,2021-03-05,19876.0,2021-03-11,18680.125,563,-717171.2268062495,-0.06401567402307226,STOP_LOSS,6,운송·창고
009155,B,2021-01-11,102000.0,2021-03-12,109500.0,98,691848.1500000004,0.06913299705338864,MAX_HOLD,60,전기·전자
298020,B,2021-01-15,245000.0,2021-03-16,511000.0,40,10568432.0,1.0771726799894408,MAX_HOLD,60,화학
298050,B,2021-02-02,288000.0,2021-04-05,386000.0,37,3571613.6999999993,0.3347889510396377,MAX_HOLD,62,화학
272450,B,2021-02-09,18154.0,2021-04-12,17412.43,596,-485033.0060259998,-0.04477685125584699,STOP_LOSS,62,운송·창고
006650,B,2021-02-09,315500.0,2021-04-12,308500.0,34,-281278.6000000015,-0.026191432942449126,MAX_HOLD,62,화학
089590,B,2021-03-17,21260.0,2021-04-13,17956.6,527,-1781692.6511899997,-0.1588399572852461,STOP_LOSS,27,운송·창고
083420,B,2021-04-13,15550.0,2021-04-28,12750.0,764,-2181598.1799999997,-0.18342218346008196,STOP_LOSS,15,화학
011200,B,2021-03-04,20150.0,2021-05-03,39850.0,541,10581565.069999998,0.9695683710631036,MAX_HOLD,60,운송·창고
036420,B,2021-03-04,45550.0,2021-05-03,46750.0,239,241319.49499999918,0.022141496664127066,MAX_HOLD,60,오락·문화
001430,B,2021-03-05,15300.0,2021-05-04,24350.0,731,6550178.497499999,0.5849855998934558,MAX_HOLD,60,금속
145720,B,2021-03-08,62000.0,2021-05-07,63700.0,176,253578.1599999983,0.02321177420160348,MAX_HOLD,60,의료·정밀기기
009070,B,2021-05-04,9760.0,2021-05-11,8294.8,1308,-1963168.9072800018,-0.15360344415397717,STOP_LOSS,7,운송·창고
007690,B,2021-05-03,69567.0,2021-05-13,57095.0,179,-2276957.3817,-0.18264149102739446,SOFT_STOP,10,화학
001120,B,2021-03-15,29850.0,2021-05-14,35150.0,367,1894446.6600000001,0.17273201145316056,MAX_HOLD,60,유통
298020,B,2021-03-16,511000.0,2021-05-17,737000.0,21,4688002.199999999,0.43636354395967136,MAX_HOLD,62,화학
047040,B,2021-03-16,6400.0,2021-05-17,7470.0,1748,1818974.9180000015,0.16240752821754995,MAX_HOLD,62,건설
014830,B,2021-03-17,78135.0,2021-05-17,93276.0,143,2112965.21865,0.18889112038337713,MAX_HOLD,61,화학
042700,B,2021-03-23,13225.0,2021-05-24,17125.0,849,3255297.352500001,0.289593054943337,MAX_HOLD,62,기계·장비
017550,B,2021-04-05,5320.0,2021-06-04,5240.0,2185,-221943.56000000052,-0.019071301086457385,MAX_HOLD,60,기계·장비
028670,B,2021-05-07,7810.0,2021-06-09,6460.0,1650,-2273763.5250000004,-0.17624271140685013,SOFT_STOP,33,운송·창고
000490,B,2021-04-12,11700.0,2021-06-11,11550.0,1024,-202268.16000000015,-0.01686329951325208,MAX_HOLD,60,기계·장비
071090,B,2021-06-17,4010.0,2021-06-24,3432.0,2923,-1732567.0357000008,-0.14764464755805146,STOP_LOSS,7,금속
267270,B,2021-04-28,58900.0,2021-06-28,57600.0,219,-336746.4450000003,-0.026076209303274093,MAX_HOLD,61,기계·장비
011810,B,2021-05-03,8977.0,2021-07-02,9058.0,1388,61010.02579999901,0.004890816465598291,MAX_HOLD,60,유통
138040,B,2021-05-04,17900.0,2021-07-05,21300.0,713,2364721.539999999,0.18507096727032063,MAX_HOLD,62,기타금융
011785,B,2021-06-29,123500.0,2021-07-09,121220.0,104,-289080.8959999997,-0.022481223516033464,STOP_LOSS,10,화학
011200,B,2021-05-11,43000.0,2021-07-12,44750.0,298,467424.17500000075,0.03643571520658226,MAX_HOLD,62,운송·창고
011700,B,2021-06-01,2905.0,2021-07-12,2789.5,4327,-549830.916424999,-0.04369150176092666,STOP_LOSS,41,기계·장비
051600,B,2021-06-01,46150.0,2021-07-12,44702.5,272,-444025.006000001,-0.03533195492572498,STOP_LOSS,41,건설
031440,B,2021-06-04,111000.0,2021-07-12,108415.0,110,-333572.16750000045,-0.027288206400477324,STOP_LOSS,38,일반서비스
128820,B,2021-06-22,5754.0,2021-07-12,5546.05,2073,-478713.63516749814,-0.04008736277576913,STOP_LOSS,20,유통
003920,B,2021-06-01,69590.0,2021-07-15,66398.75,180,-624087.866249999,-0.04976537095144141,STOP_LOSS,44,음식료·담배
006660,B,2021-05-18,16450.0,2021-07-19,26900.0,756,7825905.990000002,0.628561500778664,MAX_HOLD,62,운송장비·부품
071970,B,2021-06-28,7670.0,2021-07-19,7294.4,1595,-647472.6731000002,-0.05286475702876505,STOP_LOSS,21,기계·장비
120110,B,2021-07-05,81000.0,2021-07-20,77865.0,157,-542882.7247499991,-0.042640491212882894,STOP_LOSS,15,화학
003960,B,2021-06-01,26850.0,2021-07-21,25907.5,468,-491308.5645000003,-0.03905395666491917,STOP_LOSS,50,음식료·담배
108320,B,2021-05-24,106800.0,2021-07-23,125300.0,114,2052860.129999999,0.16841629317296336,MAX_HOLD,60,전기·전자
298020,B,2021-07-14,906000.0,2021-07-27,870150.0,14,-552423.7949999999,-0.04350277809657966,STOP_LOSS,13,화학
030210,B,2021-07-15,8570.0,2021-07-27,8289.0,1534,-483682.5486999992,-0.036749808898296654,STOP_LOSS,12,증권
103590,B,2021-07-19,7704.0,2021-07-27,7288.7,1701,-758069.8117650021,-0.057781586611533965,STOP_LOSS,8,전기·전자
000155,B,2021-07-13,69900.0,2021-07-30,67355.0,184,-519631.1339999996,-0.04035534028571003,STOP_LOSS,17,기타금융
108320,B,2021-07-23,125300.0,2021-07-30,120970.0,102,-492757.56299999915,-0.038510832255595547,STOP_LOSS,7,전기·전자
025820,B,2021-07-30,4320.0,2021-08-02,4290.0,3015,-143584.8524999991,-0.011011295343688023,RS_EXIT,3,금속
002380,B,2021-07-30,357000.0,2021-08-04,345225.0,36,-475342.69499999844,-0.036943407938014025,STOP_LOSS,5,화학
344820,B,2021-08-02,73000.0,2021-08-04,70490.0,178,-498737.3990000002,-0.038338041389388525,STOP_LOSS,2,비금속
010130,B,2021-08-02,550000.0,2021-08-04,529625.0,23,-519107.5562500004,-0.040989033066518986,STOP_LOSS,2,금속
001550,B,2021-08-02,30950.0,2021-08-09,29350.0,420,-723313.5,-0.0555798634478266,STOP_LOSS,7,화학
009450,B,2021-08-05,74800.0,2021-08-11,72490.0,172,-448896.8660000004,-0.034851171153173884,STOP_LOSS,6,전기·전자
012450,B,2021-08-05,56228.0,2021-08-11,54353.75,229,-480729.5696124993,-0.03729181887048854,STOP_LOSS,6,운송장비·부품
007160,B,2021-08-06,72700.0,2021-08-11,70275.0,177,-480717.17624999955,-0.037314945446848886,STOP_LOSS,5,음식료·담배
003160,B,2021-08-06,9790.0,2021-08-20,9500.0,1318,-433995.652999999,-0.03359604279389216,SOFT_STOP,14,의료·정밀기기
361610,B,2021-07-02,189000.0,2021-08-31,210000.0,67,1350931.0500000007,0.10656078842664275,MAX_HOLD,60,전기·전자
300720,B,2021-08-02,17400.0,2021-09-08,15798.675000000001,748,-1247619.9362550005,-0.0957485725467437,STOP_LOSS,37,비금속
035720,B,2021-09-01,155000.0,2021-09-08,138100.0,85,-1486279.8249999993,-0.11268102971904885,STOP_LOSS,7,IT 서비스
005070,B,2021-07-12,30572.0,2021-09-10,44797.0,414,5819884.094700001,0.45929423247525464,MAX_HOLD,60,화학
383220,B,2021-07-27,122000.0,2021-09-27,146800.0,105,2543797.1999999993,0.19835091284367234,MAX_HOLD,62,섬유·의류
138040,B,2021-07-28,23250.0,2021-09-27,33550.0,557,5667079.529999999,0.43710120458247204,MAX_HOLD,61,기타금융
145720,B,2021-09-10,90600.0,2021-09-29,76280.0,150,-2197382.4000000004,-0.161505394623997,STOP_LOSS,19,의료·정밀기기
028670,B,2021-09-01,8210.0,2021-10-01,7938.0,1623,-494785.5077999998,-0.037089940964967004,STOP_LOSS,30,운송·창고
004800,B,2021-09-10,93595.0,2021-10-01,90841.0,145,-453794.2039999999,-0.03339943668659453,STOP_LOSS,21,기타금융
005010,B,2021-09-01,3094.0,2021-10-05,2964.79,4306,-609360.2765330002,-0.04568573887282374,STOP_LOSS,34,금속
033530,B,2021-09-01,11700.0,2021-10-06,11047.5,1138,-794944.3522499986,-0.059636129988974114,STOP_LOSS,35,운송장비·부품
082640,B,2021-10-07,7800.0,2021-10-13,7489.0,1196,-409106.809799999,-0.0438037987084083,STOP_LOSS,6,보험
020560,B,2021-09-01,23500.0,2021-10-21,23150.0,567,-252495.02249999903,-0.01892791375025097,SOFT_STOP,50,운송·창고
014820,B,2021-09-01,56300.0,2021-10-29,52825.0,236,-872156.5850000009,-0.06556543012835424,STOP_LOSS,58,화학
298050,B,2021-08-31,630000.0,2021-11-01,715000.0,21,1725491.25,0.13027280532149932,MAX_HOLD,62,화학
120110,B,2021-09-01,86800.0,2021-11-01,89400.0,153,342176.8500000015,0.02573595664524978,MAX_HOLD,61,화학
336370,B,2021-09-15,31754.0,2021-11-15,49875.0,424,7605437.099600002,0.5642359195849634,MAX_HOLD,61,전기·전자
007340,B,2021-11-02,12117.0,2021-12-07,11406.7,766,-580539.3852899987,-0.06247534449025598,STOP_LOSS,35,전기·전자
316140,B,2022-02-07,15600.0,2022-02-08,15075.0,607,-356558.62875000015,-0.037611314296251634,STOP_LOSS,1,기타금융
316140,B,2022-02-10,15900.0,2022-02-11,15357.5,595,-360623.32687499933,-0.03807505802289624,STOP_LOSS,1,기타금융
001450,B,2022-04-01,31600.0,2022-05-10,30597.5,298,-336472.5822500009,-0.03569005216785516,STOP_LOSS,39,보험
047810,B,2022-06-02,52300.0,2022-06-21,51187.0,180,-238346.39699999988,-0.025289208996651928,STOP_LOSS,19,운송장비·부품
010120,B,2022-07-06,58700.0,2022-07-07,54397.5,161,-729406.8976249993,-0.07709154276670407,STOP_LOSS,1,전기·전자
017390,B,2022-07-11,244500.0,2022-07-19,238150.0,38,-278681.2650000006,-0.029960300255932736,STOP_LOSS,8,전기·가스
004690,B,2022-06-28,171000.0,2022-08-29,211000.0,55,2154949.5,0.22886487556853477,MAX_HOLD,62,전기·가스
016710,B,2022-07-01,73800.0,2022-08-30,88700.0,127,1848290.0549999997,0.19697490162735615,MAX_HOLD,60,일반서비스
017390,B,2022-10-04,300000.0,2022-10-06,292150.0,32,-289818.9600000009,-0.030154796983469102,STOP_LOSS,2,전기·가스
004360,B,2022-10-06,15450.0,2022-10-13,14980.0,629,-334601.89650000073,-0.034391420739935556,STOP_LOSS,7,운송·창고
006400,B,2022-11-01,719589.0,2022-11-03,695994.15,13,-344182.2812024988,-0.036750350786493385,STOP_LOSS,2,전기·전자
004690,B,2022-09-06,214500.0,2022-11-07,290500.0,44,3295439.4000000004,0.34876605190743937,MAX_HOLD,62,전기·가스
373220,B,2022-11-02,564000.0,2022-12-08,545300.0,17,-356272.9949999992,-0.03711553521960376,STOP_LOSS,36,전기·전자
017390,B,2022-10-11,299000.0,2022-12-12,412500.0,32,3582056.8000000007,0.373948805028064,MAX_HOLD,62,전기·가스
016710,B,2022-10-12,91400.0,2022-12-12,113000.0,105,2221961.6999999993,0.23126074598456842,MAX_HOLD,61,일반서비스
003610,B,2022-10-17,5810.0,2022-12-16,5536.5,1666,-493992.6155500002,-0.050976518999708016,STOP_LOSS,60,섬유·의류
004690,B,2022-12-19,394500.0,2022-12-23,383600.0,26,-324617.6699999999,-0.03161204918526203,STOP_LOSS,4,전기·가스
004360,B,2022-10-25,15950.0,2022-12-26,26800.0,617,6634352.657500001,0.6733696687680641,MAX_HOLD,62,운송·창고
015230,B,2022-11-01,6350.0,2023-01-02,8150.0,1560,2759101.799999999,0.2782084067888856,MAX_HOLD,62,운송장비·부품
004690,B,2022-12-29,409000.0,2023-01-02,397875.0,25,-319227.03125,-0.0311843855116738,STOP_LOSS,4,전기·가스
088350,B,2023-01-02,2775.0,2023-01-03,2687.0,3723,-369015.9417000003,-0.03567713345868471,STOP_LOSS,1,보험
007120,B,2023-02-01,2615.0,2023-02-02,2308.4,5554,-1757380.1846200004,-0.12086178523760775,STOP_LOSS,1,IT 서비스
006740,B,2023-02-16,7149.0,2023-02-20,6572.64,2058,-1242971.573004,-0.08438618962092041,STOP_LOSS,4,종이·목재
017390,B,2022-12-29,425500.0,2023-02-27,485500.0,24,1393882.7999999989,0.13633780611755927,MAX_HOLD,60,전기·가스
352820,B,2023-01-30,194900.0,2023-03-09,175020.0,74,-1525912.8560000006,-0.1056785927583997,STOP_LOSS,38,오락·문화
114090,B,2023-01-31,20350.0,2023-03-14,19928.8,715,-359925.6088999994,-0.02470831565812334,STOP_LOSS,42,오락·문화
033240,B,2023-02-01,27800.0,2023-03-14,27026.0,522,-462333.6774000004,-0.03182299707853956,STOP_LOSS,41,전기·전자
298020,B,2023-02-01,422000.0,2023-03-14,412610.0,34,-377144.9829999991,-0.026255350186148427,STOP_LOSS,41,화학
023590,B,2023-02-01,23000.0,2023-03-14,22541.0,631,-348277.89444999956,-0.023970084402936593,STOP_LOSS,41,IT 서비스
042660,B,2023-02-01,20478.0,2023-03-14,19830.33,709,-517370.89401149936,-0.035593366559016716,STOP_LOSS,41,운송장비·부품
039490,B,2023-02-03,102000.0,2023-03-14,100056.0,141,-332261.59319999814,-0.023076062528092568,STOP_LOSS,39,증권
017390,B,2023-02-27,485500.0,2023-03-14,480190.0,29,-211261.6794999987,-0.01498767766193482,STOP_LOSS,15,전기·가스
005830,B,2023-03-02,77000.0,2023-03-14,75461.0,191,-353380.55044999905,-0.024000450780303887,STOP_LOSS,12,보험
286940,B,2023-03-02,29250.0,2023-03-14,28578.0,505,-398921.01300000027,-0.026975562718258635,STOP_LOSS,12,IT 서비스
192820,B,2023-01-30,79900.0,2023-03-14,79100.0,182,-204791.86000000127,-0.01406680190121794,SOFT_STOP,43,화학
004690,B,2023-01-30,478000.0,2023-03-31,509000.0,30,868462.5,0.06049267192101468,MAX_HOLD,60,전기·가스
103140,B,2023-01-30,35950.0,2023-03-31,37100.0,405,404681.0625,0.027762579292506247,MAX_HOLD,60,금속
195870,B,2023-04-04,53700.0,2023-04-17,48600.0,262,-1389942.75,-0.09867841925919271,STOP_LOSS,13,전기·전자
030210,B,2023-03-24,5290.0,2023-04-24,4323.0,2665,-2627253.872749999,-0.18614441218685462,STOP_LOSS,31,증권
004360,B,2023-04-03,46000.0,2023-04-24,39900.0,312,-1956428.7599999998,-0.13616091494781002,STOP_LOSS,21,운송·창고
052690,B,2023-04-18,84300.0,2023-04-24,76344.0,172,-1423843.4855999984,-0.09808601247355567,STOP_LOSS,6,일반서비스
001820,B,2023-03-28,49950.0,2023-04-25,40980.0,288,-2634720.0480000004,-0.18293943946443575,STOP_LOSS,28,전기·전자
091810,B,2023-04-21,3443.0,2023-05-02,3034.0,4115,-1736158.6212499999,-0.12240055507470503,RS_EXIT,11,운송·창고
011230,B,2023-05-02,8015.0,2023-05-03,6055.6,1744,-3464423.33488,-0.2475607536672814,STOP_LOSS,1,전기·전자
042700,B,2023-03-24,16850.0,2023-05-23,26350.0,836,7860816.039999999,0.5573940117233134,MAX_HOLD,60,기계·장비
267270,B,2023-05-02,66800.0,2023-06-01,60100.0,209,-1453410.0349999983,-0.103983936437169,RS_EXIT,30,기계·장비
028050,B,2023-04-03,31900.0,2023-06-02,28450.0,450,-1606775.625,-0.11180285305127943,MAX_HOLD,60,일반서비스
145720,B,2023-04-03,143800.0,2023-06-02,173900.0,99,2912740.875,0.20436598745934528,MAX_HOLD,60,의료·정밀기기
005490,B,2023-04-03,385000.0,2023-06-02,364000.0,37,-833112.3499999996,-0.05841736548423855,MAX_HOLD,60,금속
002350,B,2023-04-03,8670.0,2023-06-02,8200.0,1656,-834889.7880000006,-0.05808320431503775,MAX_HOLD,60,화학
241560,B,2023-04-03,43750.0,2023-06-02,54900.0,328,3587576.2600000016,0.2497181384265239,MAX_HOLD,60,기계·장비
073240,B,2023-04-03,3750.0,2023-06-02,4710.0,3828,3605183.6039999984,0.2508563152374768,MAX_HOLD,60,화학
012450,B,2023-04-04,105939.0,2023-06-05,113273.0,133,914775.9683999997,0.06484971699474212,MAX_HOLD,62,운송장비·부품
004370,B,2023-06-02,445500.0,2023-06-29,389600.0,31,-1784410.9949999992,-0.12905841783632319,STOP_LOSS,27,음식료·담배
005387,B,2023-05-10,113400.0,2023-06-30,111290.0,120,-308245.8599999994,-0.02262579250792801,STOP_LOSS,51,운송장비·부품
003670,B,2023-06-02,350406.0,2023-06-30,336254.15,40,-621870.6656999998,-0.04431690210168341,STOP_LOSS,28,전기·전자
145720,B,2023-06-02,173900.0,2023-06-30,166685.0,81,-640443.1657500006,-0.0454147411328037,STOP_LOSS,28,의료·정밀기기
073240,B,2023-06-27,4950.0,2023-06-30,4808.25,2906,-469687.58977499977,-0.03261437982683549,STOP_LOSS,3,화학
352820,B,2023-05-02,270500.0,2023-07-03,282500.0,51,553633.0500000007,0.04008532516626218,MAX_HOLD,62,오락·문화
005389,B,2023-05-03,107000.0,2023-07-03,108000.0,134,74818.90000000037,0.005212230234296006,MAX_HOLD,61,운송장비·부품
003030,B,2023-07-03,207500.0,2023-07-06,202409.0,68,-403017.74540000036,-0.0285297524714049,STOP_LOSS,3,기타금융
111770,B,2023-07-03,63800.0,2023-07-07,61480.0,223,-574166.1280000005,-0.04031000712816628,STOP_LOSS,4,유통
105630,B,2023-07-03,21250.0,2023-07-07,20472.0,671,-578958.8629000001,-0.040557119312790296,STOP_LOSS,4,섬유·의류
033530,B,2023-07-03,9300.0,2023-07-07,8888.5,1535,-688318.6751249991,-0.048161396651914753,STOP_LOSS,4,운송장비·부품
006740,B,2023-05-24,20250.0,2023-07-24,30500.0,698,7075442.775,0.5000046243116713,MAX_HOLD,61,종이·목재
108320,B,2023-06-01,114900.0,2023-07-24,109260.0,121,-737428.6919999998,-0.052980430207611104,STOP_LOSS,53,전기·전자
082740,B,2023-07-13,12090.0,2023-07-26,11230.0,1217,-1103857.9440000001,-0.07493714734259077,SOFT_STOP,13,기계·장비
241560,B,2023-06-05,57600.0,2023-07-28,55070.0,244,-673121.9460000005,-0.047839021583512324,STOP_LOSS,53,기계·장비
361610,B,2023-06-02,91600.0,2023-08-01,109400.0,154,2675277.219999999,0.18943204397911825,MAX_HOLD,60,전기·전자
000660,B,2023-06-02,111000.0,2023-08-01,124000.0,127,1588331.8500000015,0.11254219809381386,MAX_HOLD,60,전기·전자
001200,B,2023-08-01,4415.0,2023-08-02,3530.0,3382,-3045459.716500001,-0.20372737829412377,STOP_LOSS,1,증권
010690,B,2023-06-30,17730.0,2023-08-03,16900.5,796,-716197.7960999999,-0.05068880178657488,STOP_LOSS,34,운송장비·부품
210540,B,2023-07-03,15080.0,2023-08-03,14133.5,946,-951236.8904499989,-0.0666035004704801,STOP_LOSS,31,기계·장비
009540,B,2023-06-05,99200.0,2023-08-04,120500.0,141,2937092.744999999,0.20974312000876408,MAX_HOLD,60,기타금융
001060,B,2023-08-01,40997.0,2023-08-04,35849.0,364,-1929528.0004000012,-0.12915120779871603,SOFT_STOP,3,제약
009450,B,2023-07-03,52000.0,2023-08-16,49212.5,274,-819938.6637499984,-0.05748152845381647,STOP_LOSS,44,전기·전자
460860,B,2023-08-01,13780.0,2023-08-16,11156.0,1083,-2894596.0475999992,-0.19373636138469782,STOP_LOSS,15,금속
006740,B,2023-07-25,34500.0,2023-08-17,45800.0,433,4817218.095000001,0.3220995854767018,HARD_STOP,23,종이·목재
010120,B,2023-07-25,93700.0,2023-08-17,99000.0,159,779131.0050000008,0.052236566155964455,HARD_STOP,23,전기·전자
000680,B,2023-08-01,6720.0,2023-08-17,7250.0,2222,1112965.3589999992,0.07445076554819095,HARD_STOP,16,유통
010140,B,2023-08-01,9000.0,2023-08-17,8500.0,1659,-888270.0750000011,-0.05942332983735378,HARD_STOP,16,운송장비·부품
011760,B,2023-08-01,26950.0,2023-08-17,21400.0,554,-3126843.865,-0.20918883914296332,HARD_STOP,16,유통
028050,B,2023-08-01,36900.0,2023-08-17,35950.0,404,-443788.9500000011,-0.02973511356249264,HARD_STOP,16,일반서비스
192820,B,2023-08-07,103200.0,2023-08-17,136600.0,138,4537212.300000001,0.318222706678018,HARD_STOP,10,화학
017960,B,2023-08-07,14360.0,2023-08-17,13490.0,997,-923530.5715000015,-0.06443213563454962,HARD_STOP,10,금속
001740,B,2023-08-09,6230.0,2023-08-17,6290.0,2317,79426.76000000164,0.005496087204369984,HARD_STOP,8,유통
000100,B,2023-08-10,74748.0,2023-08-17,72068.0,195,-580819.3560000006,-0.039802260792286694,HARD_STOP,7,제약
009450,B,2023-08-16,52600.0,2023-08-17,48300.0,271,-1220306.2249999996,-0.0855095537470312,HARD_STOP,1,전기·전자
013570,B,2023-09-01,8090.0,2023-09-13,6790.0,1735,-2306394.49,-0.16412942174595632,STOP_LOSS,12,기타금융
077500,B,2023-09-01,8205.0,2023-09-26,7743.95,1710,-843594.9882750008,-0.060056517272047624,STOP_LOSS,25,유통
004490,B,2023-09-01,59300.0,2023-10-04,57767.0,236,-418099.4054000005,-0.029841022621624292,STOP_LOSS,33,전기·전자
307950,B,2023-09-01,175800.0,2023-10-19,167215.0,79,-733155.8857499994,-0.05272920356606963,STOP_LOSS,48,IT 서비스
003690,B,2023-11-14,6611.0,2023-11-15,6321.475,1484,-468611.5858549997,-0.04771037301204353,STOP_LOSS,1,보험
084695,B,2023-12-01,28400.0,2023-12-04,23450.0,481,-2429933.8374999985,-0.17767727324844027,STOP_LOSS,3,기타금융
009420,B,2023-11-24,36900.0,2023-12-07,35628.0,372,-528067.9872000013,-0.03842566414477019,STOP_LOSS,13,제약
003690,B,2023-11-23,6679.0,2023-12-08,6489.25,2051,-444193.5560124982,-0.03238888506245952,STOP_LOSS,15,보험
003230,B,2023-11-24,216500.0,2023-12-08,206660.0,63,-674013.1859999988,-0.04935950446824481,STOP_LOSS,14,음식료·담배
001680,B,2023-11-28,21100.0,2023-12-08,20320.5,654,-564866.6506500002,-0.04088712554022591,STOP_LOSS,10,음식료·담배
018260,B,2023-12-01,167900.0,2023-12-08,163450.0,81,-415146.26249999925,-0.030490620717681462,STOP_LOSS,7,IT 서비스
259960,B,2023-12-04,217000.0,2023-12-08,209280.0,63,-540976.3380000014,-0.03952563307956229,STOP_LOSS,4,IT 서비스
294870,B,2023-11-23,14950.0,2023-12-11,14404.5,916,-554350.1699000001,-0.040434154568400195,STOP_LOSS,18,건설
006650,B,2023-11-23,162000.0,2023-12-12,156865.0,84,-485860.34699999914,-0.03566301068585935,STOP_LOSS,19,화학
002320,B,2023-12-01,25050.0,2023-12-14,24056.0,545,-596106.1215000004,-0.0436134253991144,STOP_LOSS,13,운송·창고
018260,B,2023-12-12,172000.0,2023-12-15,164800.0,80,-630716.8000000007,-0.0457843247706998,SOFT_STOP,3,IT 서비스
375500,B,2023-11-23,36950.0,2023-12-19,36080.0,370,-377003.5449999999,-0.027544196974561792,STOP_LOSS,26,건설
035150,B,2023-12-21,10800.0,2024-01-03,10531.8,1268,-395221.4110800028,-0.028826924037357243,STOP_LOSS,13,화학
003920,B,2024-01-02,62400.0,2024-01-03,60901.47,221,-386738.803366499,-0.02801184625661252,STOP_LOSS,1,음식료·담배
323410,B,2024-01-02,28150.0,2024-01-03,27698.5,490,-277135.7067499999,-0.020068682116809,STOP_LOSS,1,은행
000210,B,2023-12-18,49350.0,2024-01-04,48561.0,272,-269010.02639999986,-0.02001765750541891,STOP_LOSS,17,화학
003090,B,2024-01-02,20650.0,2024-01-04,20202.7,668,-354471.17062,-0.02566759921006097,STOP_LOSS,2,제약
185750,B,2023-12-21,119881.0,2024-01-08,117352.75,114,-343402.6289249994,-0.025098586034223692,STOP_LOSS,18,제약
068270,B,2024-01-02,187209.0,2024-01-11,182517.39,73,-397508.84548649937,-0.029053473486981198,STOP_LOSS,9,제약
003920,B,2024-01-03,61000.0,2024-01-17,58728.97,227,-570775.7147604991,-0.04117282275383303,STOP_LOSS,14,음식료·담배
170900,B,2024-01-03,69446.0,2024-01-17,67938.77,200,-357502.4542999994,-0.025710033603912264,STOP_LOSS,14,제약
000660,B,2024-01-03,140000.0,2024-01-17,138071.0,99,-247233.63554999977,-0.01781743459307509,STOP_LOSS,14,전기·전자
003090,B,2024-01-04,20950.0,2024-01-17,20512.3,649,-338975.1564650014,-0.024902330577592433,STOP_LOSS,13,제약
326030,B,2024-01-04,102800.0,2024-01-17,100856.0,132,-311486.3663999997,-0.02292835223928278,STOP_LOSS,13,일반서비스
323410,B,2024-01-12,29700.0,2024-01-17,28941.0,451,-396217.45844999887,-0.029546188549834273,STOP_LOSS,5,은행
210980,B,2023-11-23,16464.0,2024-01-18,16011.63,832,-431423.539872,-0.031459078892364156,STOP_LOSS,56,부동산
272210,B,2023-12-12,16110.0,2024-01-29,15734.1,857,-377801.67541499995,-0.027333066972981067,STOP_LOSS,48,전기·전자
000120,B,2023-12-01,114000.0,2024-01-30,137100.0,119,2685170.1449999996,0.19770645336810033,MAX_HOLD,60,운송·창고
000240,B,2023-12-01,14760.0,2024-01-30,16000.0,926,1088814.8760000002,0.07957150090404166,MAX_HOLD,60,기타금융
138040,B,2024-02-01,69000.0,2024-02-06,67120.0,137,-295557.4979999997,-0.031230085401787913,STOP_LOSS,5,기타금융
039130,B,2024-02-01,63100.0,2024-02-07,61065.0,150,-343156.01249999925,-0.03621361187407849,STOP_LOSS,6,일반서비스
180640,B,2023-12-13,56900.0,2024-02-13,79500.0,242,5396609.68,0.39146615838183274,MAX_HOLD,62,기타금융
000240,B,2024-02-05,19200.0,2024-02-14,17401.2,693,-1297443.9832199998,-0.09739911289517054,STOP_LOSS,9,기타금융
085620,B,2024-02-06,6320.0,2024-02-26,5105.0,2060,-2548895.165000001,-0.19555481923635928,STOP_LOSS,20,보험
000210,B,2024-02-05,57400.0,2024-02-27,49060.0,231,-1975220.2470000014,-0.14879642766219553,STOP_LOSS,22,화학
000120,B,2024-02-05,146000.0,2024-02-29,122840.0,91,-2155815.2980000004,-0.16207579092263077,STOP_LOSS,24,운송·창고
003090,B,2024-02-05,25850.0,2024-03-07,21450.0,514,-2309404.5700000003,-0.17361098566435834,STOP_LOSS,31,제약
005680,B,2024-02-05,11140.0,2024-03-12,9326.0,1194,-2214061.3038,-0.16626505192278432,STOP_LOSS,36,전기·전자
294870,B,2024-02-28,19240.0,2024-03-12,16598.0,673,-1825909.6372999996,-0.14085102028716867,STOP_LOSS,13,건설
251270,B,2024-02-27,64800.0,2024-03-15,59100.0,199,-1183824.1349999998,-0.09169801949979743,SOFT_STOP,17,IT 서비스
015760,B,2024-03-18,24850.0,2024-03-19,22400.0,526,-1338489.8450000007,-0.10228307868486457,SOFT_STOP,1,전기·가스
000815,B,2024-03-22,250500.0,2024-04-01,217400.0,52,-1769529.0600000005,-0.13568988477621996,STOP_LOSS,10,보험
082640,B,2024-03-07,6390.0,2024-04-02,5242.25,2045,-2393801.6161875,-0.18297629674231441,STOP_LOSS,26,보험
000270,B,2024-02-05,119600.0,2024-04-03,101992.5,111,-2003096.8841249999,-0.1507122818374254,STOP_LOSS,58,운송장비·부품
073240,B,2024-02-05,6210.0,2024-04-05,5610.0,2143,-1336569.813000001,-0.10031796767051232,MAX_HOLD,60,화학
259960,B,2024-02-05,221000.0,2024-04-05,249500.0,60,1650589.5,0.12433585991494397,MAX_HOLD,60,IT 서비스
028260,B,2024-02-05,148700.0,2024-04-05,149300.0,89,-1018.160000000149,-7.684505119046972e-05,MAX_HOLD,60,유통
086790,B,2024-02-05,55800.0,2024-04-05,57100.0,238,254037.63000000082,0.0191067906316339,MAX_HOLD,60,기타금융
267260,B,2024-02-07,106700.0,2024-04-08,193900.0,123,10640150.670000002,0.8098024666198073,MAX_HOLD,61,전기·전자
402340,B,2024-03-22,77000.0,2024-04-09,73540.0,170,-640133.8100000005,-0.048846333210314674,STOP_LOSS,18,기타금융
138040,B,2024-02-13,72700.0,2024-04-15,76800.0,179,678380.4649999999,0.05206989953300608,MAX_HOLD,62,기타금융
161390,B,2024-02-14,52000.0,2024-04-15,59700.0,251,1873485.335000001,0.14337521465699068,MAX_HOLD,61,화학
000660,B,2024-04-03,182000.0,2024-04-17,177800.0,70,-345366.69999999925,-0.027077706791036403,STOP_LOSS,14,전기·전자
079550,B,2024-03-04,144700.0,2024-05-03,177700.0,90,2907844.200000001,0.2230287967731374,MAX_HOLD,60,금속
126560,B,2024-05-02,4635.0,2024-05-10,3775.25,2885,-2527886.7301875,-0.18882648223151788,STOP_LOSS,8,통신
002240,B,2024-05-03,23801.0,2024-05-21,21678.2,561,-1242122.35224,-0.09291956324089738,STOP_LOSS,18,금속
104700,B,2024-04-01,9480.0,2024-05-31,10100.0,1372,794803.716,0.06103771801668588,MAX_HOLD,60,금속
064350,B,2024-04-02,38400.0,2024-06-03,36250.0,336,-773168.7599999998,-0.05985558014533285,MAX_HOLD,62,운송장비·부품
103140,B,2024-04-05,53200.0,2024-06-04,61000.0,243,1836805.4100000001,0.14192081362072714,MAX_HOLD,60,금속
03473K,B,2024-06-04,198100.0,2024-06-05,164000.0,65,-2262754.9749999996,-0.17552563164173415,SOFT_STOP,1,기타금융
073240,B,2024-05-03,7890.0,2024-06-27,6393.75,1695,-2583493.680937499,-0.192957447794352,STOP_LOSS,55,화학
105560,B,2024-04-29,74100.0,2024-06-28,79300.0,178,868791.3000000007,0.0657927593793454,MAX_HOLD,60,기타금융
026890,B,2024-06-04,11070.0,2024-06-28,9360.0,1179,-2063653.807500001,-0.15793422929484757,STOP_LOSS,24,기타금융
004490,B,2024-05-02,103000.0,2024-07-01,103500.0,129,9833.025000000373,0.0007391984654540763,MAX_HOLD,60,전기·전자
090430,B,2024-05-02,172400.0,2024-07-01,169700.0,77,-261713.375,-0.019692405937348383,MAX_HOLD,60,화학
035150,B,2024-05-02,13750.0,2024-07-01,15150.0,972,1301989.1400000006,0.09730591637798354,MAX_HOLD,60,화학
005385,B,2024-05-02,158000.0,2024-07-01,182100.0,84,1964012.8200000003,0.14781169376735745,MAX_HOLD,60,운송장비·부품
012690,B,2024-05-02,3730.0,2024-07-01,3340.0,3585,-1448850.8625000007,-0.10822473726260383,MAX_HOLD,60,종이·목재
039490,B,2024-05-02,132400.0,2024-07-01,125200.0,101,-779881.5999999996,-0.05825325045382098,MAX_HOLD,60,증권
002790,B,2024-05-31,38750.0,2024-07-02,31061.25,333,-2605706.0814375,-0.20170206037250712,STOP_LOSS,32,화학
007660,B,2024-07-01,56794.0,2024-07-17,50374.72,222,-1472570.0723279994,-0.11665984273031954,STOP_LOSS,16,전기·전자
005389,B,2024-05-21,155300.0,2024-07-22,164500.0,84,717034.9199999999,0.054902284137568896,MAX_HOLD,62,운송장비·부품
402340,B,2024-07-12,104700.0,2024-07-22,83500.0,117,-2523307.41,-0.20574934813503154,STOP_LOSS,10,기타금융
006660,B,2024-06-03,12200.0,2024-07-25,13710.0,1048,1525390.7240000013,0.11916832527838898,HARD_STOP,52,운송장비·부품
071970,B,2024-07-01,18600.0,2024-07-25,21650.0,678,2010095.414999999,0.15921166465016837,HARD_STOP,24,기계·장비
082640,B,2024-07-01,7760.0,2024-07-25,7770.0,1626,-35520.78299999982,-0.0028119080583102487,HARD_STOP,24,보험
079550,B,2024-07-01,218000.0,2024-07-25,230000.0,57,631035.5999999996,0.0507251523133717,HARD_STOP,24,금속
009540,B,2024-07-01,160000.0,2024-07-25,185000.0,78,1893079.5,0.15151482045647505,HARD_STOP,24,기타금융
000810,B,2024-07-01,383500.0,2024-07-25,359500.0,32,-816049.5999999996,-0.06642048736521447,HARD_STOP,24,보험
005850,B,2024-07-02,46000.0,2024-07-25,37450.0,273,-2378752.057499999,-0.18920366578434794,HARD_STOP,23,운송장비·부품
000660,B,2024-07-10,237500.0,2024-07-25,196200.0,52,-2191899.58,-0.17727787780894078,HARD_STOP,15,전기·전자
012450,B,2024-07-17,279111.0,2024-07-25,305087.0,44,1089220.6908,0.08859048956453607,HARD_STOP,8,운송장비·부품
280360,B,2024-07-24,187000.0,2024-07-25,185700.0,65,-134086.22499999963,-0.011018692140402143,HARD_STOP,1,음식료·담배
082740,B,2024-07-24,16900.0,2024-07-25,15460.0,723,-1088145.3659999985,-0.0889534431853072,HARD_STOP,1,기계·장비
329180,B,2024-07-24,175800.0,2024-07-25,173000.0,69,-242363.88000000082,-0.019957253936130515,HARD_STOP,1,운송장비·부품
294870,B,2024-08-01,22950.0,2024-08-02,22295.7,520,-388161.70380000025,-0.03248833841082757,STOP_LOSS,1,건설
011000,B,2024-08-01,3160.0,2024-08-02,3046.3,3776,-476986.52895999886,-0.03992895037795134,STOP_LOSS,1,제약
006360,B,2024-08-01,19800.0,2024-08-02,19338.9,602,-325633.69250999764,-0.027287798577090693,STOP_LOSS,1,건설
267250,B,2024-08-01,83100.0,2024-08-02,81507.0,143,-275848.5229499992,-0.023186460119598858,STOP_LOSS,1,기타금융
058730,B,2024-08-01,4220.0,2024-08-02,4088.9,2828,-418587.14113999903,-0.03503441539859485,STOP_LOSS,1,금속
329180,B,2024-08-01,205500.0,2024-08-05,199464.0,58,-397923.1403999999,-0.0333472652435101,STOP_LOSS,4,운송장비·부품
009540,B,2024-08-01,204500.0,2024-08-05,199196.0,58,-355354.5855999999,-0.02992550351936348,STOP_LOSS,4,기타금융
006360,B,2024-08-21,20750.0,2024-09-04,20170.1,563,-373417.7980850022,-0.03192782733591329,STOP_LOSS,14,건설
064350,B,2024-08-22,55000.0,2024-09-04,53449.0,211,-373876.0800500009,-0.03217980322628985,STOP_LOSS,13,운송장비·부품
055550,B,2024-08-27,61800.0,2024-09-04,60561.0,190,-282857.74050000124,-0.024061729496516002,STOP_LOSS,8,기타금융
063160,B,2024-09-02,35050.0,2024-09-04,33844.0,337,-453651.6401000004,-0.038362368297855505,STOP_LOSS,2,제약
326030,B,2024-09-02,116600.0,2024-09-04,113102.0,101,-400539.8309000004,-0.033972431703540966,STOP_LOSS,2,일반서비스
003090,B,2024-09-02,25750.0,2024-09-04,25073.8,459,-357919.11638999917,-0.03024794146925204,STOP_LOSS,2,제약
013890,B,2024-09-02,17222.0,2024-09-04,16732.64,687,-383707.76595600136,-0.03239374173886547,STOP_LOSS,2,기타제조
042660,B,2024-09-02,35050.0,2024-09-04,34186.0,337,-338737.63939999975,-0.02864483874927569,STOP_LOSS,2,운송장비·부품
009420,B,2024-09-02,40250.0,2024-09-04,39138.5,294,-374334.3460499998,-0.031597106185030054,STOP_LOSS,2,제약
011070,B,2024-09-02,278000.0,2024-09-04,271205.0,42,-332419.6995000001,-0.028437637544162352,STOP_LOSS,2,전기·전자
036460,B,2024-08-19,50800.0,2024-09-04,50300.0,231,-163271.95500000007,-0.013897502124525308,SOFT_STOP,16,전기·가스
001530,B,2024-10-11,35820.0,2024-10-21,34616.95,236,-317741.66859000083,-0.03754373153453103,STOP_LOSS,10,유통
000100,B,2024-08-26,110300.0,2024-10-25,149500.0,106,4095005.7799999993,0.3498436453563442,MAX_HOLD,60,제약
175330,B,2024-11-07,18260.0,2024-11-14,17909.9,459,-194585.34109499864,-0.023189827043915767,STOP_LOSS,7,기타금융
175330,B,2024-11-21,18870.0,2024-11-26,18317.0,444,-279158.6286000004,-0.0332810511155415,STOP_LOSS,5,기타금융
030200,B,2024-12-03,49600.0,2024-12-04,48057.5,169,-294281.32662499975,-0.03506672216064426,STOP_LOSS,1,통신
175330,B,2024-11-28,19350.0,2024-12-05,18703.5,432,-312736.82040000055,-0.03736931598429255,STOP_LOSS,7,기타금융
001530,B,2024-12-02,38737.0,2025-01-31,47477.0,216,1847965.3848,0.22060479378678122,MAX_HOLD,60,유통
017960,B,2025-02-20,15620.0,2025-02-28,15139.4,755,-410134.2936499994,-0.03473753135238901,STOP_LOSS,8,금속
021240,B,2025-02-20,85000.0,2025-02-28,82987.0,138,-325067.50769999996,-0.027680657244169203,STOP_LOSS,8,일반서비스
010140,B,2025-02-20,14680.0,2025-02-28,14215.0,803,-420624.4487499986,-0.03564131834221696,STOP_LOSS,8,운송장비·부품
005180,B,2025-03-04,96500.0,2025-03-06,92260.0,121,-559400.182,-0.04785317610136944,STOP_LOSS,2,음식료·담배
100090,B,2025-03-04,15410.0,2025-03-06,14703.5,760,-583373.5869999994,-0.04975438693263935,STOP_LOSS,2,금속
005180,B,2025-03-24,98700.0,2025-03-31,96579.0,120,-302329.56599999964,-0.025496646941124062,STOP_LOSS,7,음식료·담배
084690,B,2025-03-28,12740.0,2025-03-31,12308.9,918,-442533.1500900015,-0.037795017284283326,STOP_LOSS,3,기타금융
306200,B,2025-03-04,160700.0,2025-05-07,176500.0,72,1086805.4400000013,0.09382191189528445,MAX_HOLD,64,금속
003570,B,2025-05-09,36350.0,2025-05-12,33600.0,320,-925095.2000000011,-0.07943883790861976,SOFT_STOP,3,운송장비·부품
012630,B,2025-05-02,19490.0,2025-05-13,18777.0,427,-337674.0125500001,-0.04052833597442983,STOP_LOSS,11,기타금융
329180,B,2025-05-09,417000.0,2025-07-02,407500.0,27,-301905.2249999996,-0.02678376701325846,SOFT_STOP,54,운송장비·부품
484870,B,2025-05-09,112700.0,2025-07-04,153600.0,103,4152679.325000001,0.3573288677204889,HARD_STOP,56,기계·장비
017800,B,2025-05-09,75800.0,2025-07-04,83800.0,153,1172839.8599999994,0.10101338605722147,HARD_STOP,56,기계·장비
278470,B,2025-05-09,97500.0,2025-07-04,147200.0,119,5849282.565000001,0.5035607512898629,HARD_STOP,56,화학
017960,B,2025-05-09,20800.0,2025-07-04,23850.0,560,1655204.6000000015,0.14193881363355232,HARD_STOP,56,금속
000880,B,2025-05-09,50300.0,2025-07-04,90600.0,231,9234198.434999999,0.7938164351552374,HARD_STOP,56,화학
006800,B,2025-05-09,12190.0,2025-07-04,21450.0,955,8769482.32,0.7524328154697569,HARD_STOP,56,증권
032350,B,2025-05-09,10990.0,2025-07-04,17220.0,1060,6536556.249999998,0.5604621564182081,HARD_STOP,56,일반서비스
047810,B,2025-05-09,90900.0,2025-07-04,89200.0,128,-264662.4000000004,-0.02272057101330173,HARD_STOP,56,운송장비·부품
009540,B,2025-05-09,288000.0,2025-07-04,322000.0,40,1308756.0,0.11347679335430921,HARD_STOP,56,기타금융
014830,B,2025-05-09,89800.0,2025-07-04,96600.0,129,827117.0399999991,0.0713184292406716,HARD_STOP,56,화학
000720,B,2025-05-13,43700.0,2025-07-04,74100.0,263,7924492.450000001,0.6887079858163113,HARD_STOP,52,건설
003230,B,2025-05-15,999000.0,2025-07-04,1333000.0,11,3618106.8000000007,0.32886984772316646,HARD_STOP,50,음식료·담배
298040,B,2025-07-03,924000.0,2025-07-04,910000.0,16,-283953.5999999996,-0.019184755712748497,HARD_STOP,1,전기·전자
062040,B,2025-08-06,129000.0,2025-08-11,115176.0,116,-1660205.8271999992,-0.11081921836399763,STOP_LOSS,5,전기·전자
007660,B,2025-08-06,65300.0,2025-08-18,58364.0,231,-1659335.0928000007,-0.10987775696540102,STOP_LOSS,12,전기·전자
042660,B,2025-08-11,114600.0,2025-08-19,110754.0,130,-559586.8589999992,-0.03751806103609117,STOP_LOSS,8,운송장비·부품
017960,B,2025-08-06,30850.0,2025-08-20,29202.5,488,-863332.9389999993,-0.05728015294566835,STOP_LOSS,14,금속
003570,B,2025-08-07,59600.0,2025-08-20,56117.5,252,-936579.8295000009,-0.062287205703374066,STOP_LOSS,13,운송장비·부품
015760,B,2025-08-07,40650.0,2025-08-20,38852.5,370,-724779.0787499994,-0.04813314319528848,STOP_LOSS,13,전기·가스
004800,B,2025-08-08,87700.0,2025-08-20,84435.0,169,-610924.5642499998,-0.041172016491183364,STOP_LOSS,12,기타금융
034020,B,2025-08-12,70000.0,2025-08-20,66870.0,210,-715630.9649999999,-0.04862645814456232,STOP_LOSS,8,기계·장비
003230,B,2025-08-12,1507000.0,2025-08-20,1452750.0,9,-542417.9624999985,-0.039946538256055195,STOP_LOSS,8,음식료·담배
353200,B,2025-08-14,23850.0,2025-08-20,22735.0,613,-741420.894749999,-0.05065435755170856,STOP_LOSS,6,전기·전자
000320,B,2025-09-01,34650.0,2025-09-25,26641.25,419,-3405292.2695624996,-0.23428149078775856,STOP_LOSS,24,기타금융
003230,B,2025-08-28,1511000.0,2025-09-26,1486970.0,9,-271387.9035,-0.019933536723965323,STOP_LOSS,29,음식료·담배
000240,B,2025-08-29,24150.0,2025-09-26,23703.0,602,-327907.20270000026,-0.022528806158631877,STOP_LOSS,28,기타금융
086280,B,2025-09-01,187500.0,2025-09-26,184293.0,77,-305404.27995000035,-0.021129244568745965,STOP_LOSS,25,운송·창고
033530,B,2025-09-01,6190.0,2025-09-26,6017.65,2346,-462679.45135500096,-0.03182455967237038,STOP_LOSS,25,운송장비·부품
001720,B,2025-09-01,151400.0,2025-09-26,147587.0,95,-420136.7067499999,-0.029177091325161,STOP_LOSS,25,증권
064960,B,2025-09-01,37650.0,2025-09-26,36805.5,385,-383603.88412499987,-0.02643371079433949,STOP_LOSS,25,운송장비·부품
009540,B,2025-09-02,412500.0,2025-09-26,404520.0,34,-328022.1060000006,-0.023361519706882584,STOP_LOSS,24,기타금융
035720,B,2025-09-15,65000.0,2025-09-26,63548.0,224,-383984.5184000004,-0.026342269467036012,STOP_LOSS,11,IT 서비스
298040,B,2025-09-15,1428000.0,2025-09-26,1395420.0,10,-383386.8900000006,-0.026816981899387176,STOP_LOSS,11,전기·전자
006220,B,2025-09-29,15410.0,2025-10-01,14759.5,926,-659091.6351499986,-0.04613526534038086,STOP_LOSS,2,은행
034230,B,2025-08-08,19750.0,2025-10-10,20500.0,753,502109.8125,0.033723875770711786,MAX_HOLD,63,오락·문화
014680,B,2025-10-10,221000.0,2025-10-14,211782.5,65,-656266.5443750005,-0.04563262824674705,STOP_LOSS,4,화학
267250,B,2025-10-10,163700.0,2025-10-14,158180.0,88,-543389.9680000003,-0.0376774162370574,STOP_LOSS,4,기타금융
032830,B,2025-09-03,151900.0,2025-11-03,154300.0,94,166392.2199999988,0.011639872869044492,MAX_HOLD,61,보험
00680K,B,2025-10-21,10650.0,2025-11-04,10342.5,1346,-471447.0997499991,-0.032850285551896945,STOP_LOSS,14,증권
123690,B,2025-10-31,12550.0,2025-11-04,12215.5,1217,-468506.329824999,-0.03063952351210444,STOP_LOSS,4,유통
071055,B,2025-11-03,129500.0,2025-11-04,126041.0,120,-477569.51400000043,-0.030696328180121846,STOP_LOSS,1,기타금융
009420,B,2025-11-03,41150.0,2025-11-04,39932.75,378,-522537.4145250004,-0.03355495038542859,STOP_LOSS,1,제약
039490,B,2025-10-21,281500.0,2025-11-05,272590.0,50,-501893.2750000004,-0.03561753184548252,STOP_LOSS,15,증권
014680,B,2025-10-31,228000.0,2025-11-05,221586.0,67,-491101.87289999984,-0.03211166237773927,STOP_LOSS,5,화학
004800,B,2025-11-03,133900.0,2025-11-05,129202.0,116,-607043.1843999997,-0.039037488516286904,STOP_LOSS,2,기타금융
034220,B,2025-09-15,12110.0,2025-11-14,13270.0,1202,1330526.2540000007,0.09130103188929763,MAX_HOLD,60,전기·전자
009420,B,2025-11-06,43900.0,2025-11-14,42115.0,340,-666306.245000001,-0.04458936573737475,STOP_LOSS,8,제약
039490,B,2025-11-11,303000.0,2025-11-14,292005.0,48,-585833.5079999994,-0.040233812798450064,STOP_LOSS,3,증권
071055,B,2025-11-13,130800.0,2025-11-14,126579.0,114,-540910.3976999987,-0.03623377496612832,STOP_LOSS,1,기타금융
267260,B,2025-10-02,610000.0,2025-11-24,761000.0,23,3405231.6499999985,0.24243194097279921,HARD_STOP,53,전기·전자
005935,B,2025-10-02,69900.0,2025-11-24,74100.0,204,795808.0800000001,0.055744477541814046,HARD_STOP,53,전기·전자
298040,B,2025-10-16,1653000.0,2025-11-24,1934000.0,8,2187150.0,0.16520248538137586,HARD_STOP,39,전기·전자
267250,B,2025-10-21,171500.0,2025-11-24,208000.0,83,2962201.5250000004,0.20786110550126832,HARD_STOP,34,기타금융
000670,B,2025-12-01,66641.0,2025-12-16,64425.8,214,-531125.157639999,-0.03719995740286788,STOP_LOSS,15,금속
161390,B,2025-12-01,61100.0,2025-12-16,59975.0,233,-319720.56124999933,-0.022432324757788728,STOP_LOSS,15,화학
000240,B,2025-12-01,29850.0,2025-12-16,29155.5,478,-389491.71554999985,-0.027266339689256843,STOP_LOSS,15,기타금융
007070,B,2025-12-03,22900.0,2025-12-16,22445.5,623,-340811.66717500053,-0.023861172097502756,STOP_LOSS,13,유통
181710,B,2025-12-03,33400.0,2025-12-16,32701.0,427,-356065.8846500013,-0.024937727302225286,STOP_LOSS,13,IT 서비스
009150,B,2025-12-04,259000.0,2025-12-16,255000.0,54,-272705.4000000004,-0.01947605813160428,SOFT_STOP,12,전기·전자
009155,B,2025-12-10,124000.0,2025-12-17,120256.0,115,-487755.8479999993,-0.03416518745378294,STOP_LOSS,7,전기·전자
010130,B,2025-12-01,1355000.0,2025-12-19,1293380.0,10,-669937.2100000009,-0.049385067688763155,STOP_LOSS,18,금속
000990,B,2025-12-23,68300.0,2025-12-30,66834.5,206,-358688.5956500005,-0.025464226754166857,STOP_LOSS,7,전기·전자
204320,B,2025-12-01,49500.0,2026-01-30,64800.0,288,4334951.519999998,0.303729801637208,MAX_HOLD,60,운송장비·부품
417310,B,2026-01-05,8820.0,2026-02-02,8714.55,1639,-231592.21197750047,-0.016002110328224614,STOP_LOSS,28,부동산
010060,B,2026-01-26,125100.0,2026-02-02,121302.0,121,-520264.4138999991,-0.03433067080770777,STOP_LOSS,7,기타금융
039490,B,2026-02-04,454000.0,2026-02-05,439847.5,36,-574997.4045000002,-0.0351405357957292,STOP_LOSS,1,증권
00680K,B,2026-02-04,18200.0,2026-02-05,17621.36,902,-587700.8168239985,-0.03575849377611342,STOP_LOSS,1,증권
000660,B,2026-01-02,651000.0,2026-03-03,1022000.0,22,8079201.9,0.5634633075189339,MAX_HOLD,60,전기·전자
005930,B,2026-01-02,120200.0,2026-03-03,209500.0,119,10536705.655,0.7357906543913767,MAX_HOLD,60,전기·전자
032350,B,2026-01-23,23500.0,2026-03-03,22511.5,654,-707584.7869499996,-0.045986856604266775,STOP_LOSS,39,일반서비스
111770,B,2026-02-06,88900.0,2026-03-03,97900.0,177,1523785.92,0.09672745858573101,RAL_CRASH,25,유통
402340,B,2026-01-05,407500.0,2026-03-04,549000.0,35,4879413.875,0.3417219277585378,HARD_STOP,58,기타금융
005935,B,2026-01-05,97500.0,2026-03-04,118400.0,148,3024912.0599999987,0.20938582168967218,HARD_STOP,58,전기·전자
005380,B,2026-01-08,361000.0,2026-03-04,560000.0,40,7877314.0,0.5448937323186369,HARD_STOP,55,운송장비·부품
010120,B,2026-01-15,536000.0,2026-03-04,684000.0,27,3924876.5999999996,0.27089332342433065,HARD_STOP,48,전기·전자
009970,B,2026-01-29,200500.0,2026-03-04,248500.0,79,3715871.6500000004,0.23432578719011793,HARD_STOP,34,기타금융
244920,B,2026-02-03,12610.0,2026-03-04,13110.0,1286,574615.663999999,0.035393397513557204,HARD_STOP,29,기타금융
004170,B,2026-02-04,322000.0,2026-03-04,349500.0,51,1331032.4250000026,0.08095868322857303,HARD_STOP,28,유통
120110,B,2026-02-10,62400.0,2026-03-04,63300.0,266,170640.3299999982,0.010268719818362622,HARD_STOP,22,화학
