date,open,high,low,close,volume
2023-02-09,2900,2996,2857,2886,1782750
2023-02-10,2896,3072,2853,2891,3687819
2023-02-13,2896,2943,2705,2815,2922877
2023-02-14,2857,2981,2800,2929,1938726
2023-02-15,2962,3048,2891,2943,2205859
2023-02-16,3005,3062,2943,2991,2045607
2023-02-17,2991,3038,2938,2967,871676
2023-02-20,2967,3015,2910,2958,1044726
2023-02-21,2948,2991,2838,2953,1511639
2023-02-22,2891,2934,2857,2881,1017882
2023-02-23,2896,3119,2881,3086,3574595
2023-02-24,3067,3110,3034,3038,1215808
2023-02-27,2996,3086,2915,3072,1142596
2023-02-28,3077,3129,3072,3091,1139557
2023-03-02,3100,3172,3010,3119,2025140
2023-03-03,3162,3210,3091,3129,2281550
2023-03-06,3143,3334,3091,3329,3963700
2023-03-07,3324,3334,3210,3262,1821676
2023-03-08,3229,3334,3172,3234,1468129
2023-03-09,3243,3272,3200,3239,1055369
2023-03-10,3200,3220,3067,3115,1527211
2023-03-13,3029,3081,2910,2958,2600363
2023-03-14,2958,2962,2800,2829,2186199
2023-03-15,2905,2962,2810,2824,1570995
2023-03-16,2762,2834,2691,2800,1518939
2023-03-17,2857,2996,2805,2943,1732065
2023-03-20,2929,3015,2900,2915,987802
2023-03-21,2981,3081,2862,3053,1774768
2023-03-22,3086,3191,3048,3058,2068723
2023-03-23,3067,3181,3005,3124,1824536
2023-03-24,3124,3191,3091,3139,1129987
2023-03-27,3119,3158,3053,3105,939842
2023-03-28,3105,3220,3100,3177,1031161
2023-03-29,3229,3491,3220,3415,7965300
2023-03-30,3415,3505,3372,3424,2046969
2023-03-31,3434,3481,3391,3415,1682579
2023-04-03,3429,3505,3262,3334,1982026
2023-04-04,3296,3315,3172,3253,1791532
2023-04-05,3200,3267,3148,3191,1173051
2023-04-06,3181,3181,3077,3105,1445489
2023-04-07,3115,3148,3038,3081,1123982
2023-04-10,3086,3086,2972,3029,1771525
2023-04-11,3029,3081,2953,3048,1436094
2023-04-12,3081,3091,2981,3053,1335022
2023-04-13,3034,3043,2924,3034,1951322
2023-04-14,3077,3267,3000,3181,2468559
2023-04-17,3181,3324,3139,3296,1658984
2023-04-18,3339,3381,3267,3372,2115684
2023-04-19,3381,3420,3315,3372,1656760
2023-04-20,3448,3620,3396,3477,5806367
2023-04-21,3443,3577,3267,3472,3144673
2023-04-24,3520,3534,3167,3205,4974601
2023-04-25,3243,3286,3000,3029,3780073
2023-04-26,3029,3158,3029,3043,1934992
2023-04-27,3110,3181,3038,3129,1121489
2023-04-28,3191,3196,2962,2986,1849330
2023-05-02,3034,3038,2972,3010,822799
2023-05-03,3005,3048,2943,2967,1213321
2023-05-04,2972,3010,2958,2977,759542
2023-05-08,2977,3053,2967,2977,952706
2023-05-09,2986,2996,2872,2905,953826
2023-05-10,2958,2967,2843,2896,991681
2023-05-11,2929,2948,2896,2910,535662
2023-05-12,2905,2938,2824,2853,1456145
2023-05-15,2862,2867,2796,2843,951943
2023-05-16,2905,2919,2762,2800,1264493
2023-05-17,2772,2853,2772,2843,842592
2023-05-18,2896,2896,2843,2857,635760
2023-05-19,2857,2891,2829,2843,673181
2023-05-22,2848,2934,2843,2919,784167
2023-05-23,2938,2943,2872,2896,559921
2023-05-24,2877,2891,2848,2862,548859
2023-05-25,2862,2877,2834,2848,440248
2023-05-26,2848,2867,2777,2815,637896
2023-05-30,2819,2838,2743,2796,923434
2023-05-31,2810,2862,2762,2862,1572399
2023-06-01,2905,2905,2796,2796,612880
2023-06-02,2800,2838,2786,2800,552897
2023-06-05,2834,2834,2796,2834,535613
2023-06-07,2877,2877,2805,2805,731319
2023-06-08,2805,2838,2791,2834,487532
2023-06-09,2834,2867,2800,2824,505719
2023-06-12,2834,2891,2834,2843,1134081
2023-06-13,2886,3096,2881,3096,4576065
2023-06-14,3105,3210,3067,3148,3694800
2023-06-15,3196,3205,3105,3115,1476039
2023-06-16,3162,3324,3153,3258,4349506
2023-06-19,3329,3381,3234,3362,3821976
2023-06-20,3377,3448,3324,3386,2282988
2023-06-21,3386,3386,3234,3258,1633302
2023-06-22,3234,3320,3200,3267,1279500
2023-06-23,3267,3339,3267,3315,1008300
2023-06-26,3320,3320,3148,3177,1759719
2023-06-27,3177,3181,2996,3058,2635754
2023-06-28,3139,3191,3067,3096,1521593
2023-06-29,3124,3200,3105,3153,1254721
2023-06-30,3134,3177,3048,3100,846852
2023-07-03,3143,3167,3077,3143,1168691
2023-07-04,3134,3134,3048,3058,1274220
2023-07-05,3081,3081,2991,2996,1201005
2023-07-06,3015,3091,2915,3019,1512678
2023-07-07,2972,3019,2905,2948,1303227
2023-07-10,2977,3048,2924,2943,1005758
2023-07-11,2962,3029,2948,2991,760114
2023-07-12,3053,3143,3005,3096,1993776
2023-07-13,3100,3139,3048,3124,1883567
2023-07-14,3096,3115,2981,3010,1726368
2023-07-17,3010,3015,2915,2924,1287675
2023-07-18,2967,2977,2834,2900,2014832
2023-07-19,2867,2919,2843,2867,1259762
2023-07-20,2886,2972,2848,2953,1436723
2023-07-21,2986,2986,2881,2915,610312
2023-07-24,2948,2948,2829,2848,1394416
2023-07-25,2638,2700,2472,2510,6653976
2023-07-26,2524,2567,2376,2400,2978458
2023-07-27,2462,2524,2391,2462,3454758
2023-07-28,2467,2491,2405,2476,1793458
2023-07-31,2500,2500,2429,2476,1012464
2023-08-01,2481,2519,2448,2505,933151
2023-08-02,2505,2510,2434,2438,906874
2023-08-03,2448,2457,2400,2448,856714
2023-08-04,2448,2491,2415,2481,735823
2023-08-07,2462,2524,2443,2481,729830
2023-08-08,2467,2495,2405,2448,1226098
2023-08-09,2453,2472,2410,2467,575207
2023-08-10,2648,2729,2515,2629,5471025
2023-08-11,2676,2696,2605,2643,1970066
2023-08-14,2667,2829,2648,2734,3015651
2023-08-16,2738,2757,2657,2662,1326661
2023-08-17,2648,2648,2538,2600,969837
2023-08-18,2576,2624,2524,2534,828790
2023-08-21,2534,2567,2486,2505,635308
2023-08-22,2500,2519,2443,2457,718919
2023-08-23,2462,2500,2434,2472,386147
2023-08-24,2472,2486,2438,2462,516418
2023-08-25,2457,2457,2415,2457,462659
2023-08-28,2472,2505,2457,2467,537452
2023-08-29,2467,2495,2434,2438,729676
2023-08-30,2472,2562,2443,2515,969667
2023-08-31,2524,2538,2476,2538,532395
2023-09-01,2538,2543,2495,2538,539266
2023-09-04,2538,2562,2495,2548,605018
2023-09-05,2548,2591,2529,2576,653369
2023-09-06,2581,2600,2519,2581,769029
2023-09-07,2572,2591,2505,2505,692048
2023-09-08,2515,2572,2515,2524,233857
2023-09-11,2524,2524,2500,2510,311337
2023-09-12,2510,2543,2495,2500,343874
2023-09-13,2515,2515,2438,2457,573432
2023-09-14,2457,2472,2438,2453,300601
2023-09-15,2457,2476,2381,2386,1646507
2023-09-18,2391,2391,2281,2281,1381517
2023-09-19,2286,2295,2157,2233,1250356
2023-09-20,2219,2243,2176,2243,593716
2023-09-21,2224,2224,2157,2172,600048
2023-09-22,2153,2214,2133,2200,337884
2023-09-25,2200,2200,2095,2105,697668
2023-09-26,2100,2200,2100,2172,361640
2023-09-27,2162,2172,2114,2153,234027
2023-10-04,2153,2157,2019,2062,614972
2023-10-05,2095,2114,2000,2081,558349
2023-10-06,2081,2162,2081,2133,303417
2023-10-10,2057,2110,2024,2048,502969
2023-10-11,2052,2095,2043,2057,381870
2023-10-12,2105,2143,2095,2129,404528
2023-10-13,2091,2124,2057,2057,371408
2023-10-16,2086,2167,2057,2062,426631
2023-10-17,2062,2091,2019,2038,481201
2023-10-18,2038,2043,1962,1991,628988
2023-10-19,1972,2000,1919,1929,621943
2023-10-20,1929,1948,1900,1933,402652
2023-10-23,1924,1972,1890,1900,623094
2023-10-24,1929,1933,1862,1919,490080
2023-10-25,1943,2029,1904,2010,730930
2023-10-26,1962,1991,1933,1943,341946
2023-10-27,2019,2024,1962,1986,363081
2023-10-30,1981,2143,1952,2029,601821
2023-10-31,2048,2110,2033,2072,441066
2023-11-01,2081,2086,2014,2038,271216
2023-11-02,2038,2091,2000,2019,491188
2023-11-03,2076,2157,2019,2124,983194
2023-11-06,2191,2195,2124,2153,629446
2023-11-07,2153,2153,2100,2129,383287
2023-11-08,2162,2205,2148,2148,447597
2023-11-09,2162,2262,2143,2200,527022
2023-11-10,2181,2181,2124,2162,365156
2023-11-13,2153,2167,2095,2095,261198
2023-11-14,2076,2138,2067,2114,418089
2023-11-15,2148,2195,2148,2167,605903
2023-11-16,2167,2219,2143,2205,571850
2023-11-17,2248,2376,2229,2367,3045233
2023-11-20,2367,2367,2281,2295,1035772
2023-11-21,2300,2300,2191,2229,1119366
2023-11-22,2195,2214,2167,2167,679346
2023-11-23,2181,2253,2181,2205,878855
2023-11-24,2229,2233,2191,2191,437086
2023-11-27,2195,2219,2167,2181,603008
2023-11-28,2167,2200,2157,2176,483915
2023-11-29,2167,2172,2119,2124,680123
2023-11-30,2110,2143,2062,2138,713723
2023-12-01,2167,2224,2162,2191,834316
2023-12-04,2214,2214,2162,2167,439623
2023-12-05,2167,2186,2133,2153,481946
2023-12-06,2153,2153,2105,2129,568918
2023-12-07,2200,2286,2176,2186,2339721
2023-12-08,2191,2195,2153,2167,670546
2023-12-11,2167,2186,2148,2162,440695
2023-12-12,2162,2238,2153,2219,681213
2023-12-13,2267,2291,2200,2219,827165
2023-12-14,2253,2262,2191,2214,488931
2023-12-15,2224,2243,2205,2233,602051
2023-12-18,2229,2229,2191,2191,419843
2023-12-19,2224,2224,2143,2148,542662
2023-12-20,2143,2172,2138,2167,397596
2023-12-21,2162,2167,2119,2138,692598
2023-12-22,2133,2153,2105,2148,494178
2023-12-26,2148,2181,2119,2153,515678
2023-12-27,2153,2157,2129,2138,349812
2023-12-28,2143,2281,2143,2276,1206922
2024-01-02,2291,2553,2286,2543,4516468
2024-01-03,2543,2543,2443,2476,1800937
2024-01-04,2443,2672,2410,2619,4258295
2024-01-05,2615,2691,2586,2605,1444384
2024-01-08,2624,2724,2557,2667,2192947
2024-01-09,2676,2896,2667,2843,6917610
2024-01-10,2857,2972,2810,2872,2848166
2024-01-11,2857,2857,2772,2805,1847525
2024-01-12,2805,2877,2705,2853,2138703
2024-01-15,3000,3015,2672,2753,5631773
2024-01-16,2786,2919,2715,2848,4000480
2024-01-17,2848,2905,2810,2834,2250102
2024-01-18,2857,3024,2843,2981,5361857
2024-01-19,3029,3096,2953,3053,3410790
2024-01-22,3029,3072,2905,3000,2512956
2024-01-23,2962,3038,2924,2962,959224
2024-01-24,2962,3000,2881,2896,958457
2024-01-25,2905,3019,2829,3000,1718987
2024-01-26,2967,3024,2958,2991,935901
2024-01-29,2958,2991,2905,2919,889285
2024-01-30,2924,3038,2924,2986,2112236
2024-01-31,2958,2996,2924,2958,962629
2024-02-01,3005,3077,2872,2924,1531549
2024-02-02,2943,2958,2896,2900,936110
2024-02-05,2919,2919,2762,2781,1458570
2024-02-06,2777,2796,2681,2781,1962276
2024-02-07,2772,2781,2667,2686,1812436
2024-02-08,2667,2719,2610,2715,931589
2024-02-13,2715,2829,2681,2815,1590666
2024-02-14,2996,3029,2815,2877,5490790
2024-02-15,2948,2948,2881,2915,1293556
2024-02-16,2967,2981,2862,2881,1097652
2024-02-19,2881,2881,2762,2857,893094
2024-02-20,2857,2857,2796,2805,809107
2024-02-21,2805,2805,2738,2772,920914
2024-02-22,2757,2800,2710,2738,807947
2024-02-23,2738,2757,2681,2734,895665
2024-02-26,2734,2738,2667,2681,613976
2024-02-27,2681,2696,2634,2657,649620
2024-02-28,2681,2748,2672,2715,665912
2024-02-29,2715,2715,2638,2686,1080132
2024-03-04,2653,2696,2510,2534,2839498
2024-03-05,2553,2596,2519,2596,1008029
2024-03-06,2538,2586,2472,2538,1335918
2024-03-07,2567,2772,2543,2638,2768477
2024-03-08,2643,2715,2605,2653,1151250
2024-03-11,2615,2715,2591,2657,743756
2024-03-12,2676,2676,2619,2638,316903
2024-03-13,2681,2738,2634,2662,776670
2024-03-14,2624,2667,2548,2562,1503370
2024-03-15,2529,2596,2524,2572,690924
2024-03-18,2572,2600,2548,2572,329783
2024-03-19,2572,2572,2457,2481,2141835
2024-03-20,2486,2510,2434,2486,872284
2024-03-21,2491,2510,2457,2472,911546
2024-03-22,2476,2534,2476,2510,681453
2024-03-25,2510,2510,2429,2481,766995
2024-03-26,2486,2505,2472,2491,317349
2024-03-27,2491,2510,2476,2495,428066
2024-03-28,2495,2657,2476,2648,2373190
2024-03-29,2648,2686,2576,2605,1249307
2024-04-01,2605,2762,2581,2748,2614339
2024-04-02,2753,2772,2667,2700,1610019
2024-04-03,2676,2691,2619,2638,648482
2024-04-04,2638,2653,2572,2600,698097
2024-04-05,2562,2629,2553,2576,357890
2024-04-08,2576,2596,2505,2586,565565
2024-04-09,2586,2605,2562,2576,280122
2024-04-11,2529,2700,2529,2672,1291411
2024-04-12,2681,2700,2619,2657,645127
2024-04-15,2515,2615,2515,2572,907418
2024-04-16,2553,2581,2476,2519,783908
2024-04-17,2524,2548,2481,2510,534635
2024-04-18,2553,2624,2543,2557,805013
2024-04-19,2557,2562,2462,2491,630439
2024-04-22,2491,2548,2486,2543,515844
2024-04-23,2553,2619,2472,2495,723340
2024-04-24,2505,2524,2481,2486,645135
2024-04-25,2486,2515,2467,2500,277604
2024-04-26,2505,2519,2495,2495,282626
2024-04-29,2495,2572,2495,2572,557843
2024-04-30,2572,2596,2553,2576,494252
2024-05-02,2600,2786,2596,2777,4817546
2024-05-03,2810,2810,2705,2791,2643095
2024-05-07,2796,2824,2734,2796,1564099
2024-05-08,2829,2862,2724,2748,1438463
2024-05-09,2753,2796,2691,2691,1315928
2024-05-10,2753,2753,2619,2686,2039622
2024-05-13,2681,2705,2619,2643,1082831
2024-05-14,2648,2667,2619,2648,570268
2024-05-16,2657,2681,2605,2615,997520
2024-05-17,2610,2629,2534,2553,1806464
2024-05-20,2562,2610,2553,2591,484328
2024-05-21,2600,2643,2581,2638,857744
2024-05-22,2643,2643,2572,2581,652296
2024-05-23,2591,2610,2557,2591,394038
2024-05-24,2596,2596,2553,2553,517205
2024-05-27,2581,2591,2553,2586,441194
2024-05-28,2586,2653,2586,2629,598101
2024-05-29,2619,2624,2557,2572,629876
2024-05-30,2572,2581,2548,2553,340883
2024-05-31,2557,2667,2553,2662,1287690
2024-06-03,2667,2681,2634,2672,739827
2024-06-04,2691,2753,2653,2667,1489111
2024-06-05,2667,2686,2624,2634,596995
2024-06-07,2634,2777,2629,2724,1967584
2024-06-10,2743,2767,2710,2738,1300803
2024-06-11,2724,2743,2676,2681,751725
2024-06-12,2705,2743,2672,2710,584901
2024-06-13,2738,2762,2705,2715,714618
2024-06-14,2710,2724,2657,2676,1035731
2024-06-17,2643,2724,2629,2705,957126
2024-06-18,2715,2719,2634,2634,921685
2024-06-19,2615,2619,2529,2572,1485688
2024-06-20,2572,2591,2543,2562,418134
2024-06-21,2562,2572,2534,2538,450666
2024-06-24,2529,2567,2524,2529,456094
2024-06-25,2515,2548,2510,2534,338399
2024-06-26,2534,2538,2381,2391,2805837
2024-06-27,2386,2419,2338,2367,1632570
2024-06-28,2372,2395,2329,2334,1297447
2024-07-01,2429,2610,2400,2596,3875428
2024-07-02,2805,2867,2605,2624,6982966
2024-07-03,2629,2629,2515,2529,1534809
2024-07-04,2534,2567,2495,2543,1051989
2024-07-05,2581,2653,2505,2529,1364417
2024-07-08,2519,2596,2453,2576,1697531
2024-07-09,2586,2738,2586,2667,2957323
2024-07-10,2667,2676,2610,2634,1151710
2024-07-11,2634,2638,2553,2567,1017717
2024-07-12,2557,2576,2543,2557,350697
2024-07-15,2562,2610,2553,2562,675539
2024-07-16,2557,2586,2538,2553,407463
2024-07-17,2553,2605,2548,2591,559656
2024-07-18,2586,2643,2515,2634,1678108
2024-07-19,2629,2629,2543,2562,682973
2024-07-22,2567,2591,2529,2543,379140
2024-07-23,2548,2572,2505,2515,566012
2024-07-24,2515,2562,2510,2519,328868
2024-07-25,2500,2524,2462,2476,502351
2024-07-26,2486,2495,2448,2467,595772
2024-07-29,2467,2519,2467,2505,194847
2024-07-30,2515,2519,2453,2467,471119
2024-07-31,2467,2476,2419,2448,509421
2024-08-01,2453,2500,2448,2491,255910
2024-08-02,2534,2629,2457,2481,2528040
2024-08-05,2457,2467,2195,2314,1710692
2024-08-06,2362,2438,2343,2391,772844
2024-08-07,2400,2467,2391,2453,582731
2024-08-08,2386,2448,2381,2400,435211
2024-08-09,2419,2438,2372,2381,516221
2024-08-12,2381,2419,2381,2386,302350
2024-08-13,2391,2410,2367,2372,279823
2024-08-14,2381,2391,2367,2367,317151
2024-08-16,2372,2395,2353,2357,343670
2024-08-19,2362,2391,2343,2367,263749
2024-08-20,2381,2472,2381,2453,898255
2024-08-21,2457,2538,2410,2467,568612
2024-08-22,2486,2486,2410,2419,706740
2024-08-23,2395,2429,2381,2419,263351
2024-08-26,2462,2610,2448,2596,4095952
2024-08-27,2596,2657,2581,2653,2474590
2024-08-28,2667,2667,2600,2610,876812
2024-08-29,2615,2810,2562,2772,5532842
2024-08-30,2762,2800,2672,2800,2572294
2024-09-02,2805,2815,2686,2710,2295007
2024-09-03,2710,2734,2653,2705,1254280
2024-09-04,2643,2805,2643,2724,1936182
2024-09-05,2748,2815,2667,2681,2149644
2024-09-06,2676,2691,2586,2681,1674566
2024-09-09,2648,2719,2629,2676,879197
2024-09-10,2672,2696,2638,2691,868511
2024-09-11,2691,2757,2610,2638,1009971
2024-09-12,2643,2705,2629,2686,842154
2024-09-13,2710,2857,2686,2843,3330247
2024-09-19,2843,2938,2800,2862,2648108
2024-09-20,2843,3143,2810,3139,11212342
2024-09-23,3148,3167,2857,2891,7380548
2024-09-24,2915,2958,2796,2834,2523581
2024-09-25,2800,2834,2696,2705,2711420
2024-09-26,2700,3024,2681,2967,5813610
2024-09-27,2991,3062,2791,2819,8287365
2024-09-30,2819,2953,2719,2924,6296699
2024-10-02,2834,2877,2715,2724,3627851
2024-10-04,2705,2929,2643,2886,4355380
2024-10-07,2853,3005,2791,2943,4177692
2024-10-08,2910,3158,2910,3048,11051255
2024-10-10,3505,3801,3162,3591,168702152
2024-10-11,3586,3763,3291,3310,69634716
2024-10-14,3110,3305,3015,3015,19817293
2024-10-15,3005,3224,2781,2800,31796095
2024-10-16,2800,2910,2762,2867,10229346
2024-10-17,2824,2877,2724,2734,6144220
2024-10-18,2705,2767,2691,2705,3031270
2024-10-21,2700,2777,2696,2753,2739357
2024-10-22,2767,2824,2605,2772,5839912
2024-10-23,2738,2843,2719,2762,3794909
2024-10-24,2753,2977,2710,2938,11514728
2024-10-25,2958,3553,2900,3167,86850484
2024-10-28,3320,3324,3072,3162,16854528
2024-10-29,3162,3253,3086,3153,7200830
2024-10-30,3124,3524,3072,3334,40170810
2024-10-31,3286,3415,3234,3324,14223540
2024-11-01,3286,3372,3019,3024,8790807
2024-11-04,3134,3286,3077,3148,9589338
2024-11-05,3143,3177,3072,3077,4622465
2024-11-06,3067,3124,2996,3062,3812157
2024-11-07,3048,3072,2977,3053,2531772
2024-11-08,3062,3086,2953,2986,3346111
2024-11-11,2943,2958,2877,2929,2214879
2024-11-12,2872,2924,2796,2824,3566309
2024-11-13,2791,2900,2777,2796,2802596
2024-11-14,2767,2824,2715,2748,2024878
2024-11-15,2691,2767,2691,2762,1869221
2024-11-18,2767,2843,2672,2734,2067697
2024-11-19,2705,2834,2657,2805,2022188
2024-11-20,2819,2829,2753,2772,1303578
2024-11-21,2757,2777,2710,2738,1281728
2024-11-22,2734,2767,2715,2743,1224272
2024-11-25,2777,2867,2772,2805,1867362
2024-11-26,2800,2948,2781,2919,3365578
2024-11-27,2938,2967,2838,2857,2565147
2024-11-28,2857,2881,2819,2867,1272691
2024-11-29,2934,2981,2767,2805,2744824
2024-12-02,2810,2843,2648,2648,3063929
2024-12-03,2634,2724,2629,2700,1420462
2024-12-04,2615,2691,2529,2576,3383891
2024-12-05,2576,2667,2515,2524,2653117
2024-12-06,2648,2867,2543,2581,10806223
2024-12-09,2486,2529,2400,2405,3040211
2024-12-10,2381,2562,2381,2557,1872241
2024-12-11,2543,2591,2524,2548,1183138
2024-12-12,2572,2576,2476,2505,1793098
2024-12-13,2491,2586,2486,2581,1291045
2024-12-16,2591,2610,2538,2548,1026469
2024-12-17,2548,2548,2481,2486,1156674
2024-12-18,2481,2505,2457,2486,956005
2024-12-19,2429,2467,2400,2405,1329983
2024-12-20,2400,2405,2338,2367,1425727
2024-12-23,2367,2415,2362,2400,665634
2024-12-24,2391,2419,2372,2386,566071
2024-12-26,2400,2429,2357,2367,784463
2024-12-27,2372,2391,2334,2362,633189
2024-12-30,2286,2534,2219,2286,6458141
2025-01-02,2291,2376,2291,2348,1158824
2025-01-03,2357,2557,2310,2548,3139218
2025-01-06,2510,2638,2510,2624,1556095
2025-01-07,2624,2743,2624,2705,2036497
2025-01-08,2710,2757,2653,2667,1043112
2025-01-09,2667,2686,2619,2638,885565
2025-01-10,2634,2686,2605,2615,608402
2025-01-13,2615,2829,2567,2643,5344079
2025-01-14,2615,2700,2610,2662,1058149
2025-01-15,2791,2805,2696,2738,5817949
2025-01-16,2743,2829,2710,2819,2287764
2025-01-17,2829,2948,2796,2829,4852529
2025-01-20,2872,2967,2867,2919,3526804
2025-01-21,3324,3429,3096,3200,45608886
2025-01-22,3253,3434,3181,3239,28371119
2025-01-23,3472,3963,3420,3801,70823413
2025-01-24,3743,3972,3705,3915,31740414
2025-01-31,3929,4286,3648,3715,36636512
2025-02-03,3591,3682,3239,3272,13387775
2025-02-04,3248,3372,3086,3110,10348418
2025-02-05,3086,3324,3077,3124,8289142
2025-02-06,3248,3324,3162,3243,7308741
2025-02-07,3200,3358,3181,3272,6619782
2025-02-10,3324,3324,3162,3210,3560582
2025-02-11,3153,3281,3129,3248,3195509
2025-02-12,3253,3291,3091,3124,4107255
2025-02-13,3096,3234,3019,3200,4693775
2025-02-14,3215,3234,3110,3139,2919401
2025-02-17,3124,3300,3058,3248,5023282
2025-02-18,2691,2734,2572,2591,23463289
2025-02-19,2610,2705,2596,2615,10335576
2025-02-20,2586,2638,2581,2596,3372598
2025-02-21,2600,2600,2548,2572,2360651
2025-02-24,2548,2581,2534,2538,1959121
2025-02-25,2534,2548,2500,2510,1691160
2025-02-26,2500,2529,2481,2510,1868864
2025-02-27,2629,2705,2529,2529,11374494
2025-02-28,2467,2495,2376,2391,4717517
2025-03-04,2310,2369,2286,2295,2883313
2025-03-05,2262,2367,2262,2367,1460891
2025-03-06,2367,2391,2334,2348,1099454
2025-03-07,2314,2372,2314,2367,774253
2025-03-10,2372,2376,2334,2348,667602
2025-03-11,2300,2324,2286,2314,659807
2025-03-12,2314,2362,2305,2324,768985
2025-03-13,2343,2362,2291,2295,723292
2025-03-14,2295,2300,2262,2272,963584
2025-03-17,2272,2286,2267,2267,731050
2025-03-18,2267,2276,2195,2238,1520810
2025-03-19,2238,2243,2210,2224,814050
2025-03-20,2214,2238,2205,2205,845986
2025-03-21,2205,2219,2186,2195,830215
2025-03-24,2195,2205,2157,2167,1062840
2025-03-25,2181,2195,2157,2176,851078
2025-03-26,2157,2191,2153,2181,731383
2025-03-27,2157,2176,2114,2119,1133951
2025-03-28,2119,2124,2067,2076,1105960
2025-03-31,2052,2072,2000,2014,720072
2025-04-01,2014,2052,2000,2024,522568
2025-04-02,2029,2038,1981,1981,590192
2025-04-03,1952,1967,1919,1943,472262
2025-04-04,1886,2005,1886,1972,538995
2025-04-07,1895,1929,1884,1905,748392
2025-04-08,1914,1938,1902,1902,370781
2025-04-09,1898,1919,1843,1843,589553
2025-04-10,1957,1972,1905,1933,580158
2025-04-11,1896,1943,1876,1914,567017
2025-04-14,1929,1952,1914,1948,280640
2025-04-15,1938,1991,1933,1976,352734
2025-04-16,2000,2000,1933,1933,259591
2025-04-17,1929,1962,1924,1957,166992
2025-04-18,1972,1995,1952,1972,304155
2025-04-21,1981,1991,1962,1981,218274
2025-04-22,1981,1991,1957,1991,196900
2025-04-23,2000,2010,1981,2000,194555
2025-04-24,2014,2038,2005,2038,466456
2025-04-25,2052,2110,2043,2076,379979
2025-04-28,2095,2110,2052,2057,208110
2025-04-29,2057,2081,2024,2081,274538
2025-04-30,2081,2095,2038,2038,291407
2025-05-02,2038,2091,2024,2052,264744
2025-05-07,2095,2148,2095,2129,824659
2025-05-08,2129,2143,2057,2091,515216
2025-05-09,2076,2091,2048,2062,277461
2025-05-12,2067,2091,2029,2076,263516
2025-05-13,2067,2091,2067,2072,331654
2025-05-14,2062,2091,2062,2081,189565
2025-05-15,2100,2105,2057,2076,190096
2025-05-16,2048,2072,2029,2033,420760
2025-05-19,2014,2024,1981,1991,433816
2025-05-20,1991,2000,1943,1948,399873
2025-05-21,1933,1972,1933,1957,256274
2025-05-22,1962,1995,1938,1938,403353
2025-05-23,1948,1981,1933,1981,362861
2025-05-26,1976,2005,1967,1981,319778
2025-05-27,1991,1991,1957,1976,240693
2025-05-28,1976,1991,1962,1976,519947
2025-05-29,1991,2000,1943,1976,517431
2025-05-30,1986,1995,1943,1943,1659281
2025-06-02,1943,1952,1929,1938,346939
2025-06-04,1914,1962,1914,1943,337257
2025-06-05,1952,1967,1933,1943,456099
2025-06-09,1957,1967,1938,1967,444187
2025-06-10,1967,2038,1967,2024,553615
2025-06-11,2038,2095,1995,2062,825415
2025-06-12,2086,2091,2038,2048,532903
2025-06-13,2043,2048,1948,1957,723995
2025-06-16,1905,1943,1905,1929,584001
2025-06-17,1948,1952,1924,1924,408488
2025-06-18,1933,1952,1905,1919,461428
2025-06-19,1948,1952,1905,1919,250163
2025-06-20,1924,1929,1905,1910,304878
2025-06-23,1910,1914,1900,1901,522857
2025-06-24,1952,2033,1943,2005,915976
2025-06-25,2057,2057,1972,2024,607149
2025-06-26,2038,2038,1952,1981,519229
2025-06-27,1995,2010,1938,1943,352395
2025-06-30,1924,1952,1924,1933,275506
2025-07-01,1933,1952,1914,1914,1085543
2025-07-02,1929,1933,1905,1929,685467
2025-07-03,1929,1957,1924,1943,1256725
2025-07-04,1943,1952,1910,1914,1007869
2025-07-07,1914,1919,1905,1914,546183
2025-07-08,1910,1943,1905,1933,864691
2025-07-09,1933,1938,1914,1929,526175
2025-07-10,1929,1933,1905,1929,989741
2025-07-11,1929,1948,1924,1933,803343
2025-07-14,1938,1948,1910,1938,580723
2025-07-15,1919,1933,1910,1910,639867
2025-07-16,1910,1919,1900,1901,943637
2025-07-17,1903,1910,1895,1897,1038544
2025-07-18,1897,1897,1876,1877,1323879
2025-07-21,1877,1877,1852,1854,1172929
2025-07-22,1870,1874,1854,1864,478109
2025-07-23,1864,1868,1850,1852,319323
2025-07-24,1852,1860,1844,1844,503872
2025-07-25,1843,1849,1840,1842,409945
2025-07-28,1842,1852,1748,1778,1786382
2025-07-29,1778,1778,1748,1748,937452
2025-07-30,1750,1804,1738,1773,636606
2025-07-31,1773,1807,1767,1796,393846
2025-08-01,1796,1796,1738,1742,591725
2025-08-04,1743,1800,1724,1768,423180
2025-08-05,1750,1786,1750,1785,317139
2025-08-06,1779,1952,1779,1836,2168425
2025-08-07,1840,1890,1838,1856,699522
2025-08-08,1800,1849,1750,1809,1794630
2025-08-11,1810,1817,1771,1776,570624
2025-08-12,1776,1788,1771,1771,387635
2025-08-13,1776,1791,1770,1791,257454
2025-08-14,1791,1809,1775,1791,274241
2025-08-18,1791,1791,1762,1767,217728
2025-08-19,1791,1791,1756,1756,247937
2025-08-20,1755,1755,1725,1732,474971
2025-08-21,1732,1745,1732,1736,184099
2025-08-22,1736,1773,1736,1773,353433
2025-08-25,1773,1798,1762,1789,321321
2025-08-26,1764,1791,1764,1782,257838
2025-08-27,1784,1795,1771,1772,221850
2025-08-28,1750,1781,1750,1768,185391
2025-08-29,1769,1771,1751,1754,215886
2025-09-01,1754,1761,1737,1738,219276
2025-09-02,1738,1755,1738,1744,151769
2025-09-03,1739,1767,1737,1765,167083
2025-09-04,1767,1799,1767,1779,300678
2025-09-05,1779,1797,1765,1772,150009
2025-09-08,1773,1806,1758,1788,348540
2025-09-09,1798,1833,1798,1821,598601
2025-09-10,1823,1830,1803,1811,291859
2025-09-11,1811,1842,1811,1842,480339
2025-09-12,1842,1850,1825,1850,442510
2025-09-15,1850,1855,1813,1847,500278
2025-09-16,1828,1837,1810,1812,401976
2025-09-17,1814,1829,1796,1824,294770
2025-09-18,1825,1832,1804,1807,299030
2025-09-19,1806,1809,1793,1805,260351
2025-09-22,1805,1824,1794,1794,304151
2025-09-23,1811,1811,1772,1772,423483
2025-09-24,1799,1799,1753,1753,335165
2025-09-25,1754,1767,1751,1755,235436
2025-09-26,1755,1767,1739,1741,336205
2025-09-29,1748,1758,1738,1741,255898
2025-09-30,1742,1794,1741,1774,277369
2025-10-01,1757,1785,1741,1744,265832
2025-10-02,1745,1842,1724,1791,1986345
2025-10-10,1791,1810,1751,1767,630525
2025-10-13,1762,1762,1728,1749,446571
2025-10-14,1748,1767,1733,1734,527167
2025-10-15,1734,1734,1734,1734,0
2025-10-16,1734,1734,1734,1734,0
2025-10-17,1734,1734,1734,1734,0
2025-10-20,1734,1734,1734,1734,0
2025-10-21,1734,1734,1734,1734,0
2025-10-22,1734,1734,1734,1734,0
2025-10-23,1734,1734,1734,1734,0
2025-10-24,1734,1734,1734,1734,0
2025-10-27,1734,1734,1734,1734,0
2025-10-28,1734,1734,1734,1734,0
2025-10-29,1734,1734,1734,1734,0
2025-10-30,1734,1734,1734,1734,0
2025-10-31,1734,1734,1734,1734,0
2025-11-03,1734,1734,1734,1734,0
2025-11-04,1734,1734,1734,1734,0
2025-11-05,1734,1762,1562,1630,1744021
2025-11-06,1619,1652,1560,1567,1115849
2025-11-07,1567,1590,1519,1529,615319
2025-11-10,1529,1695,1524,1559,1452704
2025-11-11,1559,1636,1559,1634,434479
2025-11-12,1643,1676,1626,1656,455968
2025-11-13,1629,1680,1629,1656,499172
2025-11-14,1619,1656,1571,1588,660803
2025-11-17,1588,1589,1548,1551,476109
2025-11-18,1535,1552,1529,1535,285237
2025-11-19,1529,1604,1529,1535,762051
2025-11-20,1535,1578,1533,1546,348246
2025-11-21,1542,1543,1518,1537,451915
2025-11-24,1525,1537,1512,1518,371744
2025-11-25,1514,1524,1505,1513,279498
2025-11-26,1529,1542,1505,1527,323850
2025-11-27,1512,1546,1512,1513,237504
2025-11-28,1515,1524,1509,1511,295171
2025-12-01,1511,1530,1505,1524,302952
2025-12-02,1524,1557,1514,1514,448111
2025-12-03,1524,1529,1508,1509,273717
2025-12-04,1509,1519,1499,1502,374921
2025-12-05,1509,1512,1493,1493,346423
2025-12-08,1493,1642,1473,1492,1451320
2025-12-09,1513,1513,1473,1495,281528
2025-12-10,1491,1500,1486,1490,168401
2025-12-11,1488,1548,1488,1488,568853
2025-12-12,1486,1499,1444,1460,907025
2025-12-15,1428,1467,1428,1449,479160
2025-12-16,1449,1454,1435,1436,284948
2025-12-17,1446,1446,1407,1409,572158
2025-12-18,1408,1408,1373,1373,483501
2025-12-19,1374,1379,1329,1356,675892
2025-12-22,1356,1421,1356,1412,475299
2025-12-23,1412,1412,1360,1361,344530
2025-12-24,1362,1419,1357,1409,377992
2025-12-26,1409,1460,1366,1366,700845
2025-12-29,1366,1391,1334,1381,352169
2025-12-30,1390,1394,1378,1381,256866
2026-01-02,1381,1414,1355,1414,387332
2026-01-05,1428,1458,1363,1372,665710
2026-01-06,1372,1387,1352,1377,460086
2026-01-07,1378,1398,1344,1352,603484
2026-01-08,1352,1352,1243,1245,2244114
2026-01-09,1256,1288,1256,1281,613894
2026-01-12,1282,1356,1282,1354,903958
2026-01-13,1354,1388,1334,1386,655756
2026-01-14,1403,1420,1379,1386,521057
2026-01-15,1387,1456,1381,1432,1131135
2026-01-16,1441,1503,1414,1449,1052463
2026-01-19,1457,1458,1415,1433,587441
2026-01-20,1424,1504,1424,1487,798351
2026-01-21,1483,1483,1389,1413,841440
2026-01-22,1413,1438,1400,1413,551167
2026-01-23,1413,1419,1372,1413,457528
2026-01-26,1413,1438,1404,1436,749181
2026-01-27,1428,1483,1419,1449,1009703
2026-01-28,1491,1491,1421,1425,1064635
2026-01-29,1425,1432,1375,1428,809856
2026-01-30,1427,1427,1370,1387,1160317
2026-02-02,1387,1389,1335,1347,775583
2026-02-03,1354,1379,1344,1377,390028
2026-02-04,1376,1391,1363,1387,523055
2026-02-05,1387,1440,1376,1408,780857
2026-02-06,1408,1418,1334,1370,449350
2026-02-09,1373,1452,1373,1430,852869
2026-02-10,1433,1566,1433,1540,2372332
2026-02-11,1566,1569,1479,1518,986935
2026-02-12,1521,1522,1473,1475,661571
2026-02-13,1475,1475,1440,1442,566976
2026-02-19,1442,1447,1380,1399,870867
2026-02-20,1399,1400,1331,1348,1638701
2026-02-23,1350,1421,1347,1403,1342549
2026-02-24,1405,1410,1378,1400,545292
2026-02-25,1400,1435,1382,1382,1608066
2026-02-26,1390,1405,1338,1346,1156954
2026-02-27,1347,1355,1330,1337,589396
2026-03-03,1285,1296,1245,1282,1213268
2026-03-04,1244,1264,1153,1158,1306459
2026-03-05,1175,1255,1175,1209,664370
2026-03-06,1209,1231,1174,1189,541563
2026-03-09,1185,1187,1039,1072,3616016
2026-03-10,1101,1147,1101,1135,849236
