ticker,entry_date,exit_date,entry_price,exit_price,pnl_pct,pnl_amount,hold_days,exit_reason
071050,2020-01-13,2020-01-31,69500.0,66500.0,-0.047083982916049365,-1176119.8999999985,12,TRAIL
028050,2020-01-13,2020-02-03,19200.0,16550.0,-0.1415508883533936,-3537173.25,13,TRAIL
051900,2020-01-13,2020-02-03,1344000.0,1250000.0,-0.07374934004466295,-1786195.8000000007,13,TRAIL
006800,2020-01-13,2020-02-03,7410.0,6800.0,-0.08607934882981737,-2151381.0735,13,TRAIL
000080,2020-01-13,2020-02-12,27350.0,29750.0,0.0832967133500313,2082356.7049999982,20,REBALANCE
010120,2020-01-13,2020-02-12,51800.0,49600.0,-0.046392401633873814,-1159638.9799999967,20,REBALANCE
055550,2020-01-13,2020-02-12,41200.0,38450.0,-0.0705695125363115,-1763949.3450000025,20,REBALANCE
086280,2020-01-13,2020-02-12,69526.0,73529.0,0.05324450408480797,1330502.3034500033,20,REBALANCE
010780,2020-01-13,2020-02-12,30100.0,30450.0,0.007484996904722378,186987.16750000045,20,REBALANCE
051600,2020-01-13,2020-02-21,37150.0,35450.0,-0.049668318849205036,-1241385.6000000015,27,TRAIL
014680,2020-01-13,2020-02-21,105500.0,103500.0,-0.022975000550314945,-572689.3999999985,27,TRAIL
012330,2020-01-13,2020-02-24,243500.0,219000.0,-0.1042992550353542,-2593459.6500000022,28,TRAIL
029780,2020-01-13,2020-02-24,37400.0,33550.0,-0.10661489287319584,-2662652.3275000006,28,TRAIL
028050,2020-02-13,2020-02-24,16650.0,14550.0,-0.12970489342661345,-3214998.09,7,TRAIL
000270,2020-01-13,2020-02-25,40150.0,38150.0,-0.05370449139156225,-1340562.0150000006,29,TRAIL
066570,2020-01-13,2020-02-27,66900.0,62400.0,-0.07108439644184968,-1775858.5949999988,31,TRAIL
005930,2020-01-13,2020-02-28,59600.0,54200.0,-0.0943282674588652,-2352683.7399999984,32,TRAIL
016360,2020-01-13,2020-02-28,37900.0,33100.0,-0.1302257021839133,-3251329.34,32,TRAIL
051900,2020-02-13,2020-02-28,1404000.0,1221000.0,-0.1339033829045315,-3199681.3499999978,11,TRAIL
035720,2020-01-13,2020-03-09,33217.0,33620.0,0.007987365993718638,199481.70894999802,38,TRAIL
071050,2020-02-13,2020-03-09,69800.0,60600.0,-0.13536066761047147,-3348500.16,17,TRAIL
007070,2020-02-13,2020-03-10,33398.0,29165.0,-0.13032035286494015,-3228866.3374500014,18,TRAIL
034310,2020-02-13,2020-03-12,22850.0,19900.0,-0.1326694214126402,-3286886.0474999994,20,TRAIL
004800,2020-02-13,2020-03-12,57851.0,50688.0,-0.12740630379089912,-3158236.9310000017,20,TRAIL
000100,2020-02-13,2020-03-12,37979.0,35884.0,-0.05903144899256208,-1463435.939799998,20,REBALANCE
036570,2020-01-13,2020-03-16,605000.0,595000.0,-0.020556525285178245,-510491.0,43,TRAIL
000270,2020-03-13,2020-03-17,27500.0,25350.0,-0.08195693134713257,-1863792.5949999988,2,TRAIL
028050,2020-03-13,2020-03-18,10850.0,8060.0,-0.26018507288047327,-5921003.177500002,3,TRAIL
138930,2020-03-13,2020-03-18,4740.0,3920.0,-0.1763826030444736,-4014323.9400000013,3,TRAIL
214320,2020-03-13,2020-03-18,26100.0,24000.0,-0.08422555440553717,-1916909.865000002,3,TRAIL
086280,2020-03-13,2020-03-18,49119.0,43617.0,-0.1156502429217942,-2627466.533999998,3,TRAIL
005380,2020-03-13,2020-03-18,86500.0,73500.0,-0.15376883058471189,-3488870.5999999978,3,TRAIL
003550,2020-03-13,2020-03-18,53373.0,47989.0,-0.10455715233871915,-2374452.2624999993,3,TRAIL
012330,2020-03-13,2020-03-18,162000.0,141000.0,-0.13319404906579654,-3024315.0,3,TRAIL
071050,2020-03-13,2020-03-18,51800.0,45550.0,-0.12425753819401131,-2822446.8150000013,3,TRAIL
088980,2020-01-13,2020-03-19,11553.0,9730.0,-0.161243588310213,-4030242.2014500014,46,TRAIL
028260,2020-03-13,2020-03-19,90000.0,76400.0,-0.15458755764204504,-3510077.7600000016,4,TRAIL
014680,2020-03-13,2020-03-19,78800.0,66200.0,-0.16333893687234294,-3711142.079999998,4,TRAIL
035720,2020-03-13,2020-03-19,30106.0,26896.0,-0.11028190164848588,-2509593.6504999995,4,TRAIL
007070,2020-03-13,2020-03-19,25316.0,22451.0,-0.11680136534721522,-2658388.7773,4,TRAIL
029780,2020-03-13,2020-03-19,28750.0,23600.0,-0.1824921340458473,-4149619.1750000007,4,TRAIL
005930,2020-03-13,2020-03-19,47450.0,42950.0,-0.09854357688868541,-2242328.329999998,4,TRAIL
105560,2020-03-13,2020-03-19,30150.0,26050.0,-0.13952511825331226,-3175486.080000002,4,TRAIL
016360,2020-03-13,2020-03-19,30100.0,24400.0,-0.19268854106813704,-3553636.1399999987,4,TRAIL
051900,2020-03-13,2020-04-10,1072000.0,1215000.0,0.12875393856766207,2901841.9499999993,20,REBALANCE
014680,2020-04-13,2020-05-15,80100.0,97900.0,0.21721686726930686,4337350.919999998,20,REBALANCE
000100,2020-05-18,2020-05-18,53070.0,44856.0,-0.15823814484456508,-3396571.702800002,0,TRAIL
094280,2020-05-18,2020-06-15,18500.0,18000.0,-0.031011633918291263,-666275.0,20,TRAIL
185750,2020-06-16,2020-06-19,89162.0,93127.0,0.04019221068871439,878996.0672499985,3,TRAIL
005930,2020-04-13,2020-07-14,48650.0,53800.0,0.10132936023880847,2023490.424999997,62,REBALANCE
094280,2020-06-16,2020-07-14,18350.0,22400.0,0.21570929126327612,4727641.2775,20,REBALANCE
007070,2020-06-16,2020-07-14,32842.0,31731.0,-0.03778538640127833,-827421.5835000016,20,REBALANCE
051900,2020-06-16,2020-07-14,1272000.0,1340000.0,0.049144898461109275,1063931.3999999985,20,REBALANCE
213500,2020-06-16,2020-07-14,14000.0,14450.0,0.027915932392034742,606863.6474999972,20,REBALANCE
036570,2020-04-13,2020-07-20,651000.0,859000.0,0.31410467823753835,6141519.0,66,TRAIL
035420,2020-04-13,2020-07-20,164500.0,263000.0,0.5922367089397343,11801731.974999998,66,TRAIL
035720,2020-04-13,2020-07-20,32313.0,62222.0,0.9177167963276175,18347360.2227,66,TRAIL
271560,2020-05-18,2020-07-27,143000.0,132000.0,-0.08070334499940453,-1733077.5,50,TRAIL
003230,2020-04-13,2020-07-30,95600.0,120000.0,0.25008959362005656,5002636.539999999,74,TRAIL
181710,2020-06-16,2020-08-12,43295.0,41053.0,-0.05566748948952383,-60322.390000000014,41,TRAIL
002390,2020-07-15,2020-08-12,33050.0,35650.0,0.0742512222895258,1825420.9749999978,20,TRAIL
000660,2020-04-13,2020-08-12,83200.0,81000.0,-0.03042930917905943,-608311.1999999993,83,REBALANCE
006280,2020-05-18,2020-08-12,152500.0,295000.0,0.926504192309991,19803612.5,62,REBALANCE
000120,2020-07-15,2020-08-12,163000.0,157000.0,-0.0407543594804625,-997590.0,20,REBALANCE
185750,2020-07-15,2020-08-12,100655.0,137115.0,0.35664869360297247,8769300.829999998,20,REBALANCE
079550,2020-07-15,2020-08-12,29250.0,36600.0,0.24615768788969597,6047841.307499997,20,REBALANCE
000080,2020-04-13,2020-08-18,29050.0,39300.0,0.3472996587487212,6949252.359999999,86,TRAIL
009150,2020-05-18,2020-08-20,120000.0,124500.0,0.03325113619337765,711061.0500000007,67,TRAIL
014680,2020-06-16,2020-08-20,112500.0,147000.0,0.3013154871897317,6583773.1499999985,46,TRAIL
036570,2020-08-13,2020-08-20,840000.0,783000.0,-0.07167453856636297,-1808275.5,4,TRAIL
090430,2020-08-13,2020-08-20,186000.0,172500.0,-0.07637869675679426,-1976965.7250000015,4,TRAIL
009450,2020-08-13,2020-08-20,58100.0,49050.0,-0.15922330455948117,-4139896.0874999985,4,TRAIL
028260,2020-07-15,2020-08-27,110000.0,111000.0,0.0049583887620145315,121769.14999999851,30,TRAIL
003230,2020-08-13,2020-09-01,121000.0,106000.0,-0.12755455193469667,-3306695.9000000022,12,TRAIL
271560,2020-08-13,2020-09-02,150000.0,139000.0,-0.07712830245217994,-2003781.1499999985,13,TRAIL
004370,2020-05-18,2020-09-07,330000.0,343000.0,0.03513731935546848,754562.25,79,TRAIL
006890,2020-08-13,2020-09-09,8170.0,9080.0,0.10683167234057823,2780490.467,18,TRAIL
181710,2020-08-13,2020-09-11,41470.0,41575.0,-0.0015737086820856569,-40900.80549999699,20,REBALANCE
035420,2020-08-13,2020-09-18,310000.0,298000.0,-0.04264644046443367,-1098554.8000000007,25,TRAIL
002390,2020-08-13,2020-09-21,36000.0,34200.0,-0.0538905258952206,-1402333.3800000027,26,TRAIL
035720,2020-08-13,2020-09-22,72057.0,70853.0,-0.020735856500359154,-538517.4840000011,27,TRAIL
039490,2020-08-13,2020-09-22,115499.0,101500.0,-0.1248034353304028,-3247030.991250001,27,TRAIL
000100,2020-06-16,2020-09-24,44267.0,51899.0,0.16760698765895352,3669427.5045999996,71,TRAIL
251270,2020-08-13,2020-09-24,156000.0,167500.0,0.06932076189305382,1797194.8500000015,29,TRAIL
003230,2020-09-14,2020-09-24,110500.0,97200.0,-0.12396436405825609,-3085608.375,8,TRAIL
207940,2020-09-14,2020-09-24,1124343.0,978891.0,-0.13293171472640444,-3291919.9037999995,8,TRAIL
000080,2020-09-14,2020-09-24,37700.0,33800.0,-0.10711991554539864,-2672465.965,8,TRAIL
271560,2020-09-14,2020-09-24,140000.0,128000.0,-0.08945855123750547,-2231870.8000000007,8,TRAIL
006890,2020-09-14,2020-09-24,9250.0,8120.0,-0.12575716304628065,-3137409.501000002,8,TRAIL
004370,2020-09-14,2020-10-14,346000.0,302000.0,-0.1307421320972212,-3260793.6000000015,18,TRAIL
192080,2020-07-15,2020-10-16,68084.0,58431.0,-0.14529539854148635,-2040155.6183000002,62,TRAIL
008490,2020-05-18,2020-10-16,50600.0,56300.0,0.10809160374660061,2321707.4000000022,104,REBALANCE
028260,2020-09-14,2020-10-16,114500.0,102000.0,-0.11281851198632498,-2806368.7750000022,20,REBALANCE
005380,2020-09-14,2020-10-16,174500.0,172000.0,-0.018363266198027087,-455546.65000000224,20,REBALANCE
066570,2020-09-14,2020-10-16,93500.0,89900.0,-0.04244028458182181,-1056746.1799999997,20,REBALANCE
009150,2020-09-14,2020-10-16,146000.0,137000.0,-0.06548667662325312,-1627248.5,20,REBALANCE
000080,2020-10-19,2020-10-30,38200.0,33500.0,-0.1266280688203331,-2920181.2650000006,9,TRAIL
251270,2020-10-19,2020-10-30,136000.0,117000.0,-0.14322903660790104,-3295761.950000003,9,TRAIL
271560,2020-10-19,2020-10-30,128500.0,108500.0,-0.15909991447578484,-3663745.1500000022,9,TRAIL
006890,2020-10-19,2020-10-30,8100.0,7650.0,-0.059423329837353635,-1370473.8299999982,9,TRAIL
192080,2020-10-19,2020-11-11,57669.0,51487.0,-0.11085425822625167,-2553682.194000002,17,TRAIL
014680,2020-09-14,2020-11-16,152000.0,173000.0,0.13349680761860705,3311320.5500000007,41,REBALANCE
003230,2020-10-19,2020-11-16,100500.0,99800.0,-0.011031940134517006,-254186.56500000134,20,REBALANCE
004370,2020-10-19,2020-11-16,296000.0,299500.0,0.007680609866221347,175257.7749999985,20,REBALANCE
139480,2020-10-19,2020-11-16,157500.0,161000.0,0.01803592535251131,415213.05000000075,20,REBALANCE
009450,2020-10-19,2020-11-16,54400.0,55200.0,0.010550367077860362,239033.59999999776,20,REBALANCE
000640,2020-11-17,2020-11-26,124342.0,122400.0,-0.01964954357273519,-452523.5604999997,7,TRAIL
018670,2020-10-19,2020-12-08,119500.0,105000.0,-0.12493728446596043,-2869857.6000000015,36,TRAIL
002390,2020-10-19,2020-12-15,32100.0,33150.0,0.028481031860089875,656264.7225000001,41,REBALANCE
039490,2020-10-19,2020-12-15,96000.0,134000.0,0.39011699046096987,8998632.0,41,REBALANCE
000080,2020-11-17,2020-12-15,34250.0,31900.0,-0.07242743837287854,-1666423.4675000012,20,REBALANCE
005380,2020-11-17,2020-12-15,179500.0,188500.0,0.04583865045448431,1054400.0,20,REBALANCE
066570,2020-11-17,2020-12-15,86600.0,93400.0,0.07410507938964875,1702593.1999999993,20,REBALANCE
051900,2020-11-17,2020-12-15,1543000.0,1593000.0,0.028176411125909063,609366.8000000007,20,REBALANCE
005090,2020-12-16,2021-01-18,35200.0,37700.0,0.06663657816238604,1575712.6550000012,20,TRAIL
084010,2020-12-16,2021-01-18,6801.0,7035.0,0.030170509031508242,713443.1087999977,20,TRAIL
195870,2020-11-17,2021-01-18,19100.0,28250.0,0.47300042124331887,10889815.79,41,REBALANCE
192080,2020-11-17,2021-01-18,51910.0,52927.0,0.015416077136413476,354917.8005499989,41,REBALANCE
009150,2020-11-17,2021-01-18,153000.0,197500.0,0.2855632689074232,4636591.050000001,41,REBALANCE
018880,2020-12-16,2021-01-18,14872.0,16220.0,0.08617364103362898,2037480.5416,20,REBALANCE
018670,2020-12-16,2021-01-18,108000.0,101500.0,-0.06403399978913138,-1509350.25,20,REBALANCE
005930,2020-12-16,2021-01-18,74100.0,85000.0,0.14240081396272825,3359363.129999999,20,REBALANCE
000100,2020-10-19,2021-01-28,52568.0,59755.0,0.13206296456381503,3044218.0628999993,70,TRAIL
001500,2020-12-16,2021-01-28,11447.0,11849.0,0.03087926127898656,730057.3281999975,28,TRAIL
008730,2021-01-19,2021-01-29,23250.0,22300.0,-0.04478817102267873,-1141562.1374999993,8,TRAIL
000640,2021-01-19,2021-01-29,121427.0,109285.0,-0.1036800202023842,-2634242.6461999975,8,TRAIL
251270,2020-11-17,2021-02-18,125000.0,130000.0,0.035740897967337565,822986.0,62,REBALANCE
044450,2020-11-17,2021-02-18,10450.0,10900.0,0.03879055832204451,893226.3275000006,62,REBALANCE
004370,2020-12-16,2021-02-18,297000.0,287000.0,-0.03762743551985927,-883867.8000000007,41,REBALANCE
014280,2021-01-19,2021-02-18,5380.0,5490.0,0.01626707353458028,414606.01000000164,20,REBALANCE
005960,2021-01-19,2021-02-18,13300.0,13000.0,-0.026559306421675127,-676876.5299999975,20,REBALANCE
123890,2021-01-19,2021-02-18,3950.0,4050.0,0.021117487041800633,538221.9499999993,20,REBALANCE
084010,2021-01-19,2021-02-18,7035.0,8768.0,0.24123560677076358,6148840.778849997,20,REBALANCE
000180,2021-01-19,2021-02-18,2170.0,2500.0,0.1473556562027402,3756079.4235000014,20,REBALANCE
207940,2020-10-19,2021-02-23,1006527.0,1105434.0,0.09376790362728038,2078746.2003000006,86,TRAIL
136490,2021-02-19,2021-02-26,21100.0,17850.0,-0.1574929352571556,-4235172.3424999975,5,TRAIL
094280,2021-02-19,2021-03-04,22200.0,19300.0,-0.1341909506769918,-3608782.6500000022,8,TRAIL
026960,2020-10-19,2021-03-05,28800.0,33550.0,0.1601598266160582,3694326.0,93,TRAIL
000640,2021-02-19,2021-03-05,118027.0,103942.0,-0.12294367116356525,-3297710.7086500004,9,TRAIL
035720,2020-10-19,2021-03-09,71856.0,88516.0,0.22680779995456796,5221197.888,95,TRAIL
192080,2021-02-19,2021-03-09,51317.0,45136.0,-0.12404943835800122,-3333165.6872499995,11,TRAIL
004360,2021-02-19,2021-03-10,15150.0,13200.0,-0.13228104511494956,-3557280.7125000022,12,TRAIL
036570,2020-09-14,2021-03-22,824000.0,932000.0,0.12643590938382027,3129090.0,125,REBALANCE
008490,2020-12-16,2021-03-22,51000.0,51200.0,-0.00018978175098631527,-4486.469999998808,62,REBALANCE
104700,2021-01-19,2021-03-22,7230.0,9020.0,0.2424703292458486,6179624.3565,41,REBALANCE
014790,2021-02-19,2021-03-22,5200.0,4985.0,-0.045272119754589925,-1218023.9560000002,20,REBALANCE
000100,2021-02-19,2021-03-22,56688.0,53885.0,-0.0533388851973491,-1434870.0243000016,20,REBALANCE
023350,2021-02-19,2021-03-22,7480.0,6820.0,-0.09196923537931373,-2473885.8319999985,20,REBALANCE
005930,2021-02-19,2021-03-22,82300.0,82000.0,-0.007725562747433332,-207513.66999999806,20,REBALANCE
001500,2021-02-19,2021-03-22,11088.0,11089.0,-0.004005472170207785,-107735.66625000164,20,REBALANCE
026960,2021-03-23,2021-03-29,35900.0,31500.0,-0.1261560347661471,-3178481.210000001,4,TRAIL
016710,2020-10-19,2021-04-20,22500.0,31600.0,0.3986928365712763,9196446.719999999,125,REBALANCE
139480,2021-02-19,2021-04-20,183500.0,171000.0,-0.07193621068740967,-1929459.3499999978,41,REBALANCE
192820,2021-03-23,2021-04-20,122529.0,135273.0,0.09948679724435452,2501827.4415000007,20,REBALANCE
007610,2021-03-23,2021-04-20,3495.0,4050.0,0.15405266775825827,3883734.56625,20,REBALANCE
004360,2021-03-23,2021-04-20,13500.0,13750.0,0.014347389391089137,361646.8125,20,REBALANCE
207940,2021-03-23,2021-04-20,1045799.0,1217432.0,0.1593492271442619,4004133.7619999982,20,REBALANCE
161000,2021-03-23,2021-04-20,11200.0,13650.0,0.2137588648054738,5388124.420000002,20,REBALANCE
002310,2021-03-23,2021-04-20,8800.0,10860.0,0.22903694841840969,5773048.822999999,20,REBALANCE
034220,2021-03-23,2021-04-20,21073.0,22876.0,0.08111403864865423,2044981.8107500002,20,REBALANCE
009410,2021-03-23,2021-04-20,25534.0,26246.0,0.02367490435267082,596737.257199999,20,REBALANCE
058850,2021-03-23,2021-04-20,2905.0,3005.0,0.030187143648831405,761090.5205000006,20,REBALANCE
130660,2021-03-23,2021-04-20,4640.0,5180.0,0.1118074128545277,2818691.541000001,20,REBALANCE
009450,2021-03-23,2021-04-20,51400.0,54800.0,0.06178167480937788,1554643.4700000025,20,REBALANCE
009580,2021-03-23,2021-04-20,5090.0,5110.0,-0.0001821088459469896,-4590.815999999642,20,REBALANCE
047810,2021-03-23,2021-04-28,38250.0,33000.0,-0.1407880936922539,-3547500.0749999993,26,TRAIL
009150,2021-02-19,2021-05-03,199000.0,177000.0,-0.114195308560984,-1205803.0,50,TRAIL
020150,2021-04-21,2021-05-03,74800.0,66500.0,-0.11460343332440419,-3089590.1999999993,8,TRAIL
104700,2021-04-21,2021-05-03,11600.0,11000.0,-0.05560760298071005,-1502753.3299999982,8,TRAIL
035420,2020-10-19,2021-05-11,293500.0,349000.0,0.18422740594483306,4222368.150000002,139,TRAIL
014830,2021-03-23,2021-05-12,78366.0,92468.0,0.1751182488044729,4410250.618500002,35,TRAIL
017810,2021-04-21,2021-05-20,17900.0,20200.0,0.12387011919532766,3347496.1000000015,19,TRAIL
001750,2021-04-21,2021-05-21,13450.0,14300.0,0.05884292543129294,1590241.4324999973,20,REBALANCE
002840,2021-04-21,2021-05-21,222500.0,213000.0,-0.04661706453309037,-1256491.2250000015,20,REBALANCE
097950,2021-04-21,2021-05-21,417500.0,440000.0,0.04957622087892337,1326200.0,20,REBALANCE
227840,2021-04-21,2021-05-21,15500.0,14850.0,-0.045859036301801354,-1238952.182500001,20,REBALANCE
006360,2021-04-21,2021-05-21,45750.0,43700.0,-0.048720528768964926,-1316601.2250000015,20,REBALANCE
029460,2021-04-21,2021-05-21,28750.0,27550.0,-0.045663486989961595,-1234160.5650000013,20,REBALANCE
138040,2021-05-24,2021-06-10,17850.0,17150.0,-0.04315037706637376,-1166704.5600000024,13,TRAIL
006800,2021-04-21,2021-06-18,10100.0,9500.0,-0.06325794643091134,-1709757.7199999988,40,TRAIL
183190,2021-05-24,2021-06-18,14450.0,12700.0,-0.12470658742446196,-3371830.1925000027,19,TRAIL
104700,2021-05-24,2021-06-21,11200.0,9840.0,-0.1250265765797904,-3380000.188000001,20,TRAIL
086790,2021-04-21,2021-06-21,41750.0,44500.0,0.06150322338891122,1660680.2750000022,41,REBALANCE
123890,2021-04-21,2021-06-21,4840.0,4745.0,-0.023643006823145126,-639036.5975000001,41,REBALANCE
005930,2021-04-21,2021-06-21,83300.0,79900.0,-0.0447444622357758,-1209006.0,41,REBALANCE
020150,2021-05-24,2021-06-21,66900.0,69700.0,0.03758682000004933,1014532.3500000015,20,REBALANCE
035420,2021-05-24,2021-06-21,356500.0,397000.0,0.10904395429127471,2918915.625,20,REBALANCE
016610,2021-05-24,2021-06-21,7430.0,7310.0,-0.020179888686556888,-545646.2149999999,20,REBALANCE
105560,2021-05-24,2021-06-21,56100.0,55100.0,-0.02184760252981796,-590215.8599999994,20,REBALANCE
000660,2021-05-24,2021-06-21,122000.0,122000.0,-0.004095290416021548,-110544.19999999925,20,REBALANCE
300720,2021-05-24,2021-06-21,16550.0,15450.0,-0.07028835268444308,-1008552.2599999998,20,REBALANCE
039130,2021-04-21,2021-06-24,62029.0,78049.0,0.2531133288997072,6837513.613500003,44,TRAIL
090430,2021-06-22,2021-07-07,279500.0,244000.0,-0.13058765961184005,-3544498.825000003,11,TRAIL
183190,2021-06-22,2021-07-20,12550.0,11650.0,-0.07551475166108773,-2053203.1999999993,20,TRAIL
031440,2021-06-22,2021-07-20,99900.0,95700.0,-0.04596515808621884,-1245841.1999999993,20,REBALANCE
016590,2021-06-22,2021-07-20,8710.0,8970.0,0.025633208377530046,697165.1180000007,20,REBALANCE
003570,2021-06-22,2021-07-20,10250.0,10750.0,0.0444854271246603,1209725.0,20,REBALANCE
009410,2021-06-22,2021-07-20,25431.0,25025.0,-0.019994677466908188,-543686.1192000024,20,REBALANCE
006360,2021-06-22,2021-07-20,41400.0,43650.0,0.050029965539629406,1360296.3599999994,20,REBALANCE
082640,2021-06-22,2021-07-20,5580.0,5360.0,-0.04336035065051534,-1179170.7719999999,20,REBALANCE
001500,2021-06-22,2021-07-20,11983.0,11402.0,-0.05238208306129328,-1424619.8654499985,20,REBALANCE
027410,2021-06-22,2021-07-20,6680.0,6210.0,-0.0741664301621997,-336289.017,20,REBALANCE
035720,2021-03-23,2021-07-21,99553.0,145000.0,0.4505457684818828,11316000.540600002,84,TRAIL
007610,2021-07-21,2021-07-26,5030.0,4355.0,-0.13774055462460721,-3697750.8592500016,3,TRAIL
016090,2021-06-22,2021-07-30,2970.0,2810.0,-0.05774672258216175,-1570585.634999998,28,TRAIL
009580,2021-06-22,2021-07-30,5450.0,5010.0,-0.08449860641913175,-2297858.2479999997,28,TRAIL
000720,2021-07-21,2021-08-17,56237.0,49038.0,-0.1315828520621809,-3526367.293400001,18,TRAIL
344820,2021-07-21,2021-08-17,65100.0,64500.0,-0.013274135665643462,-355572.5399999991,18,TRAIL
005490,2021-05-24,2021-08-19,357500.0,313500.0,-0.1266681777494343,-3400196.25,62,TRAIL
039130,2021-07-21,2021-08-19,76193.0,67109.0,-0.12283058607127681,-3288727.318500001,20,TRAIL
010950,2021-07-21,2021-08-19,96400.0,87900.0,-0.09190846501626854,-2465905.8699999973,20,TRAIL
014830,2021-05-24,2021-08-19,88537.0,141591.0,0.5926803905113691,16023019.145,62,REBALANCE
003540,2021-05-24,2021-08-19,18250.0,18150.0,-0.009552302523331085,-258129.87000000104,62,REBALANCE
016710,2021-05-24,2021-08-19,34150.0,38600.0,0.1256785297201045,3394517.4250000007,62,REBALANCE
086790,2021-07-21,2021-08-19,42350.0,42900.0,0.008838536981172861,237212.00249999762,20,REBALANCE
090430,2021-07-21,2021-08-19,241000.0,214000.0,-0.1156696769669237,-3097837.9499999993,20,REBALANCE
060980,2021-07-21,2021-08-19,46050.0,43600.0,-0.05708044868921914,-1531578.1050000004,20,REBALANCE
093050,2021-07-21,2021-08-19,18900.0,17350.0,-0.08577001527608331,-2301297.0150000006,20,REBALANCE
178920,2021-07-21,2021-08-20,58100.0,56400.0,-0.03323535937114657,-891202.8949999996,21,TRAIL
024090,2021-08-20,2021-08-20,20000.0,16150.0,-0.19580694701093748,-5190930.670000002,0,TRAIL
035420,2021-08-20,2021-09-09,425000.0,399000.0,-0.0650212255905709,-1715279.6000000015,14,TRAIL
035720,2021-08-20,2021-09-09,146500.0,128500.0,-0.12645900899971857,-3338559.0,14,TRAIL
183190,2021-07-21,2021-09-17,11750.0,14850.0,0.25865403721890046,1971656.6400000006,41,REBALANCE
031440,2021-08-20,2021-09-17,95500.0,98000.0,0.021975513499789465,581997.7750000022,20,REBALANCE
039130,2021-08-20,2021-09-17,66913.0,86548.0,0.2881437210269181,7643882.446200002,20,REBALANCE
317400,2021-08-20,2021-09-17,9600.0,9910.0,0.02806413249762783,744442.3800000027,20,REBALANCE
000660,2021-08-20,2021-09-17,104000.0,107000.0,0.024632730052747034,651446.5,20,REBALANCE
009580,2021-08-20,2021-09-17,4570.0,4590.0,0.00026315470250784956,6980.791999999434,20,REBALANCE
003960,2021-08-20,2021-09-23,27400.0,29450.0,0.07041582836672125,1867869.2874999978,21,TRAIL
138040,2021-06-22,2021-09-27,19900.0,32650.0,0.6339843601968289,17241038.5875,65,TRAIL
005490,2021-08-20,2021-09-29,314000.0,330000.0,0.046651446378066556,1231893.6000000015,25,TRAIL
006400,2021-08-20,2021-10-05,759729.0,665742.0,-0.12729987512934626,-3292037.3265000023,28,TRAIL
178920,2021-09-23,2021-10-05,59100.0,51400.0,-0.13384937271376496,-3809325.1950000003,7,TRAIL
000720,2021-08-20,2021-10-06,47772.0,49100.0,0.02358957633285902,625032.3288000003,29,TRAIL
006360,2021-08-20,2021-10-06,39300.0,40200.0,0.018711687666054272,496208.91000000015,29,TRAIL
007340,2021-08-20,2021-10-06,8542.0,8822.0,0.02854967782133666,757358.8836000003,29,TRAIL
004800,2021-09-23,2021-10-12,93210.0,80500.0,-0.13989562148363627,-182765.331,11,TRAIL
139130,2021-04-21,2021-10-25,8010.0,10750.0,0.3365762332119561,9095886.120000001,125,REBALANCE
020150,2021-08-20,2021-10-25,78600.0,105500.0,0.33674232647722285,8929955.744999997,41,REBALANCE
138930,2021-09-23,2021-10-25,7870.0,9170.0,0.16041247609721507,4567727.372000001,20,REBALANCE
035420,2021-09-23,2021-10-25,400500.0,402500.0,0.0008780164982554968,24995.550000000745,20,REBALANCE
030200,2021-09-23,2021-10-25,32300.0,31300.0,-0.03492825356103647,-993942.4000000022,20,REBALANCE
178920,2021-10-26,2021-10-29,51800.0,45200.0,-0.13098662406957876,-3688550.1300000027,3,TRAIL
005300,2021-10-26,2021-11-04,161000.0,138500.0,-0.1432745200162671,-4018308.1500000022,7,TRAIL
018670,2021-10-26,2021-11-09,146000.0,128000.0,-0.12687806283048467,-3560736.0,10,TRAIL
060980,2021-09-23,2021-11-10,56700.0,48850.0,-0.1419762775453731,-4037715.5625,32,TRAIL
004000,2021-10-26,2021-11-10,87800.0,78800.0,-0.10618119458749993,-2986697.5999999978,11,TRAIL
005490,2021-10-26,2021-11-10,316500.0,274000.0,-0.13782657053393335,-3843160.1999999993,11,TRAIL
064350,2021-10-26,2021-11-10,23700.0,20750.0,-0.1280581129169809,-3606660.9224999994,11,TRAIL
145990,2021-10-26,2021-11-18,71500.0,62800.0,-0.12527530402973644,-3524221.6050000004,17,TRAIL
086790,2021-09-23,2021-11-23,44000.0,42500.0,-0.038046587333657254,-1082679.8500000015,41,REBALANCE
003540,2021-09-23,2021-11-23,21450.0,19950.0,-0.07373897640091516,-2099747.5199999996,41,REBALANCE
016360,2021-09-23,2021-11-23,48500.0,47000.0,-0.03489646700109307,-931933.75,41,REBALANCE
002310,2021-10-26,2021-11-23,9030.0,10360.0,0.14258834898006814,4016690.7059999965,20,REBALANCE
006360,2021-10-26,2021-11-23,41750.0,39550.0,-0.05657410145996779,-1593797.6900000013,20,REBALANCE
111770,2021-10-26,2021-11-25,46050.0,40800.0,-0.11763491528715918,-3313646.9924999997,22,TRAIL
079160,2021-11-24,2021-11-29,19004.0,16035.0,-0.15968574941175046,-4201772.30655,3,TRAIL
175330,2021-08-20,2021-11-30,7660.0,8030.0,0.0440097673576171,1167421.147500001,67,TRAIL
000720,2021-10-26,2021-11-30,51700.0,44200.0,-0.14856889432085402,-4183275.6799999997,25,TRAIL
004800,2021-10-26,2021-11-30,81655.0,69715.0,-0.1497214276082658,-3659629.1875,25,TRAIL
035720,2021-09-23,2021-12-20,116500.0,113000.0,-0.03401517439493928,-968027.299999997,60,TRAIL
006400,2021-10-26,2021-12-20,730358.0,640287.0,-0.1269146928144871,-3526390.8172999993,39,TRAIL
007340,2021-11-24,2021-12-20,12838.0,11036.0,-0.14388499961296258,-2749938.691299999,18,TRAIL
020000,2021-11-24,2021-12-22,38250.0,35900.0,-0.06528159283490656,-1717426.147500001,20,REBALANCE
051600,2021-11-24,2021-12-22,42050.0,39600.0,-0.06212065399463625,-1634485.9375,20,REBALANCE
060980,2021-11-24,2021-12-22,48550.0,47350.0,-0.02871085481356592,-754973.6150000021,20,REBALANCE
036460,2021-11-24,2021-12-22,38750.0,38900.0,-0.00024017541118039106,-6317.265000000596,20,REBALANCE
003540,2021-12-23,2021-12-30,20900.0,18650.0,-0.11130991226118668,-2806508.2624999993,5,TRAIL
181710,2021-12-23,2022-01-04,49607.0,42750.0,-0.14175567289465038,-3576401.5593999997,6,TRAIL
035420,2021-11-24,2022-01-06,399000.0,338500.0,-0.15510339800958223,-4027232.625,29,TRAIL
005300,2021-11-24,2022-01-24,136500.0,142500.0,0.039680740774483,1041148.8000000007,41,REBALANCE
003490,2021-11-24,2022-01-24,29100.0,26900.0,-0.07938705540175194,-2088476.460000001,41,REBALANCE
000720,2021-12-23,2022-01-24,45600.0,41950.0,-0.08381134721386188,-2112058.259999998,20,REBALANCE
000880,2021-12-23,2022-01-24,31600.0,29400.0,-0.0734304284250327,-1851486.789999999,20,REBALANCE
006400,2021-12-23,2022-01-24,627559.0,667700.0,0.05960646662580302,1497983.685999997,20,REBALANCE
282330,2021-12-23,2022-01-24,147000.0,153000.0,0.03655388140373256,919911.5999999978,20,REBALANCE
017670,2021-12-23,2022-02-11,62400.0,54900.0,-0.12379537570255758,-1453938.4200000018,31,TRAIL
138930,2021-11-24,2022-02-24,8780.0,7790.0,-0.11638978500464783,-3062070.9574999996,61,TRAIL
034830,2022-01-25,2022-02-24,2345.0,2150.0,-0.08691039419805817,-2143024.24275,19,TRAIL
035420,2022-01-25,2022-02-25,329500.0,314500.0,-0.04943237886445765,-1206695.8000000007,20,REBALANCE
002310,2022-01-25,2022-02-25,10320.0,9230.0,-0.10928290024611238,-2694024.2490000017,20,REBALANCE
003540,2022-01-25,2022-02-25,16750.0,16300.0,-0.03085093933021798,-760500.8249999993,20,REBALANCE
004890,2022-01-25,2022-02-25,158000.0,177000.0,0.11566540250863405,2835903.25,20,REBALANCE
100250,2022-01-25,2022-02-25,3542.0,3735.0,0.05017055062003368,1236997.452849999,20,REBALANCE
004800,2022-01-25,2022-02-25,65169.0,65863.0,0.006510332939427868,126578.42040000111,20,REBALANCE
316140,2021-12-23,2022-03-02,13450.0,13700.0,0.014415949539070836,363582.07749999687,43,TRAIL
105560,2021-12-23,2022-03-02,57600.0,57300.0,-0.009282294111771493,-233915.17500000075,43,TRAIL
003690,2022-01-25,2022-03-02,6059.0,5788.0,-0.04863897358110797,-1199052.5168000013,22,TRAIL
005830,2021-11-24,2022-03-07,56100.0,57000.0,0.011881790486395236,312312.7800000012,67,TRAIL
005090,2022-02-28,2022-03-29,53700.0,49900.0,-0.07456899425995296,-1816058.879999999,19,TRAIL
055550,2022-02-28,2022-03-30,38850.0,41200.0,0.05614604980334382,1369231.6274999976,20,REBALANCE
015230,2022-02-28,2022-03-30,4055.0,4500.0,0.10519634849023489,2566214.0557499975,20,REBALANCE
000810,2022-02-28,2022-03-30,190000.0,207500.0,0.08763277494039749,2133680.0,20,REBALANCE
004370,2022-02-28,2022-04-28,312000.0,309500.0,-0.012075296101790542,-294202.34999999776,41,REBALANCE
017670,2022-02-28,2022-04-28,54100.0,56700.0,0.0437670431314524,163565.8799999999,41,REBALANCE
001130,2022-03-31,2022-04-28,176500.0,179500.0,0.012832268387105536,319717.5,20,REBALANCE
032640,2022-03-31,2022-04-28,13800.0,13800.0,-0.004095290416021594,-102183.48000000045,20,REBALANCE
016360,2022-03-31,2022-04-28,41950.0,39100.0,-0.07175508594198918,-1790070.9750000015,20,REBALANCE
010130,2021-11-24,2022-04-29,505000.0,576000.0,0.13592299548588435,3573442.6000000015,105,TRAIL
005090,2022-03-31,2022-05-10,49800.0,48650.0,-0.027093089934527102,-675393.75,26,TRAIL
005830,2022-03-31,2022-05-10,69000.0,63200.0,-0.0878090196274285,-2189750.1900000013,26,TRAIL
005610,2022-03-31,2022-05-10,91500.0,83500.0,-0.09116892622664255,-2271621.5999999978,26,TRAIL
139130,2021-11-24,2022-05-11,9670.0,8610.0,-0.11326374875718156,-2979244.84,111,TRAIL
316140,2022-03-31,2022-05-19,15300.0,14200.0,-0.07569628260833365,-1888801.0649999976,33,TRAIL
138930,2022-02-28,2022-05-31,7820.0,7890.0,0.004819457623732642,117571.35399999842,62,REBALANCE
105560,2022-03-31,2022-05-31,60000.0,60400.0,0.0025440743145383107,63420.300000000745,41,REBALANCE
055550,2022-04-29,2022-05-31,41700.0,43050.0,0.02814622895899926,707378.5949999988,20,REBALANCE
035250,2022-04-29,2022-05-31,26700.0,28100.0,0.048124432183887345,1210502.3999999985,20,REBALANCE
003490,2022-04-29,2022-05-31,30050.0,29050.0,-0.03723687808936527,-936533.1799999997,20,REBALANCE
282330,2022-04-29,2022-06-10,178500.0,178500.0,-0.004095290416021548,-13905.149999999907,26,TRAIL
015230,2022-06-02,2022-06-10,6290.0,5720.0,-0.09434420686480814,-2353853.914999999,5,TRAIL
365550,2022-04-29,2022-06-14,7080.0,6235.0,-0.12295679883388352,-3093950.137500003,28,TRAIL
010130,2022-06-02,2022-06-15,590000.0,517000.0,-0.12731739855098842,-3158553.3000000007,8,TRAIL
086790,2022-02-28,2022-06-17,48550.0,42600.0,-0.12614746388717862,-3071882.7525000013,73,TRAIL
086280,2022-06-02,2022-06-17,106041.0,93036.0,-0.12623428144910906,-3149329.7872499973,10,TRAIL
175330,2021-12-23,2022-06-20,8640.0,7830.0,-0.0974613569395196,-2459131.636500001,116,TRAIL
024110,2022-01-25,2022-06-22,10250.0,10000.0,-0.028385649186362483,-699672.5749999993,97,TRAIL
357120,2022-06-02,2022-06-22,6586.0,5697.0,-0.13852579251443595,-3455316.729150001,13,TRAIL
316140,2022-06-02,2022-06-22,15000.0,12800.0,-0.1501613144883384,-3745571.6099999994,13,TRAIL
348950,2022-06-02,2022-06-29,5649.0,4990.0,-0.12027535832465,-3000436.5253500007,18,TRAIL
088980,2021-12-23,2022-06-30,14093.0,12449.0,-0.12027121765337774,-3034113.522,124,TRAIL
003230,2022-06-02,2022-07-01,94700.0,104000.0,0.09370738961704075,2336569.585000001,20,REBALANCE
004370,2022-06-02,2022-07-01,276500.0,285000.0,0.026520225068476858,660714.75,20,REBALANCE
010140,2022-06-02,2022-07-01,5930.0,5950.0,-0.0007364212437316475,-18371.14400000125,20,REBALANCE
086790,2022-07-04,2022-07-15,39500.0,33850.0,-0.14654748305271723,-3494555.3475,9,TRAIL
017670,2022-06-02,2022-08-01,56800.0,53600.0,-0.060202597998217526,-1311177.5199999996,41,REBALANCE
138930,2022-07-04,2022-08-01,6830.0,6750.0,-0.015760352900167855,-376214.59700000286,20,REBALANCE
005830,2022-07-04,2022-08-01,63700.0,60600.0,-0.05256161066265167,-1253657.3500000015,20,REBALANCE
348950,2022-07-04,2022-08-01,4670.0,4650.0,-0.00836040694528908,-199544.23999999836,20,REBALANCE
010130,2022-07-04,2022-08-01,481000.0,487000.0,0.008327637354256616,196499.79999999702,20,REBALANCE
030000,2022-07-04,2022-08-01,24050.0,22350.0,-0.07449188111426543,-1777447.6900000013,20,REBALANCE
024110,2022-07-04,2022-08-01,9690.0,9340.0,-0.04006708075187221,-956193.3900000006,20,REBALANCE
175330,2022-07-04,2022-08-01,7410.0,7460.0,0.002624714371994416,62639.81549999863,20,REBALANCE
088980,2022-07-04,2022-08-01,12299.0,13146.0,0.06449006522408154,1538918.222099997,20,REBALANCE
069260,2022-07-04,2022-08-01,20000.0,20350.0,0.013333042001698062,195687.17750000022,20,REBALANCE
105560,2022-07-04,2022-08-01,47950.0,47950.0,-0.004095290416021478,-2948.92499999993,20,REBALANCE
282330,2022-07-04,2022-08-12,190500.0,167000.0,-0.12694967716260158,-3026465.625,29,TRAIL
055550,2022-07-04,2022-08-31,37550.0,36600.0,-0.029291281737054257,-699231.8374999985,41,REBALANCE
003230,2022-08-02,2022-08-31,103000.0,111500.0,0.07809102056906403,1868209.0,20,REBALANCE
008870,2022-09-01,2022-09-06,93900.0,81600.0,-0.1345492619589708,-3276014.594999999,3,TRAIL
001450,2022-02-28,2022-09-14,28400.0,30200.0,0.05902543061394889,1439938.5,133,TRAIL
128940,2022-09-01,2022-09-21,294363.0,227880.0,-0.22902414630915902,-5534488.602899998,12,TRAIL
004000,2022-09-01,2022-09-26,69700.0,57900.0,-0.17269895717485864,-4205785.039999999,15,TRAIL
316140,2022-07-04,2022-09-28,12000.0,10950.0,-0.0912369525046197,-2177955.6675000004,59,TRAIL
078930,2022-09-01,2022-09-28,45150.0,41600.0,-0.08240009039438537,-2007582.307500001,17,TRAIL
015890,2022-09-01,2022-09-28,6680.0,6800.0,0.013795213348960077,15038.054000000004,17,TRAIL
035250,2022-08-02,2022-10-04,25500.0,24050.0,-0.060725166059032096,-1452605.3324999996,41,REBALANCE
005830,2022-09-01,2022-10-04,59000.0,55900.0,-0.05642248702128141,-1373095.0599999987,20,REBALANCE
010140,2022-09-01,2022-10-04,5910.0,5430.0,-0.08498095210812132,-2071094.9849999994,20,REBALANCE
086280,2022-09-01,2022-10-04,87533.0,82532.0,-0.06099405376960792,-1485946.793299999,20,REBALANCE
000100,2022-09-01,2022-10-04,51450.0,49621.0,-0.03949878339617886,-962341.889849998,20,REBALANCE
282330,2022-09-01,2022-10-04,159000.0,164000.0,0.027222467746996645,663002.5500000007,20,REBALANCE
017670,2022-09-01,2022-10-04,51800.0,50900.0,-0.02139865409605206,-1109.7249999999985,20,REBALANCE
030200,2021-12-23,2022-10-11,32450.0,33900.0,0.04040584452686814,1018637.7400000021,192,TRAIL
004990,2022-09-01,2022-10-19,41500.0,35300.0,-0.15288105425748344,-3722189.960000001,30,TRAIL
088980,2022-09-01,2022-10-19,12696.0,11105.0,-0.1288971487137617,-2806510.936949998,30,TRAIL
015890,2022-10-05,2022-10-26,7200.0,6300.0,-0.1285833791140188,-3034556.009999998,14,TRAIL
316140,2022-10-05,2022-11-03,11300.0,11400.0,0.004718025597995933,111340.25,20,REBALANCE
006260,2022-10-05,2022-11-03,59300.0,68700.0,0.15377156068160747,3624268.580000002,20,REBALANCE
128940,2022-10-05,2022-11-03,225470.0,241370.0,0.06613527188665837,1552581.4719999991,20,REBALANCE
078930,2022-10-05,2022-11-03,44400.0,46100.0,0.03403619621219389,803373.7950000018,20,REBALANCE
001450,2022-10-05,2022-11-14,30350.0,29100.0,-0.04511278257351651,-1063700.0599999987,27,TRAIL
005610,2022-11-04,2022-12-02,70000.0,70500.0,0.003018314652435444,73399.17500000075,20,REBALANCE
005500,2022-11-04,2022-12-02,25200.0,26250.0,0.03740073914997754,911500.6950000003,20,REBALANCE
097950,2022-11-04,2022-12-07,423000.0,372500.0,-0.12299171555547994,-2968863.5249999985,23,TRAIL
004360,2022-10-05,2022-12-08,15150.0,27600.0,0.8143214511232872,19218401.069999997,45,TRAIL
010130,2022-10-05,2022-12-21,604000.0,578000.0,-0.04696536069612648,-1107588.299999997,54,TRAIL
004990,2022-11-04,2022-12-29,34500.0,30800.0,-0.11090246216850624,-2700527.1750000007,39,TRAIL
267250,2022-12-05,2022-12-29,63100.0,57100.0,-0.09879304410071052,-6241.010000000002,18,TRAIL
030200,2022-11-04,2023-01-02,35800.0,32500.0,-0.09589656252851127,-2337190.6000000015,40,TRAIL
078930,2022-12-05,2023-01-03,47900.0,41600.0,-0.1350806697558768,-3627570.8000000007,20,TRAIL
028260,2022-12-05,2023-01-03,118000.0,111000.0,-0.06317438335744392,-1694135.049999997,20,REBALANCE
207940,2022-12-05,2023-01-03,1280417.0,1181810.0,-0.08079153523153655,-2071316.3809999973,20,REBALANCE
086280,2022-12-05,2023-01-03,85033.0,81532.0,-0.04509892886525322,-1209381.8152500018,20,REBALANCE
000100,2022-12-05,2023-01-03,53374.0,53213.0,-0.007099387134330471,-190817.30034999922,20,REBALANCE
006260,2022-12-05,2023-01-03,71500.0,65900.0,-0.08209621871910246,-47013.04000000004,20,REBALANCE
033780,2022-10-05,2023-01-05,87500.0,87700.0,-0.0018189367941153767,-42862.460000000894,64,TRAIL
282330,2022-12-05,2023-01-27,195000.0,184000.0,-0.06027453044383571,-670721.8499999996,36,TRAIL
006040,2023-01-04,2023-02-03,46647.0,40919.0,-0.1263870171400774,-3305318.8560000025,20,TRAIL
022100,2023-01-04,2023-02-03,6090.0,6740.0,0.10219995773333565,2673780.028499998,20,REBALANCE
000210,2023-01-04,2023-02-03,57000.0,58800.0,0.027354331991893605,714933.4200000018,20,REBALANCE
005830,2023-01-04,2023-02-03,64400.0,64800.0,0.0020904531217670534,54585.89999999851,20,REBALANCE
010130,2023-01-04,2023-02-03,522000.0,537000.0,0.02452266100880539,640777.5,20,REBALANCE
005490,2023-01-04,2023-02-03,268500.0,303000.0,0.1238701191953276,3229845.375,20,REBALANCE
069620,2023-02-06,2023-02-10,150000.0,124200.0,-0.17539090046446587,-4793677.98,4,TRAIL
030200,2023-01-04,2023-02-23,33500.0,31700.0,-0.057606588244414364,-1081942.3999999985,34,TRAIL
001450,2022-12-05,2023-03-07,29400.0,34000.0,0.15172653489303628,4077357.5700000003,62,REBALANCE
008770,2023-02-06,2023-03-07,80200.0,77400.0,-0.03886503090025028,-1064110.960000001,20,REBALANCE
001040,2023-02-06,2023-03-07,83100.0,91100.0,0.09178001255235171,2512142.009999998,20,REBALANCE
128940,2023-02-06,2023-03-07,259018.0,260981.0,0.003452296797659794,93999.71174999699,20,REBALANCE
078930,2023-01-04,2023-03-08,41500.0,40350.0,-0.03169264983822811,-828240.4674999975,42,TRAIL
004990,2023-01-04,2023-03-13,29350.0,29450.0,-0.000702088679790076,-18360.70000000298,45,TRAIL
023530,2023-02-06,2023-03-13,93800.0,82300.0,-0.12619448188953705,-3448540.6050000004,24,TRAIL
267250,2023-01-04,2023-03-14,54400.0,56000.0,0.02519602457174259,1372.2400000000052,46,TRAIL
022100,2023-03-08,2023-03-14,6920.0,6150.0,-0.11491127688707126,-3195547.4070000015,4,TRAIL
032830,2023-01-04,2023-03-16,69900.0,63800.0,-0.09100542959287805,-82791.73499999999,48,TRAIL
175330,2023-03-08,2023-03-24,9300.0,8400.0,-0.10047316553705173,-2794263.8249999993,12,TRAIL
282330,2023-02-06,2023-04-05,189200.0,189300.0,-0.003568913719624089,-11492.254999999888,41,REBALANCE
023590,2023-03-08,2023-04-05,21100.0,20700.0,-0.022975000550314914,-638694.2799999975,20,REBALANCE
000810,2023-03-08,2023-04-05,213000.0,206500.0,-0.03448674868971106,-956036.25,20,REBALANCE
068270,2023-03-08,2023-04-05,141487.0,145904.0,0.026995276931031015,405330.5538999997,20,REBALANCE
114090,2022-12-05,2023-04-21,17450.0,18050.0,0.0301478514607913,526.6849999999977,95,TRAIL
016710,2021-10-26,2023-04-24,42950.0,91100.0,1.112384611015144,31329869.9375,369,TRAIL
004690,2022-06-02,2023-04-24,159000.0,348500.0,1.1828477439623675,29373095.699999996,222,TRAIL
017390,2022-07-04,2023-04-24,237000.0,327500.0,0.37619743623946383,8926132.5,201,TRAIL
001040,2023-04-06,2023-04-24,108000.0,94900.0,-0.12489484315259676,-3511080.3000000007,12,TRAIL
005810,2023-04-06,2023-04-25,24551.0,25769.0,0.04531255188259292,1274127.4831999987,13,TRAIL
005490,2023-04-06,2023-04-26,368500.0,371500.0,0.004012481982219796,112502.80000000075,14,TRAIL
000270,2023-04-06,2023-05-08,82000.0,87100.0,0.05784512444834771,1624074.2099999972,20,REBALANCE
175330,2023-04-06,2023-05-08,8600.0,8350.0,-0.03304600871788141,-5121.404999999999,20,REBALANCE
103140,2023-02-06,2023-05-16,34400.0,40050.0,0.15947626798948644,4371864.829999998,68,TRAIL
005830,2023-04-06,2023-05-18,71000.0,75000.0,0.052012017166174394,1460354.5,28,TRAIL
271560,2023-01-04,2023-05-19,123000.0,126700.0,0.02586281873406565,675174.4200000018,92,TRAIL
001450,2023-04-06,2023-05-30,32800.0,32850.0,-0.0025771429928752878,-72441.1400000006,35,TRAIL
033780,2023-02-06,2023-06-08,92600.0,83000.0,-0.10734243093444701,-2935645.3000000007,83,REBALANCE
095720,2023-05-09,2023-06-08,3095.0,3000.0,-0.03466425565365575,-876889.1169999987,20,REBALANCE
007070,2023-05-09,2023-06-08,23049.0,20826.0,-0.10014701367539008,-2532793.582800001,20,REBALANCE
282330,2023-05-09,2023-06-08,186200.0,183500.0,-0.018536443562513237,-466486.42500000075,20,REBALANCE
267250,2023-05-09,2023-06-08,58900.0,60200.0,0.01788562847123089,452455.57499999925,20,REBALANCE
114090,2023-05-09,2023-06-12,18030.0,17830.0,-0.015142486307136166,-86373.22800000012,22,TRAIL
008770,2023-05-09,2023-06-14,82600.0,73400.0,-0.11501930165297793,-2901013.5999999978,24,TRAIL
001040,2023-05-09,2023-06-19,90400.0,79600.0,-0.12307505660525797,-3107719.620000001,27,TRAIL
003230,2023-06-09,2023-06-19,122200.0,105400.0,-0.14101181350121664,-3450292.0,6,TRAIL
004370,2022-10-05,2023-06-29,296500.0,390000.0,0.30995897719309146,7268673.4750000015,182,TRAIL
068270,2023-06-09,2023-07-07,155287.0,136704.0,-0.12327395455531905,-3008882.5254500024,20,TRAIL
003550,2023-03-08,2023-07-07,81000.0,82800.0,0.018035925352511317,501668.37000000104,83,REBALANCE
005380,2023-05-09,2023-07-07,202000.0,204000.0,0.005765152253126726,145737.5,41,REBALANCE
005490,2023-05-09,2023-07-07,363000.0,400000.0,0.09741565794377785,2442775.9499999993,41,REBALANCE
012330,2023-05-09,2023-07-07,221000.0,232500.0,0.04772780533156095,1203837.1499999985,41,REBALANCE
001450,2023-06-09,2023-07-07,33300.0,29800.0,-0.10876995959151484,-2665260.6750000007,20,REBALANCE
271560,2023-06-09,2023-07-07,126200.0,122400.0,-0.034082912416173,-835404.7399999984,20,REBALANCE
373220,2023-04-06,2023-07-12,587000.0,534000.0,-0.09401513642615943,-2596766.450000003,65,TRAIL
005830,2023-06-09,2023-07-20,80700.0,71000.0,-0.12380130879228667,-3030683.2650000006,29,TRAIL
103140,2023-06-09,2023-07-26,41900.0,38850.0,-0.07658954731891263,-1876270.8200000003,33,TRAIL
114090,2023-07-10,2023-07-26,14250.0,12890.0,-0.09914303813772063,-2305493.1900000013,12,TRAIL
066570,2023-06-09,2023-07-28,127300.0,110600.0,-0.13474421932452463,-3297151.6799999997,35,TRAIL
000880,2023-07-10,2023-08-07,28750.0,29300.0,0.0149567996803675,347415.5174999982,20,TRAIL
011760,2023-07-10,2023-08-07,21700.0,22600.0,0.03720951320727707,864961.25,20,TRAIL
006400,2023-07-10,2023-08-07,683364.0,604063.0,-0.11966508831980217,-2701672.196850002,20,TRAIL
402340,2023-07-10,2023-08-07,43950.0,46000.0,0.04235760275001142,984063.9599999972,20,REBALANCE
069260,2023-07-10,2023-08-07,21500.0,22800.0,0.05612220365184686,1304656.1999999993,20,REBALANCE
009540,2023-07-10,2023-08-17,120300.0,112700.0,-0.06701196367319735,-1557666.330000002,27,TRAIL
111770,2023-07-10,2023-08-21,62300.0,56900.0,-0.09041768899954458,-2097894.0,29,TRAIL
373220,2023-08-08,2023-09-06,517000.0,527000.0,0.01516785677128942,353286.0,20,REBALANCE
086280,2023-08-08,2023-09-06,84533.0,87384.0,0.029493063564363813,701377.1942499988,20,REBALANCE
024110,2023-08-08,2023-09-06,10530.0,10900.0,0.030898512294906585,735510.7590000033,20,REBALANCE
006400,2023-08-08,2023-09-06,607000.0,590357.0,-0.03140145529510912,-744221.5228499994,20,REBALANCE
066570,2023-08-08,2023-09-06,104100.0,100500.0,-0.0385357991048047,-915691.3200000003,20,REBALANCE
028050,2023-05-09,2023-09-07,29250.0,32750.0,0.11507279449146302,2908094.25,84,TRAIL
001740,2023-06-09,2023-09-12,4915.0,6370.0,0.2907249237131114,7127031.237500001,66,TRAIL
014530,2023-09-07,2023-09-19,4990.0,4240.0,-0.1537803670067999,-3665304.0515,8,TRAIL
111770,2023-09-07,2023-09-21,53300.0,50000.0,-0.06575543190996397,-1564922.5700000003,10,TRAIL
010140,2023-08-08,2023-09-22,8960.0,8050.0,-0.10524186248314431,-2505512.680999998,32,TRAIL
103140,2023-08-08,2023-10-04,36450.0,31900.0,-0.1284126135602494,-3055286.670000002,36,TRAIL
009540,2023-09-07,2023-10-04,118900.0,104800.0,-0.12219668995457579,-2909179.0,15,TRAIL
000660,2023-07-10,2023-10-12,111800.0,124200.0,0.10636283479722833,2464343.280000001,62,REBALANCE
032830,2023-08-08,2023-10-12,71600.0,72200.0,0.004250279776022993,101150.44000000134,41,REBALANCE
402340,2023-09-07,2023-10-12,43150.0,44600.0,0.02937080063604727,699112.932500001,20,REBALANCE
000100,2023-09-07,2023-10-18,68430.0,58860.0,-0.1433735027602957,-3408349.030500002,24,TRAIL
018260,2023-09-07,2023-10-20,149800.0,132800.0,-0.11711518402702055,-2775116.740000002,26,TRAIL
009150,2023-09-07,2023-10-26,138300.0,124100.0,-0.10635014852225791,-2532724.079999998,30,TRAIL
081660,2023-04-06,2023-10-27,35000.0,35000.0,-0.004095290416021575,-12197.5,136,TRAIL
010140,2023-10-13,2023-10-31,7680.0,6820.0,-0.11561586987464412,-2728190.618999999,12,TRAIL
005830,2023-08-08,2023-11-08,78400.0,82100.0,0.04290531450056918,1020396.4349999987,60,TRAIL
005180,2023-10-13,2023-11-10,53300.0,56900.0,0.06317031848646099,1489915.6999999993,20,REBALANCE
069960,2023-10-13,2023-11-10,54700.0,51000.0,-0.07145995998568733,-1682742.6499999985,20,REBALANCE
111770,2023-10-13,2023-11-10,48800.0,54700.0,0.11631122160335275,2744654.7449999973,20,REBALANCE
004370,2023-07-10,2023-11-16,411500.0,429000.0,0.038257886783782995,882628.5999999978,87,TRAIL
271560,2023-08-08,2023-12-07,122400.0,111900.0,-0.08952829246366688,-2128347.8100000024,81,TRAIL
066570,2023-10-13,2023-12-07,105000.0,95300.0,-0.09609791596806523,-2262822.2399999984,39,TRAIL
001740,2023-10-13,2023-12-11,5870.0,5710.0,-0.03124090430587451,-737133.9250000007,41,REBALANCE
004020,2023-10-13,2023-12-11,34700.0,34750.0,-0.0026602692206556876,-62751.48250000179,41,REBALANCE
005940,2023-11-13,2023-12-11,10250.0,10520.0,0.022138297055946485,509107.0184999965,20,REBALANCE
139130,2023-11-13,2023-12-11,8130.0,8400.0,0.0289790357325239,666334.1625000015,20,REBALANCE
018670,2023-11-13,2023-12-11,147500.0,150400.0,0.01548520895884993,354437.7250000015,20,REBALANCE
105560,2023-11-13,2023-12-11,54200.0,51600.0,-0.05186931707503155,-1190554.6499999985,20,REBALANCE
016360,2023-11-13,2023-12-11,38150.0,39650.0,0.03506216867640216,198195.6799999997,20,REBALANCE
003690,2023-10-13,2023-12-15,6163.0,6026.0,-0.026233688146510736,-618968.5095999986,45,TRAIL
005830,2023-11-13,2024-01-10,85600.0,77500.0,-0.0983339370004869,-2258453.420000002,39,TRAIL
010140,2023-11-13,2024-01-11,7230.0,7160.0,-0.013737521352519245,-315909.7604999989,40,TRAIL
103140,2023-10-13,2024-01-12,34350.0,37200.0,0.07853435797740893,1852719.6449999996,62,REBALANCE
005180,2023-12-12,2024-01-12,53400.0,54500.0,0.016419600605371218,380093.89499999955,20,REBALANCE
025540,2023-12-12,2024-01-12,71500.0,73600.0,0.025155057697633633,581611.5649999976,20,REBALANCE
081660,2023-12-12,2024-01-12,38150.0,39200.0,0.023314930948675112,539635.4250000007,20,REBALANCE
088980,2023-12-12,2024-01-12,12508.0,12379.0,-0.014366453474570797,-332999.06475000083,20,REBALANCE
006800,2023-12-12,2024-01-12,7390.0,6970.0,-0.060696099350429106,-204771.36000000034,20,REBALANCE
009540,2023-10-13,2024-01-17,101300.0,104400.0,0.026381556570260128,620721.8000000007,65,TRAIL
000270,2023-11-13,2024-01-17,77600.0,87900.0,0.1280930924282436,2945630.6799999997,44,TRAIL
000810,2023-06-09,2024-01-18,245000.0,237000.0,-0.03661462787182501,-889109.1000000015,150,TRAIL
018260,2023-12-12,2024-02-14,172000.0,150500.0,-0.1285833791140188,-2966997.8499999978,41,TRAIL
001740,2024-01-15,2024-02-14,5300.0,6910.0,0.2984342534387341,6799637.026999999,20,TRAIL
035150,2023-12-12,2024-02-14,10200.0,11390.0,0.11209359236877577,2598399.764999997,41,REBALANCE
000120,2024-01-15,2024-02-14,131500.0,138600.0,0.04967599048166841,1131403.5649999976,20,REBALANCE
017940,2024-01-15,2024-02-14,59000.0,65300.0,0.10224707687853876,2325213.2749999985,20,REBALANCE
003690,2024-01-15,2024-02-14,5983.0,6755.0,0.12440854307868528,2834711.5091999993,20,REBALANCE
016360,2024-01-15,2024-02-14,36200.0,38550.0,0.06055598216746869,1378238.629999999,20,REBALANCE
003850,2024-01-15,2024-02-14,11750.0,12320.0,0.04421668272975437,283998.3509999998,20,REBALANCE
004370,2023-12-12,2024-02-27,408000.0,355500.0,-0.13224479348748944,-3025003.8000000007,50,TRAIL
375500,2024-02-15,2024-03-07,39100.0,34800.0,-0.1136193377615742,-2828689.5,14,TRAIL
294870,2023-12-12,2024-03-12,14800.0,16800.0,0.13048642709532682,3023868.879999999,59,TRAIL
161390,2023-12-12,2024-03-13,46750.0,51600.0,0.09922316608627357,2298788.6625000015,60,TRAIL
402340,2023-11-13,2024-03-15,48300.0,68600.0,0.41447335564101284,9519990.375,83,REBALANCE
005830,2024-01-15,2024-03-15,79000.0,101900.0,0.28459101147604293,6482460.959999997,41,REBALANCE
012630,2024-02-15,2024-03-15,7950.0,7700.0,-0.03541304857903968,-882213.9749999978,20,REBALANCE
010140,2024-02-15,2024-03-15,7290.0,8850.0,0.20902012068836884,5208087.726,20,REBALANCE
139130,2024-02-15,2024-03-15,9260.0,9120.0,-0.0191521650749587,-477084.9110000022,20,REBALANCE
009540,2024-02-15,2024-03-15,115600.0,123800.0,0.06654846926035059,1655897.75,20,REBALANCE
007340,2024-02-15,2024-03-15,17425.0,15582.0,-0.10942971680128825,-2726060.0681999996,20,REBALANCE
138040,2024-02-15,2024-03-15,72700.0,83200.0,0.13974239116075649,813676.3999999994,20,REBALANCE
009970,2024-01-15,2024-03-18,76000.0,90600.0,0.18722324589879524,4259353.669999998,42,TRAIL
000270,2024-02-15,2024-03-22,119300.0,112900.0,-0.05752186326880835,-1429012.0,25,TRAIL
003540,2024-03-18,2024-03-28,17920.0,15740.0,-0.12524887673817967,-3193045.261,8,TRAIL
024110,2024-01-15,2024-03-29,11520.0,13500.0,0.16707583154372468,3805680.8249999993,51,TRAIL
005940,2024-03-18,2024-04-01,12890.0,11280.0,-0.1284868018535861,-3276404.6120000035,10,TRAIL
017940,2024-03-18,2024-04-01,73800.0,64900.0,-0.12419761989159622,-3165832.125,10,TRAIL
005380,2024-02-15,2024-04-02,250000.0,220000.0,-0.12360385556609899,-3062713.5,32,TRAIL
000810,2024-02-15,2024-04-03,297000.0,301500.0,0.010994174880705492,271329.075000003,33,TRAIL
086790,2024-03-18,2024-04-03,61900.0,55600.0,-0.10545554357238768,-2685969.254999999,12,TRAIL
175330,2023-07-10,2024-04-05,8220.0,12250.0,0.48416456111967576,11259941.246999998,182,TRAIL
028260,2024-03-18,2024-04-12,152600.0,140100.0,-0.08567333019190441,-2172738.3099999987,18,TRAIL
078930,2024-03-18,2024-04-12,49850.0,43700.0,-0.1269601643165524,-3231483.674999997,18,TRAIL
105560,2024-03-18,2024-04-12,74400.0,66300.0,-0.1125203999271805,-2866351.59,18,TRAIL
018260,2024-02-15,2024-04-15,152100.0,147900.0,-0.03159561770236415,-784228.8599999994,40,TRAIL
294870,2024-03-18,2024-04-16,17300.0,16200.0,-0.06741871125662137,-1718832.3200000003,20,TRAIL
005930,2023-07-10,2024-04-16,70000.0,80000.0,0.1381768109531182,3205238.5,188,REBALANCE
006120,2024-03-18,2024-04-16,44250.0,42000.0,-0.05473451293724082,-1394252.8125,20,REBALANCE
030200,2024-03-18,2024-04-16,38650.0,34250.0,-0.11747124700514196,-2995474.6149999984,20,REBALANCE
006800,2024-03-18,2024-04-16,8060.0,7480.0,-0.07576088986499277,-681638.5250000004,20,REBALANCE
161390,2024-03-18,2024-05-02,53200.0,54700.0,0.02398472959104557,610623.4900000021,31,TRAIL
000810,2024-04-17,2024-05-20,285000.0,373500.0,0.30515932992847694,7226845.2749999985,20,REBALANCE
003540,2024-04-17,2024-05-20,14600.0,15850.0,0.08117052376068894,1929171.7650000006,20,REBALANCE
009540,2024-04-17,2024-05-20,112300.0,131900.0,0.16972245052650717,4026249.25,20,REBALANCE
015760,2024-04-17,2024-05-20,20600.0,20000.0,-0.033102223704875325,-787141.5700000003,20,REBALANCE
105560,2024-04-17,2024-05-20,64400.0,81600.0,0.261891681708892,6213760.960000001,20,REBALANCE
032830,2024-04-17,2024-05-20,78900.0,91700.0,0.15747099960520686,3744063.75,20,REBALANCE
104700,2024-05-21,2024-05-30,11580.0,10070.0,-0.1339585124774903,-3498961.9455000013,7,TRAIL
138040,2024-04-17,2024-06-04,74500.0,75100.0,0.00392541865445348,67046.62000000104,31,TRAIL
028260,2024-04-17,2024-06-10,144900.0,133600.0,-0.0817607370571461,-1933303.0649999976,34,TRAIL
029780,2024-04-17,2024-06-17,36900.0,37850.0,0.021544532730449453,511768.5225000009,39,TRAIL
316140,2024-04-17,2024-06-19,13500.0,14140.0,0.0431179698901818,1025078.3579999991,41,REBALANCE
139130,2024-04-17,2024-06-19,8170.0,7930.0,-0.033350753121058875,-792997.6229999997,41,REBALANCE
126560,2024-05-21,2024-06-19,3760.0,3780.0,0.0012020750604888914,31408.02499999851,20,REBALANCE
003690,2024-05-21,2024-06-19,6832.0,6620.0,-0.03499865669702328,-914453.756000001,20,REBALANCE
005930,2024-05-21,2024-06-19,78500.0,81200.0,0.0301587569199878,786901.4199999981,20,REBALANCE
026890,2024-06-20,2024-06-24,11050.0,9700.0,-0.12576690651904163,-3258477.295000002,2,TRAIL
018260,2024-04-17,2024-06-25,148200.0,146200.0,-0.01753529999205364,-416275.19999999925,45,TRAIL
280360,2024-05-21,2024-07-12,142800.0,170100.0,0.18629825700444488,4847385.27,37,TRAIL
005380,2024-05-21,2024-07-18,249000.0,260500.0,0.0419003086209896,1086298.200000003,41,TRAIL
138930,2024-05-21,2024-07-18,8530.0,8640.0,0.00874756046958665,228514.94750000164,41,REBALANCE
017940,2024-06-20,2024-07-18,74400.0,76600.0,0.02535350475984875,655299.0899999999,20,REBALANCE
030200,2024-06-20,2024-07-18,36350.0,37900.0,0.038371072716170115,994231.4600000009,20,REBALANCE
029780,2024-06-20,2024-07-18,37100.0,39450.0,0.05898762245520083,1527097.3775000013,20,REBALANCE
018670,2024-06-20,2024-07-18,176500.0,181400.0,0.023553055629085964,607636.6699999981,20,REBALANCE
000270,2024-04-17,2024-07-19,114800.0,116300.0,0.008917401782375241,211128.36999999732,63,TRAIL
280360,2024-07-19,2024-08-02,179200.0,161300.0,-0.1035746112952248,-2768705.335000001,10,TRAIL
086790,2024-04-17,2024-08-05,53500.0,56700.0,0.05547284174601083,1316246.0300000012,74,TRAIL
055550,2024-04-17,2024-08-05,41250.0,52800.0,0.2747580282674924,6524411.4375,74,TRAIL
175330,2024-04-17,2024-08-05,12140.0,13480.0,0.10583158856606509,2515949.9880000018,74,TRAIL
294870,2024-04-17,2024-08-05,16210.0,20150.0,0.23796914855750564,5657706.940000001,74,TRAIL
028260,2024-06-20,2024-08-05,135100.0,135300.0,-0.0026209681220408522,-67709.5,32,TRAIL
021240,2024-06-20,2024-08-05,55300.0,55500.0,-0.0004934650649041758,-12785.76000000164,32,TRAIL
071050,2024-06-20,2024-08-05,67100.0,63700.0,-0.054558420260813215,-1411055.799999997,32,TRAIL
005380,2024-07-19,2024-08-05,258500.0,224000.0,-0.13701100600846736,-3652181.7249999978,11,TRAIL
104700,2024-07-19,2024-08-05,9070.0,7700.0,-0.15452411645020578,-4156116.971000001,11,TRAIL
001680,2024-07-19,2024-08-05,26000.0,21500.0,-0.17646341322863315,-4744904.724999998,11,TRAIL
018260,2024-07-19,2024-08-05,153800.0,135100.0,-0.12518383442915818,-2852761.420000002,11,TRAIL
001750,2024-07-19,2024-08-08,15400.0,15900.0,0.028239278076964712,759746.8249999993,14,TRAIL
004370,2024-07-19,2024-08-16,457000.0,409000.0,-0.10869797326072818,-2884461.799999997,19,TRAIL
097950,2024-07-19,2024-08-19,375500.0,342500.0,-0.09161820763645108,-2445396.1999999993,20,REBALANCE
280360,2024-08-20,2024-09-04,153900.0,134600.0,-0.12898782384663096,-3199722.8550000004,11,TRAIL
006360,2024-08-20,2024-09-05,19800.0,18800.0,-0.054393508071778146,-1353178.6500000022,12,TRAIL
005380,2024-08-20,2024-09-06,258000.0,227500.0,-0.12182821151025156,-3020911.1999999993,13,TRAIL
086790,2024-08-20,2024-09-11,63400.0,57500.0,-0.09677411985680186,-2407873.719999999,16,TRAIL
055550,2024-08-20,2024-09-11,57200.0,53100.0,-0.07548006855053749,-1875932.4499999993,16,TRAIL
012630,2024-08-20,2024-09-20,10480.0,11370.0,0.08048058663834308,2002087.8115000017,20,REBALANCE
086280,2024-08-20,2024-09-20,105700.0,117300.0,0.10519983381457577,2616116.3499999978,20,REBALANCE
003690,2024-08-20,2024-09-20,7511.0,7086.0,-0.060447241098113225,-1504077.3271499984,20,REBALANCE
001680,2024-08-20,2024-09-20,21650.0,20400.0,-0.06159556233195562,-1532668.9699999988,20,REBALANCE
001750,2024-08-20,2024-09-23,15580.0,14750.0,-0.05715054773018725,-1421830.0524999984,21,TRAIL
028260,2024-08-20,2024-10-02,145700.0,135000.0,-0.07723311054332821,-1915186.8500000015,27,TRAIL
006280,2024-09-23,2024-10-02,166000.0,145700.0,-0.12588363743141165,-2259437.219999999,6,TRAIL
024110,2024-04-17,2024-10-24,12790.0,14450.0,0.12516208393185976,2976147.0479999967,125,REBALANCE
021240,2024-08-20,2024-10-24,62700.0,65800.0,0.04514401739435069,1122178.8600000031,41,REBALANCE
051600,2024-09-23,2024-10-24,41150.0,44950.0,0.08787160864641143,2172045.0,20,REBALANCE
005380,2024-09-23,2024-10-24,251500.0,228500.0,-0.09517206306187258,-2348403.4000000022,20,REBALANCE
006360,2024-09-23,2024-10-24,19280.0,18300.0,-0.054717002832634594,-1353993.2740000002,20,REBALANCE
029780,2024-08-20,2024-10-28,41500.0,39400.0,-0.054490468491355415,-1353845.0899999999,43,TRAIL
028260,2024-10-25,2024-10-31,133200.0,117000.0,-0.12521883617623528,-3072492.7200000025,4,TRAIL
267250,2024-09-23,2024-11-04,82500.0,72200.0,-0.12843248446105168,-3171751.6350000016,27,TRAIL
207940,2024-09-23,2024-11-13,1557105.0,1398157.0,-0.10575642552184575,-2472948.5085000023,34,TRAIL
006800,2024-10-25,2024-11-13,9010.0,8110.0,-0.10357522811031465,-1585483.3420000002,13,TRAIL
016360,2024-09-23,2024-11-22,46700.0,46200.0,-0.014758081739190528,-365007.35500000045,41,REBALANCE
033780,2024-10-25,2024-11-22,108800.0,119200.0,0.09110148329421158,2242652.2399999984,20,REBALANCE
395400,2024-10-25,2024-11-22,4940.0,4785.0,-0.0353433126802963,-871012.2052500024,20,REBALANCE
000880,2024-10-25,2024-11-22,27650.0,29050.0,0.046330264499623026,1141429.450000003,20,REBALANCE
055550,2024-09-23,2024-12-05,55800.0,49800.0,-0.1111818183282773,-2745297.3599999994,50,TRAIL
015760,2024-10-25,2024-12-06,22850.0,21250.0,-0.0738304123124927,-1819015.3049999997,30,TRAIL
047810,2024-11-25,2024-12-06,64800.0,55200.0,-0.1516367288729073,-3679172.6400000006,9,TRAIL
175330,2024-08-20,2024-12-09,14830.0,17900.0,0.20206974386737786,5028235.478,73,TRAIL
051600,2024-11-25,2024-12-09,46750.0,41300.0,-0.12019541164025004,-2919685.102499999,10,TRAIL
039490,2024-11-25,2024-12-09,127000.0,111400.0,-0.12642689253814818,-3070263.8800000027,10,TRAIL
006360,2024-11-25,2024-12-09,18540.0,17130.0,-0.07983561622580634,-1939747.5405000001,10,TRAIL
138930,2024-09-23,2024-12-20,9680.0,10260.0,0.05557668598467135,1375048.3530000001,61,TRAIL
021240,2024-11-25,2024-12-23,63300.0,67800.0,0.06670362258757874,1619015.6849999987,20,REBALANCE
071050,2024-08-20,2024-12-27,73900.0,70600.0,-0.04856735457877026,-1207333.6799999997,86,TRAIL
051600,2024-12-24,2025-01-08,46700.0,41650.0,-0.11178948278002769,-2639419.112499997,8,TRAIL
018670,2024-11-25,2025-01-24,202000.0,221000.0,0.08957891494088728,2173890.0,41,REBALANCE
047810,2024-12-24,2025-01-24,57200.0,53400.0,-0.07025679210167055,-1661627.0300000012,20,REBALANCE
003690,2024-12-24,2025-01-24,8080.0,8140.0,0.003300041585839638,78056.1799999997,20,REBALANCE
015760,2024-12-24,2025-01-24,20650.0,21000.0,0.012784450424384865,287032.5150000006,20,REBALANCE
192080,2024-07-19,2025-02-03,45250.0,47850.0,0.05312796361532298,1427235.3649999984,127,TRAIL
086280,2024-10-25,2025-02-12,121300.0,130600.0,0.07226014073922173,1772597.4700000025,71,TRAIL
000880,2025-01-31,2025-02-21,31650.0,43000.0,0.3530458929576959,8557865.662500001,15,TRAIL
267250,2024-11-25,2025-02-24,80900.0,76000.0,-0.06441584760961232,-558244.1449999996,58,TRAIL
033780,2024-12-24,2025-02-28,110500.0,98300.0,-0.11405038052393598,-2687433.780000001,41,TRAIL
175330,2024-12-24,2025-02-28,16690.0,17240.0,0.02872361852772852,679127.1275000013,41,TRAIL
316140,2024-08-20,2025-02-28,16100.0,16580.0,0.02559627856536412,636601.682,125,REBALANCE
024110,2024-11-25,2025-02-28,14810.0,15590.0,0.048356139258219084,1175126.9420000017,62,REBALANCE
021240,2025-01-31,2025-02-28,78700.0,81000.0,0.025009929813243414,604957.3150000013,20,REBALANCE
138930,2024-12-24,2025-03-05,10630.0,10460.0,-0.0200222707198106,-473467.0930000022,43,TRAIL
051600,2025-01-31,2025-03-11,46400.0,40850.0,-0.12321751322186372,-2982134.9674999975,26,TRAIL
001530,2024-12-24,2025-03-26,46393.0,42001.0,-0.09837704595010721,-2325750.7441000007,58,TRAIL
086280,2025-03-04,2025-03-28,128800.0,114800.0,-0.1123458023273235,-2738001.419999998,18,TRAIL
207940,2024-11-25,2025-03-31,1384911.0,1492348.0,0.07316383618747423,1724512.7377500013,82,TRAIL
017800,2025-01-31,2025-04-01,53000.0,56000.0,0.05227667427741123,1264875.6000000015,41,REBALANCE
033780,2025-03-04,2025-04-01,97200.0,102200.0,0.04713437571484151,1146682.5,20,REBALANCE
055550,2025-03-04,2025-04-01,46400.0,48100.0,0.03239259765063281,789991.125,20,REBALANCE
267250,2025-03-04,2025-04-01,72900.0,74000.0,0.01093207831569827,266486.91000000015,20,REBALANCE
012330,2025-03-04,2025-04-01,248500.0,261500.0,0.048004352338874776,1170394.4000000022,20,REBALANCE
007340,2025-03-04,2025-04-01,20850.0,20850.0,-0.004095290416021743,-87109.21500000358,20,REBALANCE
005940,2024-04-17,2025-04-03,10960.0,13450.0,0.2221640824730391,5282535.989499997,232,TRAIL
071050,2025-01-31,2025-04-04,78400.0,72500.0,-0.07904220095869346,-1910842.7800000012,44,TRAIL
138040,2024-06-20,2025-04-07,76400.0,111700.0,0.45605439869804176,6104459.375,192,TRAIL
029780,2024-12-24,2025-04-07,41450.0,39150.0,-0.05935658913841375,-1404001.200000003,66,TRAIL
016360,2025-01-31,2025-04-07,45050.0,42250.0,-0.06599391831469285,-1235224.6750000007,45,TRAIL
175330,2025-03-04,2025-04-07,17240.0,16250.0,-0.061284713994219836,-1496735.352499999,24,TRAIL
111770,2025-04-02,2025-04-07,48000.0,43300.0,-0.10161095989611957,-2431701.6300000027,3,TRAIL
001530,2025-04-02,2025-04-09,44334.0,38429.0,-0.13674331022234165,-3271379.4613500014,5,TRAIL
018670,2025-03-04,2025-04-14,236500.0,224000.0,-0.0567329600557667,-1383575.8249999993,29,TRAIL
003690,2025-03-04,2025-04-30,8050.0,8100.0,0.0020904531217669883,51047.92499999702,41,REBALANCE
069960,2025-04-02,2025-04-30,59500.0,59800.0,0.0009260778675950853,22121.164999999106,20,REBALANCE
035420,2025-04-02,2025-04-30,197600.0,200500.0,0.010520719997913307,251835.4849999994,20,REBALANCE
001680,2025-04-02,2025-04-30,23450.0,23900.0,0.01501588737983303,325735.41000000015,20,REBALANCE
306200,2025-04-02,2025-05-12,188600.0,170400.0,-0.10020062294215312,-2383865.8200000003,25,TRAIL
001530,2025-05-02,2025-05-12,39239.0,34286.0,-0.1298048147813072,-3074858.9356499985,4,TRAIL
192080,2025-05-02,2025-05-19,56400.0,49700.0,-0.1224031193914232,-2895908.0249999985,9,TRAIL
018670,2025-05-02,2025-05-21,240500.0,210500.0,-0.12832456811880483,-3027959.9000000022,11,TRAIL
271560,2025-05-02,2025-05-22,122000.0,111200.0,-0.09225734667427529,-2174789.6199999973,12,TRAIL
014440,2025-05-02,2025-05-22,4835.0,4325.0,-0.10914418429147744,-2585593.1860000007,12,TRAIL
316140,2025-04-02,2025-06-04,16650.0,20300.0,0.21422616243572154,5127909.330000002,41,REBALANCE
111770,2025-05-02,2025-06-04,46400.0,61500.0,0.3200030094701437,7581259.6499999985,20,REBALANCE
375500,2025-05-02,2025-06-04,43000.0,49650.0,0.14992253094987276,3549745.375,20,REBALANCE
139480,2025-05-02,2025-06-04,90800.0,87400.0,-0.0413868764577124,-978185.0,20,REBALANCE
007340,2025-05-02,2025-06-04,20650.0,22300.0,0.07548063068875147,1788295.754999999,20,REBALANCE
001800,2025-06-05,2025-06-13,24250.0,21250.0,-0.12729999675630763,-3099846.7250000015,5,TRAIL
138040,2025-05-02,2025-06-18,121700.0,107700.0,-0.11866115676093296,-1171071.2700000014,29,TRAIL
051600,2025-04-02,2025-07-04,41050.0,55000.0,0.3343424854352938,7996995.734999999,62,TRAIL
030200,2024-10-25,2025-07-04,44100.0,57700.0,0.3030317855554549,7465521.060000002,167,REBALANCE
138930,2025-04-02,2025-07-04,10350.0,13400.0,0.289383875210175,6926690.925000001,62,REBALANCE
207940,2025-04-02,2025-07-04,1545331.0,1527670.0,-0.01547710639975757,-359171.3572500013,62,REBALANCE
175330,2025-05-02,2025-07-04,16920.0,21600.0,0.2713677143625256,6426357.1559999995,41,REBALANCE
032640,2025-06-05,2025-07-04,12970.0,14530.0,0.11568970163879776,2818166.596000001,20,REBALANCE
271560,2025-06-05,2025-07-04,111400.0,116000.0,0.03702824337290384,900272.4199999981,20,REBALANCE
018670,2025-06-05,2025-07-04,216000.0,279000.0,0.286376916545972,6935997.599999998,20,REBALANCE
192080,2025-06-05,2025-07-04,49600.0,56700.0,0.13846364986716875,3369090.549999997,20,REBALANCE
015760,2025-06-05,2025-07-04,30150.0,36900.0,0.21886845053561538,3937457.6099999994,20,REBALANCE
001720,2025-06-05,2025-07-17,123000.0,140500.0,0.13759846907763398,3337982.7750000022,29,TRAIL
012630,2025-04-02,2025-07-21,15290.0,21550.0,0.4036459445084849,9657533.171999998,73,TRAIL
004690,2025-07-07,2025-07-22,147800.0,150100.0,0.01140255012554237,305389.53500000015,11,TRAIL
023590,2025-07-07,2025-07-23,34300.0,36200.0,0.051071442767930623,1373197.995000001,12,TRAIL
003540,2025-07-07,2025-07-23,23850.0,27550.0,0.1504056498548682,4043803.8000000007,12,TRAIL
030610,2025-07-07,2025-07-23,8130.0,9370.0,0.14780161485877963,3973538.727000002,12,TRAIL
005940,2025-05-02,2025-07-24,15200.0,20600.0,0.3497129616730234,8285964.75,55,TRAIL
069960,2025-06-05,2025-07-24,71600.0,73000.0,0.015377706698748946,373683.08999999985,34,TRAIL
006040,2025-06-05,2025-07-25,47500.0,46150.0,-0.03239995058314521,-788872.9600000009,35,TRAIL
001800,2025-07-07,2025-07-25,22200.0,22350.0,0.002633795459545791,70771.83749999851,14,TRAIL
016360,2025-05-02,2025-07-28,51700.0,70200.0,0.3522729325492319,8332688.935000002,57,TRAIL
139130,2025-06-05,2025-07-28,11250.0,13390.0,0.1853479165626196,4515396.605999999,36,TRAIL
000320,2025-07-07,2025-07-28,22000.0,22350.0,0.011748648145541774,315696.3500000015,15,TRAIL
071050,2025-07-07,2025-07-28,128000.0,141100.0,0.09782933220546361,2620139.9949999973,15,TRAIL
033780,2025-06-05,2025-08-04,122200.0,136100.0,0.10918683285089587,2658237.0250000022,41,REBALANCE
138040,2025-07-07,2025-08-04,113400.0,112800.0,-0.00936462750376755,-146717.4600000009,20,REBALANCE
012630,2025-08-05,2025-08-13,23700.0,21600.0,-0.09234001151839936,-2561249.7749999985,6,TRAIL
009970,2025-07-07,2025-08-18,131900.0,120800.0,-0.08790531525591672,-2356433.1350000016,29,TRAIL
018670,2025-08-05,2025-08-19,273500.0,239500.0,-0.12790062908459648,-3537126.049999997,9,TRAIL
032350,2025-08-05,2025-08-29,18120.0,15970.0,-0.12226279182913158,-3393462.7349999994,17,TRAIL
005940,2025-08-05,2025-09-03,19210.0,19190.0,-0.0051321511235529645,-142426.9859999977,20,REBALANCE
001800,2025-08-05,2025-09-03,21250.0,20600.0,-0.03455825800329628,-958710.5800000019,20,REBALANCE
001530,2025-08-05,2025-09-03,40048.0,36715.0,-0.08697958918358552,-2413256.1994000003,20,REBALANCE
004690,2025-08-05,2025-09-03,137000.0,127600.0,-0.07242743837287853,-2006661.9400000013,20,REBALANCE
030610,2025-08-05,2025-09-03,8620.0,8650.0,-0.0006292647446156811,-17464.48800000176,20,REBALANCE
012630,2025-09-04,2025-09-22,20100.0,19100.0,-0.05364278840527431,-1446476.4000000022,12,TRAIL
032350,2025-09-04,2025-09-29,15670.0,17470.0,0.11030346371615211,1913869.9580000006,17,TRAIL
030200,2025-08-05,2025-10-02,54800.0,51200.0,-0.06951968739599099,-1926100.3000000007,41,REBALANCE
071050,2025-09-04,2025-10-02,130000.0,144700.0,0.10851854982155137,2923592.4450000003,20,REBALANCE
034230,2025-09-04,2025-10-10,21250.0,19800.0,-0.07205114118763419,-1943650.629999999,21,TRAIL
114090,2025-09-04,2025-10-10,16420.0,15320.0,-0.07081241468778617,-1910250.356999997,21,TRAIL
006040,2025-09-04,2025-10-13,41900.0,42250.0,0.00422372267119544,113925.1325000003,22,TRAIL
023590,2025-08-05,2025-10-14,34350.0,33450.0,-0.0301888635928943,-837811.2599999979,44,TRAIL
004800,2025-09-04,2025-11-04,84800.0,140700.0,0.6524032150762473,17557810.555000003,38,TRAIL
111770,2025-07-07,2025-11-05,60500.0,57300.0,-0.056771241997322926,-1523304.2300000004,81,TRAIL
175330,2025-08-05,2025-11-07,22150.0,23050.0,0.03637036369800017,1008969.0300000012,62,REBALANCE
018670,2025-09-04,2025-11-07,248500.0,259500.0,0.039989022684275316,1074459.6000000015,41,REBALANCE
012330,2025-10-10,2025-11-07,308000.0,290000.0,-0.062297513703396895,-1075743.1999999993,20,REBALANCE
352820,2025-10-10,2025-11-11,270000.0,285500.0,0.05307701698602166,1463422.0500000007,22,TRAIL
034230,2025-11-10,2025-11-11,16870.0,14600.0,-0.13810262241102045,-3983859.614,1,TRAIL
012630,2025-10-10,2025-11-18,16800.0,16760.0,-0.006466492105507343,-179783.58600000292,27,TRAIL
003540,2025-09-04,2025-11-24,27500.0,26500.0,-0.040310007128166216,-1086494.1999999993,52,TRAIL
015860,2025-11-10,2025-11-26,7270.0,7090.0,-0.0287531786863264,-829779.3399999999,12,TRAIL
006040,2025-11-10,2025-12-08,47300.0,41550.0,-0.12516193058743544,-3609523.2074999996,20,TRAIL
009970,2025-10-10,2025-12-08,134100.0,192700.0,0.43110244248197344,11980605.239999998,41,REBALANCE
111770,2025-11-10,2025-12-08,59700.0,90500.0,0.5097047942604697,14683826.339999996,20,REBALANCE
021240,2025-11-10,2025-12-08,90200.0,88000.0,-0.028385649186362497,-817702.2699999996,20,REBALANCE
114090,2025-11-10,2025-12-08,14740.0,14560.0,-0.016256949013383547,-262453.8819999993,20,REBALANCE
069960,2025-08-05,2026-01-02,69200.0,84900.0,0.2218541884924822,6147986.0,99,TRAIL
004170,2025-12-09,2026-01-02,247000.0,231000.0,-0.06860733638097564,-2035860.0,15,TRAIL
015860,2025-12-09,2026-01-09,7220.0,6620.0,-0.0868574546473772,-1647431.1680000015,20,TRAIL
003690,2025-07-07,2026-01-09,10270.0,11240.0,0.08996776394585365,2418957.3724999987,125,REBALANCE
032640,2025-08-05,2026-01-09,14800.0,14350.0,-0.03437617685607504,-954017.2325000018,104,REBALANCE
016610,2025-12-09,2026-01-09,10660.0,11950.0,0.116422258867593,3482695.265499998,20,REBALANCE
000070,2025-12-09,2026-01-09,61400.0,56200.0,-0.08843901174886673,-2642090.4000000022,20,REBALANCE
139130,2025-08-05,2026-01-19,13560.0,13820.0,0.015000227614349724,416234.02800000086,110,TRAIL
006120,2025-12-09,2026-02-02,61700.0,54200.0,-0.12515339936058947,-3741728.9800000004,36,TRAIL
012330,2026-01-12,2026-02-06,418000.0,426000.0,0.014965086800896723,444644.6000000015,19,TRAIL
138930,2025-08-05,2026-02-09,14110.0,19450.0,0.3728098229205087,10343201.743999995,125,REBALANCE
005930,2025-11-10,2026-02-09,98600.0,166400.0,0.6807154530910143,19621153.16,62,REBALANCE
352820,2025-12-09,2026-02-09,291000.0,376500.0,0.2885158871421576,8573576.849999998,41,REBALANCE
003540,2025-12-09,2026-02-09,27800.0,31300.0,0.12128839604239296,3625496.4299999997,41,REBALANCE
417310,2026-01-12,2026-02-09,8700.0,8800.0,0.007351890153909181,218935.6649999991,20,REBALANCE
060980,2026-01-12,2026-02-09,44600.0,45050.0,0.005953075487852647,177031.125,20,REBALANCE
175330,2026-01-12,2026-02-09,24500.0,29550.0,0.2011830272737373,5990668.135000002,20,REBALANCE
139130,2026-02-10,2026-02-27,18110.0,18390.0,0.011302463238507084,387919.23900000006,10,TRAIL
316140,2025-07-07,2026-03-03,23050.0,35300.0,0.5251816159789344,14119051.4875,158,TRAIL
016360,2025-08-05,2026-03-03,69100.0,100500.0,0.4484576456322696,12440648.059999999,137,TRAIL
005940,2025-11-10,2026-03-03,20450.0,33300.0,0.6216932434790455,17934100.7275,74,TRAIL
024110,2025-12-09,2026-03-03,20950.0,25100.0,0.1931841627951244,5777955.924999997,53,TRAIL
003470,2026-02-10,2026-03-03,4435.0,4935.0,0.1081825798865688,3713520.1364999935,11,TRAIL
002350,2026-02-10,2026-03-03,9210.0,8480.0,-0.08303236294547915,-2850356.7225,11,TRAIL
016610,2026-02-10,2026-03-03,13160.0,14520.0,0.0988249531276115,2882698.848000001,11,TRAIL
028050,2025-11-10,2026-03-04,25850.0,30900.0,0.1904624961758193,5495966.0124999955,75,TRAIL
086790,2025-12-09,2026-03-04,93900.0,105500.0,0.11893447136432077,3555491.219999999,54,TRAIL
055550,2025-12-09,2026-03-04,78800.0,88800.0,0.12228855597788418,3656372.179999996,54,TRAIL
069960,2026-01-12,2026-03-04,91700.0,90500.0,-0.017127849320064923,-509467.3200000003,33,TRAIL
161390,2026-01-12,2026-03-04,58700.0,58200.0,-0.012578294756600668,-374032.6700000018,33,TRAIL
105560,2026-01-12,2026-03-04,127000.0,137700.0,0.07981164180877043,1359796.490000002,33,TRAIL
032640,2026-02-10,2026-03-04,15900.0,14580.0,-0.08677417196638967,-2978074.176000003,12,TRAIL
078930,2026-02-10,2026-03-04,72100.0,61400.0,-0.15189252193541922,-5207921.375,12,TRAIL
006120,2026-02-10,2026-03-04,54100.0,50400.0,-0.07220707277204229,-2475596.535,12,TRAIL
004690,2026-02-10,2026-03-04,144000.0,132000.0,-0.08708734954801968,-2988089.9999999963,12,TRAIL
003690,2026-02-10,2026-03-04,12630.0,12360.0,-0.02538541484893327,-871157.3610000014,12,TRAIL
010950,2026-02-10,2026-03-10,101100.0,117900.0,0.16139629337241387,5537880.269999996,16,TRAIL
028050,2026-03-17,2026-03-20,31700.0,35300.0,0.10900429805408307,3687731.059999995,3,EOD
001120,2026-03-17,2026-03-20,45050.0,47150.0,0.04232868050798186,1431825.0,3,EOD
069960,2026-03-17,2026-03-20,86900.0,91800.0,0.05206044119458243,1757350.9399999976,3,EOD
138930,2026-03-17,2026-03-20,18310.0,18850.0,0.025276011778153702,854854.9200000018,3,EOD
417310,2026-03-17,2026-03-20,9400.0,9640.0,0.021332063871228865,721703.4399999976,3,EOD
033780,2026-03-17,2026-03-20,152700.0,157500.0,0.02721016214457505,919309.1700000018,3,EOD
086790,2026-03-17,2026-03-20,111600.0,113200.0,0.010182913305612454,343591.4399999976,3,EOD
316140,2026-03-17,2026-03-20,32850.0,33900.0,0.02773728020995022,937759.5899999961,3,EOD
055550,2026-03-17,2026-03-20,91200.0,97900.0,0.06906876171350307,2333336.549999997,3,EOD
017940,2026-03-17,2026-03-20,96900.0,110800.0,0.13876410548921359,4684673.339999996,3,EOD
005830,2026-03-17,2026-03-20,176800.0,186700.0,0.05167086696452927,1746869.7650000006,3,EOD
078930,2026-03-17,2026-03-20,62700.0,69000.0,0.0959716899727992,3241097.6099999994,3,EOD
139130,2026-03-17,2026-03-20,16680.0,17240.0,0.029340359306222332,992658.9600000009,3,EOD
004690,2026-03-17,2026-03-20,141100.0,154400.0,0.0897780805086199,3031058.9450000003,3,EOD
003690,2026-03-17,2026-03-20,13070.0,13170.0,0.0035244854798007893,119215.03000000119,3,EOD
023530,2026-03-17,2026-03-20,102100.0,113500.0,0.10710268891069084,3623708.559999995,3,EOD
175330,2026-03-17,2026-03-20,29050.0,30950.0,0.061041334307199144,2064662.2700000033,3,EOD
002790,2026-03-17,2026-03-20,27050.0,28200.0,0.038244466183666954,1293592.4224999994,3,EOD
161390,2026-03-17,2026-03-20,55200.0,57400.0,0.03559656395145586,1203920.2800000012,3,EOD
105560,2026-03-17,2026-03-20,150800.0,155200.0,0.024962937184571956,814047.8399999999,3,EOD
