date,equity,n_pos
2020-01-13,101853919.31165001,20
2020-01-14,101861126.31165001,20
2020-01-15,102014480.31165001,20
2020-01-16,103458029.31165001,20
2020-01-17,102815157.31165001,20
2020-01-20,101317737.84740001,19
2020-01-21,98532623.55765,17
2020-01-22,99358279.32895,16
2020-01-23,99119941.32895,16
2020-01-28,95869232.56715,13
2020-01-29,96661938.56715,13
2020-01-30,94555379.07965,12
2020-01-31,92573550.14214998,6
2020-02-03,93582434.14214998,6
2020-02-04,93805806.14214998,6
2020-02-05,93424038.14214998,6
2020-02-06,93214430.14214998,6
2020-02-07,93522764.14214998,6
2020-02-10,93109200.05965,4
2020-02-11,92837454.05965,4
2020-02-12,93541214.05965,4
2020-02-13,91954406.78885001,20
2020-02-14,92310378.38260001,19
2020-02-17,92098663.38260001,19
2020-02-18,90761674.38260001,19
2020-02-19,92027548.38260001,19
2020-02-20,90842066.46380001,18
2020-02-21,88637085.80430001,15
2020-02-24,85280455.824,8
2020-02-25,86069146.824,8
2020-02-26,85853745.824,8
2020-02-27,83970142.04049999,4
2020-02-28,83116221.73549998,1
2020-03-02,83192073.73549998,1
2020-03-03,83192073.73549998,1
2020-03-04,83305851.73549998,1
2020-03-05,83305851.73549998,1
2020-03-06,83204673.73549998,1
2020-03-09,82989947.18149997,0
2020-03-10,82989947.18149997,0
2020-03-11,82989947.18149997,0
2020-03-12,82989947.18149997,0
2020-03-13,84923842.66914998,20
2020-03-16,81130364.66914998,20
2020-03-17,81280288.40414998,18
2020-03-18,75537766.25814998,12
2020-03-19,70522899.64009997,3
2020-03-20,71202499.64009997,3
2020-03-23,70570399.87784997,2
2020-03-24,70937239.87784997,2
2020-03-25,71012839.87784997,2
2020-03-26,70988249.87784997,2
2020-03-27,71137109.87784997,2
2020-03-30,71494509.87784997,2
2020-03-31,71685769.87784997,2
2020-04-01,71723249.87784997,2
2020-04-02,72102899.87784997,2
2020-04-03,71863899.87784997,2
2020-04-06,72110289.87784997,2
2020-04-07,71908159.87784997,2
2020-04-08,71709029.87784997,2
2020-04-09,71856029.87784997,2
2020-04-10,71955289.87784997,2
2020-04-13,69200262.59184997,20
2020-04-14,70052256.09709996,18
2020-04-16,70569393.70659997,15
2020-04-17,72880703.70659997,15
2020-04-20,70983269.11409996,13
2020-04-21,70389952.11409996,13
2020-04-22,71074627.11409996,13
2020-04-23,71678523.11409996,13
2020-04-24,71034996.11409996,13
2020-04-27,71394566.11409996,13
2020-04-28,71137388.77959996,12
2020-04-29,71281611.77959996,12
2020-05-04,70749364.77959996,12
2020-05-06,71927744.77959996,12
2020-05-07,72603417.77959996,12
2020-05-08,73276407.77959996,12
2020-05-11,73539164.77959996,12
2020-05-12,73619081.85614997,11
2020-05-13,74602163.85614997,11
2020-05-14,75058965.85614997,11
2020-05-15,74760462.85614997,11
2020-05-18,73258135.75944996,20
2020-05-19,73883114.95769995,19
2020-05-20,75358741.95769995,19
2020-05-21,75276995.95769995,19
2020-05-22,74975867.95769995,19
2020-05-25,76578378.95769995,19
2020-05-26,78285520.95769995,19
2020-05-27,78414879.95769995,19
2020-05-28,77185240.15769996,18
2020-05-29,77737075.39769995,17
2020-06-01,78549055.39769995,17
2020-06-02,77812709.67519996,16
2020-06-03,76720623.67519996,16
2020-06-04,77535834.67519996,16
2020-06-05,77425170.67519996,16
2020-06-08,77832046.95019996,15
2020-06-09,79019844.95019996,15
2020-06-10,80663352.95019996,15
2020-06-11,82841580.45019996,13
2020-06-12,81364573.45119996,11
2020-06-15,79192990.99134997,5
2020-06-16,80788537.28649996,20
2020-06-17,80692208.54899997,19
2020-06-18,81685349.54899997,19
2020-06-19,81390851.80649996,18
2020-06-22,81842123.80649996,18
2020-06-23,80830956.80649996,18
2020-06-24,81370344.80649996,18
2020-06-25,80807374.80649996,18
2020-06-26,81282890.80649996,18
2020-06-29,81799753.80149996,16
2020-06-30,82042332.80149996,16
2020-07-01,81634729.36949995,15
2020-07-02,83267952.36949995,15
2020-07-03,83965146.36949995,15
2020-07-06,84140749.36949995,15
2020-07-07,84134582.08389996,13
2020-07-08,83348860.40264997,12
2020-07-09,83784689.40264997,12
2020-07-10,84456426.96264997,11
2020-07-13,84344356.96264997,11
2020-07-14,83992015.96264997,11
2020-07-15,84019594.24764997,20
2020-07-16,83002094.24764997,20
2020-07-17,86669091.33014998,19
2020-07-20,91997193.62734997,17
2020-07-21,96132551.62734997,17
2020-07-22,102298271.62614998,16
2020-07-23,102203757.60114998,14
2020-07-24,97625452.77614997,12
2020-07-27,99834340.25114998,11
2020-07-28,100244397.25114998,11
2020-07-29,100003045.25114998,11
2020-07-30,99191619.25114998,11
2020-07-31,97789567.54014999,9
2020-08-03,98456250.15214998,8
2020-08-04,99245937.15214998,8
2020-08-05,100444303.15214998,8
2020-08-06,100348003.76364999,7
2020-08-07,100291441.76364999,7
2020-08-10,100028299.76364999,7
2020-08-11,99695860.31364998,6
2020-08-12,99684629.31364998,6
2020-08-13,99718693.86045,20
2020-08-14,98850143.86045,20
2020-08-18,95673713.10444999,15
2020-08-19,97111153.10444999,15
2020-08-20,97551257.2189,13
2020-08-21,97062128.2189,13
2020-08-24,100258021.2189,13
2020-08-25,104513853.2189,13
2020-08-26,108360690.2189,13
2020-08-27,105471241.9945,11
2020-08-28,105237930.8445,10
2020-08-31,106795742.8445,10
2020-09-01,107608810.8445,10
2020-09-02,108707182.8445,10
2020-09-03,110393552.8445,10
2020-09-04,109523353.8445,10
2020-09-07,109004699.8445,10
2020-09-08,108584948.64449999,9
2020-09-09,106660943.90765,6
2020-09-10,107110066.90765,6
2020-09-11,108034125.90765,6
2020-09-14,105711047.45195,19
2020-09-15,105714155.45195,19
2020-09-16,105051844.45195,19
2020-09-17,103007243.82085,17
2020-09-18,109481089.82085,17
2020-09-21,105794430.84265,12
2020-09-22,101479117.5755,7
2020-09-23,101446996.4745,5
2020-09-24,100839597.4129,3
2020-09-25,100283183.7529,2
2020-09-28,100696413.7529,2
2020-09-29,100889413.7529,2
2020-10-05,99331597.8314,1
2020-10-06,99312317.8314,1
2020-10-07,99321957.8314,1
2020-10-08,99341217.8314,1
2020-10-12,99302677.8314,1
2020-10-13,99312317.8314,1
2020-10-14,99244857.8314,1
2020-10-15,99244857.8314,1
2020-10-16,99187017.8314,1
2020-10-19,98241537.81125,20
2020-10-20,97094415.81125,20
2020-10-21,99662090.81125,20
2020-10-22,96299064.2447,18
2020-10-23,96209561.79095,17
2020-10-26,92367824.68795,13
2020-10-27,92429403.68795,13
2020-10-28,94263714.68795,13
2020-10-29,94235750.68795,13
2020-10-30,92107213.32895,12
2020-11-02,92797238.32895,12
2020-11-03,94355539.32895,12
2020-11-04,93436558.32895,12
2020-11-05,95349363.32895,12
2020-11-06,95637103.32895,12
2020-11-09,97939343.32895,12
2020-11-10,95960219.59895,11
2020-11-11,93269015.74395,8
2020-11-12,93214210.24395,7
2020-11-13,92413887.36895,6
2020-11-16,92288445.07855,5
2020-11-17,92991703.92844999,20
2020-11-18,94184395.92844999,20
2020-11-19,94389714.92844999,20
2020-11-20,94449538.92844999,20
2020-11-23,93803762.92844999,20
2020-11-24,94832705.92844999,20
2020-11-25,93244501.92844999,20
2020-11-26,93841998.92844999,20
2020-11-27,94552810.92844999,20
2020-11-30,94524829.92844999,19
2020-12-01,94821496.92844999,19
2020-12-02,96344094.92844999,19
2020-12-03,96238514.56269999,17
2020-12-04,95170930.78029999,16
2020-12-07,95175417.0383,15
2020-12-08,94286961.03289999,13
2020-12-09,94434039.0379,12
2020-12-10,94273059.0379,12
2020-12-11,92123462.73789999,9
2020-12-14,91993985.73789999,9
2020-12-15,91757851.73789999,9
2020-12-16,91544275.86044998,20
2020-12-17,91624817.18544999,18
2020-12-18,91195662.18544999,18
2020-12-21,89646487.29619998,13
2020-12-22,86453212.98119998,10
2020-12-23,86150478.98119998,10
2020-12-24,86493680.98119998,10
2020-12-28,86101435.96119997,9
2020-12-29,87185922.96119997,9
2020-12-30,87429939.96119997,9
2021-01-04,89151010.96119997,9
2021-01-05,89132068.96119997,9
2021-01-06,88726101.96119997,9
2021-01-07,89061879.96119997,9
2021-01-08,88608984.96119997,9
2021-01-11,86949851.96119997,9
2021-01-12,86598340.96119997,9
2021-01-13,87011454.96119997,9
2021-01-14,86951644.96119997,9
2021-01-15,86363013.48329997,7
2021-01-18,85375807.48329997,5
2021-01-19,87075625.66004997,20
2021-01-20,88195213.66004997,20
2021-01-21,89594504.66004997,20
2021-01-22,91573762.52004997,18
2021-01-25,90623536.56004997,17
2021-01-26,89859136.56004997,17
2021-01-27,89057081.76004997,16
2021-01-28,86891670.82404996,12
2021-01-29,84729399.22954997,9
2021-02-01,85623460.67204997,8
2021-02-02,85781058.67204997,8
2021-02-03,86434845.67204997,8
2021-02-04,86391866.67204997,8
2021-02-05,86261771.67204997,8
2021-02-08,86074362.67204997,8
2021-02-09,85985925.67204997,8
2021-02-10,85714546.80769998,6
2021-02-15,86261692.80769998,6
2021-02-16,85736158.80769998,6
2021-02-17,85530599.34219998,5
2021-02-18,85228054.09219998,4
2021-02-19,84839639.15484996,20
2021-02-22,84493553.15484996,19
2021-02-23,84941041.75484997,18
2021-02-24,83575969.08734997,15
2021-02-25,85283996.08734997,15
2021-02-26,84449435.08734997,15
2021-03-02,84964115.26734996,14
2021-03-03,85564038.26734996,14
2021-03-04,84413471.52454996,11
2021-03-05,85248397.24454996,10
2021-03-08,84073823.30589996,9
2021-03-09,82837693.80039996,8
2021-03-10,83158947.02439997,7
2021-03-11,82797887.02439997,7
2021-03-12,82957237.02439997,7
2021-03-15,83488397.02439997,7
2021-03-16,85331177.02439997,7
2021-03-17,84819197.02439997,7
2021-03-18,85589447.02439997,7
2021-03-19,86390067.02439997,7
2021-03-22,87107187.02439997,7
2021-03-23,85318312.35844997,20
2021-03-24,85269585.35844997,20
2021-03-25,85052908.43844996,18
2021-03-26,87166955.43844996,18
2021-03-29,85985246.27044997,17
2021-03-30,85563256.19544996,16
2021-03-31,85235174.19544996,16
2021-04-01,85117297.06294996,15
2021-04-02,84368504.06294996,15
2021-04-05,83466498.06294996,15
2021-04-06,83343076.32019997,14
2021-04-07,83512600.32019997,14
2021-04-08,84533852.32019997,14
2021-04-09,85803924.32019997,14
2021-04-12,86156673.95309997,13
2021-04-13,86145283.95309997,13
2021-04-14,87020557.95309997,13
2021-04-15,85982141.95309997,13
2021-04-16,86206369.95309997,13
2021-04-19,86539891.95309997,13
2021-04-20,86828213.95309997,13
2021-04-21,86658389.67409995,20
2021-04-22,86816661.55409996,19
2021-04-23,86594979.55409996,19
2021-04-26,87169296.55409996,19
2021-04-27,86004792.05409996,16
2021-04-28,84479498.95409995,14
2021-04-29,84863034.95409995,14
2021-04-30,83620220.07649995,13
2021-05-03,82922058.91649996,12
2021-05-04,82536218.57149996,10
2021-05-06,84839475.57149996,10
2021-05-07,84932918.57149996,10
2021-05-10,85540672.57149996,10
2021-05-11,84920627.57149996,10
2021-05-12,84225682.67149997,8
2021-05-13,82752272.35799995,6
2021-05-14,82714803.40999997,5
2021-05-17,82676493.40999997,5
2021-05-18,82749063.40999997,5
2021-05-20,83099690.40999997,5
2021-05-21,82865535.40999997,5
2021-05-24,82167705.68124998,20
2021-05-25,83319858.44124997,19
2021-05-26,83023631.44124997,19
2021-05-27,83022061.44124997,19
2021-05-28,83479674.44124997,19
2021-05-31,83247625.71999997,18
2021-06-01,85701685.71999997,18
2021-06-02,86139195.71999997,18
2021-06-03,86245679.71999997,18
2021-06-04,85022665.71999997,18
2021-06-07,84177749.54749997,15
2021-06-08,84202088.35999997,14
2021-06-09,83311036.35999997,14
2021-06-10,83326929.08499998,12
2021-06-11,83956656.08499998,12
2021-06-14,84272158.08499998,12
2021-06-15,84480848.08499998,12
2021-06-16,84355758.08499998,12
2021-06-17,84546838.08499998,12
2021-06-18,84946173.08499998,12
2021-06-21,83739872.31049997,11
2021-06-22,84659844.14224997,20
2021-06-23,83693341.10474998,19
2021-06-24,87022833.10474998,19
2021-06-25,87848154.10474998,19
2021-06-28,89469084.10474998,19
2021-06-29,88326683.95474997,17
2021-06-30,87646507.25724998,16
2021-07-01,86893643.33224998,14
2021-07-02,86858526.33224998,14
2021-07-05,85882186.00824998,13
2021-07-06,86056642.00824998,13
2021-07-07,85703968.75214998,11
2021-07-08,85269098.75214998,11
2021-07-09,85059821.22964999,10
2021-07-12,85728480.22964999,10
2021-07-13,86950810.22964999,10
2021-07-14,86537872.84964998,9
2021-07-15,86891667.84964998,9
2021-07-16,86494542.84964998,9
2021-07-19,86430835.23474997,7
2021-07-20,86180440.12349999,6
2021-07-21,84786114.19454995,20
2021-07-22,85788759.77899995,19
2021-07-23,85634411.77899995,19
2021-07-26,84805780.77899995,19
2021-07-27,86171718.77899995,19
2021-07-28,85683145.77899995,19
2021-07-29,85603666.77899995,19
2021-07-30,85073347.77899995,19
2021-08-02,83854650.08149996,18
2021-08-03,82630645.54249996,15
2021-08-04,83121851.54249996,15
2021-08-05,83703951.54249996,15
2021-08-06,83036234.54249996,15
2021-08-09,82665533.40874995,14
2021-08-10,81636286.24864995,13
2021-08-11,81453531.85964996,10
2021-08-12,82149541.85964996,10
2021-08-13,81296360.49964996,9
2021-08-17,79605279.17184997,4
2021-08-18,79736806.17184997,4
2021-08-19,79293918.32184996,3
2021-08-20,77032917.88319995,20
2021-08-23,79440773.88319995,20
2021-08-24,82049881.88319995,20
2021-08-25,82599406.88319995,20
2021-08-26,82287442.88319995,20
2021-08-27,83184024.88319995,20
2021-08-30,84874321.88319995,20
2021-08-31,84543078.88319995,20
2021-09-01,86100154.88319995,20
2021-09-02,85546110.98734994,19
2021-09-03,84622013.98734994,19
2021-09-06,84561997.39994994,17
2021-09-07,84537260.39994994,17
2021-09-08,85014168.39994994,17
2021-09-09,85929333.39994994,17
2021-09-10,87921513.39994994,17
2021-09-13,86974598.04794994,15
2021-09-14,87522417.45794995,14
2021-09-15,87153004.95294994,13
2021-09-16,86860496.06294996,12
2021-09-17,87147151.12794995,11
2021-09-23,85649068.14569995,20
2021-09-24,87150457.14569995,20
2021-09-27,88429036.14569995,20
2021-09-28,85711178.89569995,18
2021-09-29,85003772.57569996,17
2021-09-30,84917286.56569995,15
2021-10-01,83878285.56569995,15
2021-10-05,81826650.51319996,8
2021-10-06,79777097.05119994,3
2021-10-07,80328097.05119994,3
2021-10-08,81026067.05119994,3
2021-10-12,81095917.05119994,3
2021-10-13,81241667.05119994,3
2021-10-14,81391667.05119994,3
2021-10-15,80912007.05119994,3
2021-10-18,81126817.05119994,3
2021-10-19,81350557.05119994,3
2021-10-20,81146657.05119994,3
2021-10-21,81075597.05119994,3
2021-10-22,80896647.05119994,3
2021-10-25,80914467.05119994,3
2021-10-26,80643630.47939993,20
2021-10-27,78812575.82939994,19
2021-10-28,77555775.82939994,19
2021-10-29,77602137.82939994,19
2021-11-01,77524829.24129993,17
2021-11-02,78257191.24129993,17
2021-11-03,77809191.03129993,15
2021-11-04,77630062.39069994,13
2021-11-05,77127939.41019994,11
2021-11-08,76598850.95019993,10
2021-11-09,76290919.32219994,8
2021-11-10,75078222.47419994,6
2021-11-11,75362812.47419994,6
2021-11-12,76617852.47419994,6
2021-11-15,76329002.47419994,6
2021-11-16,75591840.27419993,4
2021-11-17,75550903.05669993,3
2021-11-18,75655903.05669993,3
2021-11-19,75825903.05669993,3
2021-11-22,75364353.05669993,3
2021-11-23,75739603.05669993,3
2021-11-24,76088997.87759992,20
2021-11-25,74891966.87759992,20
2021-11-26,73478831.87759992,20
2021-11-29,70975379.32909992,17
2021-11-30,69293416.94359994,11
2021-12-01,69867698.50359994,10
2021-12-02,70620390.50359994,10
2021-12-03,72327441.50359994,10
2021-12-06,72052989.50359994,10
2021-12-07,72365614.50359994,10
2021-12-08,72120207.50359994,10
2021-12-09,72892821.50359994,10
2021-12-10,72056740.50359994,10
2021-12-13,71239172.50359994,10
2021-12-14,71070212.84809995,8
2021-12-15,70730171.40809995,7
2021-12-16,70822601.40809995,7
2021-12-17,70681142.40809995,7
2021-12-20,69862725.80809994,6
2021-12-21,70195320.80809994,6
2021-12-22,70061142.30809994,5
2021-12-23,69428519.00209995,20
2021-12-24,70050303.00209995,20
2021-12-27,68783370.72459994,19
2021-12-28,69248905.72459994,19
2021-12-29,70512425.72459994,19
2021-12-30,71006661.72459994,19
2022-01-03,71499813.72459994,19
2022-01-04,71589657.72459994,19
2022-01-05,70084851.40459995,18
2022-01-06,68862682.48809995,12
2022-01-07,70086641.48809995,12
2022-01-10,69242735.48809995,12
2022-01-11,68423124.39269996,10
2022-01-12,69116124.39269996,10
2022-01-13,70023554.39269996,10
2022-01-14,69752934.39269996,10
2022-01-17,69620247.39269996,9
2022-01-18,69145814.81219995,7
2022-01-19,68885311.45619994,6
2022-01-20,69560111.45619994,6
2022-01-21,69107511.45619994,6
2022-01-24,66724014.223649964,20
2022-01-25,63984102.82164996,17
2022-01-26,64559318.10914996,16
2022-01-27,62405386.05439996,12
2022-01-28,63119165.05439996,12
2022-02-03,63553974.03439996,11
2022-02-04,64059548.03439996,11
2022-02-07,64129350.03439996,11
2022-02-08,63471142.46439996,10
2022-02-09,64441808.46439996,10
2022-02-10,64013049.46439996,10
2022-02-11,63260388.880399965,8
2022-02-14,62195047.07679997,7
2022-02-15,61752278.204299964,5
2022-02-16,62347348.204299964,5
2022-02-17,62415433.204299964,5
2022-02-18,62986563.204299964,5
2022-02-21,62950058.204299964,5
2022-02-22,62350919.04429996,4
2022-02-23,62784059.04429996,4
2022-02-24,62611589.04429996,4
2022-02-25,63836598.02644996,20
2022-02-28,64996472.02644996,20
2022-03-02,66081241.02644996,20
2022-03-03,67047660.02644996,20
2022-03-04,67019816.43644997,19
2022-03-07,65820750.16144997,18
2022-03-08,63873239.84769997,16
2022-03-10,63810586.84769997,16
2022-03-11,64834661.75449997,13
2022-03-14,64095954.73399997,11
2022-03-15,63198997.551249966,8
2022-03-16,63098940.301249966,7
2022-03-17,63169460.301249966,7
2022-03-18,63017320.301249966,7
2022-03-21,62359992.56124997,5
2022-03-22,62353692.56124997,5
2022-03-23,63153182.56124997,5
2022-03-24,63373659.06124997,4
2022-03-25,63164809.06124997,4
2022-03-28,63208929.06124997,4
2022-03-29,62824719.06124997,4
2022-03-30,62307824.85519998,20
2022-03-31,63076487.85519998,20
2022-04-01,62799010.30769998,19
2022-04-04,63239937.17269997,18
2022-04-05,63366705.17269997,18
2022-04-06,63373323.17269997,18
2022-04-07,62688809.17269997,18
2022-04-08,63587134.17269997,18
2022-04-11,62762831.12194998,16
2022-04-12,63146390.19694997,15
2022-04-13,63687122.19694997,15
2022-04-14,63982327.19694997,15
2022-04-15,64016610.19694997,15
2022-04-18,64080843.19694997,15
2022-04-19,64841049.19694997,15
2022-04-20,64681851.19694997,15
2022-04-21,65560382.19694997,15
2022-04-22,66093388.19694997,15
2022-04-25,63816240.226949975,12
2022-04-26,63487317.226949975,12
2022-04-27,63193384.491949975,11
2022-04-28,62399293.24049998,20
2022-04-29,62763253.24049998,20
2022-05-02,63042171.24049998,20
2022-05-03,63655043.630499974,19
2022-05-04,63873609.520499974,18
2022-05-06,63757354.91799998,17
2022-05-09,62387741.14994998,12
2022-05-10,61879031.14994998,12
2022-05-11,61262384.76994998,11
2022-05-12,60228980.377949975,6
2022-05-13,60441180.377949975,6
2022-05-16,60926253.377949975,6
2022-05-17,60858075.377949975,6
2022-05-18,60239891.79794998,5
2022-05-19,59991003.79794998,5
2022-05-20,60156781.79794998,5
2022-05-23,59765958.237949975,4
2022-05-24,59677448.04144997,3
2022-05-25,59793928.04144997,3
2022-05-26,59672818.04144997,3
2022-05-27,59671286.62444997,2
2022-05-30,59472830.58344996,20
2022-05-31,59608044.58344996,20
2022-06-02,59369202.58344996,20
2022-06-03,58060097.58344996,20
2022-06-07,57451540.58344996,20
2022-06-08,56945041.37944996,19
2022-06-09,56376366.214449964,17
2022-06-10,55838609.16444996,16
2022-06-13,53915771.67089996,7
2022-06-14,54081711.09089996,6
2022-06-15,53835785.09089996,6
2022-06-16,54292273.09089996,6
2022-06-17,54360151.68089996,5
2022-06-20,54213468.68089996,5
2022-06-21,53926271.68089996,5
2022-06-22,53317852.47449996,3
2022-06-23,52274137.58499996,0
2022-06-24,52274137.58499996,0
2022-06-27,52274137.58499996,0
2022-06-28,52274137.58499996,0
2022-06-29,52274137.58499996,0
2022-06-30,50335694.69159997,20
2022-07-01,49300598.914899975,18
2022-07-04,48430726.462399974,15
2022-07-05,49718812.462399974,15
2022-07-06,48407850.462399974,15
2022-07-07,49525864.462399974,15
2022-07-08,50385178.462399974,15
2022-07-11,51079094.462399974,15
2022-07-12,50659684.77764997,14
2022-07-13,50945116.47264998,13
2022-07-14,50931338.47264998,13
2022-07-15,51320058.24764997,12
2022-07-18,53615440.24764997,12
2022-07-19,53348004.24764997,12
2022-07-20,53321866.24764997,12
2022-07-21,50807888.04014997,10
2022-07-22,50657960.04014997,10
2022-07-25,50954796.04014997,10
2022-07-26,51136378.04014997,10
2022-07-27,51128859.04014997,10
2022-07-28,51061567.04014997,10
2022-07-29,51712403.217699975,20
2022-08-01,52358160.217699975,20
2022-08-02,52115598.217699975,20
2022-08-03,52290075.217699975,20
2022-08-04,51710203.397699974,19
2022-08-05,51352448.25349997,18
2022-08-08,52078613.25349997,18
2022-08-09,52027638.25349997,18
2022-08-10,52490450.25349997,18
2022-08-11,52941921.25349997,18
2022-08-12,53365627.25349997,18
2022-08-16,53009464.053499974,17
2022-08-17,53342961.20349997,16
2022-08-18,53800369.20349997,16
2022-08-19,52904569.78349997,15
2022-08-22,52691343.31544997,13
2022-08-23,53010912.51544997,12
2022-08-24,53200894.51544997,12
2022-08-25,53779958.51544997,12
2022-08-26,53937682.51544997,12
2022-08-29,53484794.56544997,11
2022-08-30,53698742.25104997,20
2022-08-31,54263562.25104997,20
2022-09-01,52607713.07754997,18
2022-09-02,52652745.83804997,17
2022-09-05,52376089.94804997,15
2022-09-06,52883539.94804997,15
2022-09-07,52799388.84804997,13
2022-09-08,52754348.84804997,13
2022-09-13,53061710.778049976,11
2022-09-14,52945845.778049976,11
2022-09-15,53354310.778049976,11
2022-09-16,53289220.778049976,11
2022-09-19,52412896.61004998,9
2022-09-20,52405971.61004998,9
2022-09-21,52217686.61004998,9
2022-09-22,52348681.64254998,8
2022-09-23,52079458.24704997,6
2022-09-26,51625264.097049974,5
2022-09-27,51469672.92204998,4
2022-09-28,51565547.92204998,4
2022-09-29,51831472.92204998,4
2022-09-30,52304751.93054998,20
2022-10-04,54603861.93054998,20
2022-10-05,54953836.93054998,20
2022-10-06,56011602.93054998,20
2022-10-07,55717364.93054998,20
2022-10-11,54455126.93054998,20
2022-10-12,54098055.090549976,18
2022-10-13,51340397.90904997,9
2022-10-14,51966822.90904997,9
2022-10-17,52218432.90904997,9
2022-10-18,52724267.90904997,9
2022-10-19,52697342.90904997,9
2022-10-20,52646602.90904997,9
2022-10-21,52376308.42904997,8
2022-10-24,52830158.42904997,8
2022-10-25,52781518.42904997,8
2022-10-26,52656293.42904997,8
2022-10-27,52846698.42904997,8
2022-10-28,53035618.42904997,8
2022-10-31,53199768.42904997,8
2022-11-01,53617058.42904997,8
2022-11-02,53443249.81379998,20
2022-11-03,54059349.81379998,20
2022-11-04,54002854.81379998,20
2022-11-07,53706095.81379998,20
2022-11-08,53882135.81379998,20
2022-11-09,55294752.81379998,20
2022-11-10,54190013.846299976,19
2022-11-11,55047089.846299976,19
2022-11-14,55187556.04629998,18
2022-11-15,56378829.84379998,16
2022-11-16,56986884.84379998,16
2022-11-17,56868614.84299998,15
2022-11-18,56684879.52424998,13
2022-11-21,55988700.68174998,12
2022-11-22,56254095.68174998,12
2022-11-23,56555240.68174998,12
2022-11-24,57067985.68174998,12
2022-11-25,57438755.68174998,12
2022-11-28,56939293.58424997,11
2022-11-29,57405133.58424997,11
2022-11-30,57829308.58424997,11
2022-12-01,57904638.60169998,20
2022-12-02,57250792.60169998,20
2022-12-05,56142990.27419998,19
2022-12-06,55190631.95419998,18
2022-12-07,54996091.934199974,16
2022-12-08,54518871.66619998,14
2022-12-09,54417869.74619998,13
2022-12-12,54521836.74619998,13
2022-12-13,54851932.74619998,13
2022-12-14,54963379.74619998,13
2022-12-15,54926387.74619998,13
2022-12-16,53599553.697199985,12
2022-12-19,53592659.697199985,12
2022-12-20,53312485.303699985,10
2022-12-21,53246693.303699985,10
2022-12-22,53347527.303699985,10
2022-12-23,52702613.303699985,10
2022-12-26,53037219.303699985,10
2022-12-27,53512599.303699985,10
2022-12-28,53354344.10369998,9
2022-12-29,52736302.52169998,8
2023-01-02,53069766.07034999,20
2023-01-03,53552392.07034999,20
2023-01-04,54139590.07034999,20
2023-01-05,54215117.182349995,19
2023-01-06,54587990.182349995,19
2023-01-09,55562735.182349995,19
2023-01-10,55856339.182349995,19
2023-01-11,56585224.182349995,19
2023-01-12,57082688.182349995,19
2023-01-13,57224851.182349995,19
2023-01-16,57220459.182349995,19
2023-01-17,57048665.182349995,19
2023-01-18,56100142.182349995,19
2023-01-19,55800957.270899996,17
2023-01-20,56327079.44589999,16
2023-01-25,56129008.44589999,15
2023-01-26,56520510.44589999,15
2023-01-27,56835492.44589999,15
2023-01-30,56959749.44589999,15
2023-01-31,57391195.44589999,15
2023-02-01,57454237.44589999,15
2023-02-02,57278785.3905,20
2023-02-03,57494504.3905,20
2023-02-06,57849722.3905,20
2023-02-07,57810659.3905,20
2023-02-08,57700149.3905,20
2023-02-09,57548197.5005,19
2023-02-10,57558125.1445,18
2023-02-13,57971828.1445,18
2023-02-14,58370110.1445,18
2023-02-15,58328152.619500004,17
2023-02-16,60018409.619500004,17
2023-02-17,61003534.619500004,17
2023-02-20,61590810.56200001,15
2023-02-21,61554493.56200001,15
2023-02-22,61872397.56200001,15
2023-02-23,62356384.56200001,15
2023-02-24,61893604.56200001,15
2023-02-27,62088527.802,13
2023-02-28,62457478.762,12
2023-03-02,64213765.762,12
2023-03-03,64503973.762,12
2023-03-06,64038381.98075001,19
2023-03-07,65299806.21275,18
2023-03-08,66268264.21275,18
2023-03-09,63918071.590900004,15
2023-03-10,62954521.75790001,14
2023-03-13,62274832.9069,11
2023-03-14,61603436.20640001,7
2023-03-15,62009794.20640001,7
2023-03-16,62338314.20640001,7
2023-03-17,62182697.20640001,7
2023-03-20,62256822.20640001,7
2023-03-21,62368405.20640001,7
2023-03-22,62272487.20640001,7
2023-03-23,62144752.20640001,7
2023-03-24,62415441.20640001,7
2023-03-27,62399549.20640001,7
2023-03-28,62539474.20640001,7
2023-03-29,62671476.20640001,7
2023-03-30,62589847.20640001,7
2023-03-31,63085641.20640001,7
2023-04-03,63421261.20640001,7
2023-04-04,63042767.75375001,19
2023-04-05,63635167.75375001,19
2023-04-06,64820040.75375001,19
2023-04-07,65259097.75375001,19
2023-04-10,66223009.75375001,19
2023-04-11,65535993.75375001,19
2023-04-12,64690563.82580001,15
2023-04-13,64843494.82580001,15
2023-04-14,65745713.82580001,15
2023-04-17,67379012.8258,15
2023-04-18,67053468.82580001,15
2023-04-19,67343010.8258,15
2023-04-20,65685513.44580001,14
2023-04-21,65819976.44580001,14
2023-04-24,59439171.59170001,8
2023-04-25,59635785.32820001,6
2023-04-26,59139046.32820001,6
2023-04-27,58837957.053200014,5
2023-04-28,58750221.30650002,3
2023-05-02,59283331.30650002,3
2023-05-03,59242281.30650002,3
2023-05-04,58461727.59510002,19
2023-05-08,56626317.40510002,18
2023-05-09,56123485.54510002,17
2023-05-10,56070438.54510002,17
2023-05-11,56989646.49230002,16
2023-05-12,56063969.66730002,14
2023-05-15,55937435.10480002,13
2023-05-16,55931865.28315002,10
2023-05-17,56587474.28315002,10
2023-05-18,56513623.28315002,10
2023-05-19,56470822.76815002,9
2023-05-22,56833914.76815002,9
2023-05-23,56944209.76815002,9
2023-05-24,56929369.231150016,8
2023-05-25,56408230.06615002,7
2023-05-26,56348804.06615002,7
2023-05-30,56222747.06615002,7
2023-05-31,56726896.06615002,7
2023-06-01,57252666.06615002,7
2023-06-02,57526043.06615002,7
2023-06-05,57353156.06615002,7
2023-06-07,57318475.333700016,20
2023-06-08,56888485.333700016,20
2023-06-09,57890336.182700016,19
2023-06-12,59029542.182700016,19
2023-06-13,59851345.182700016,19
2023-06-14,58151923.482350014,16
2023-06-15,58581411.482350014,16
2023-06-16,58367787.482350014,16
2023-06-19,58296651.482350014,16
2023-06-20,57383024.01825002,13
2023-06-21,57038389.13465001,9
2023-06-22,57276273.13465001,9
2023-06-23,56752275.109650016,8
2023-06-26,56047789.88805001,6
2023-06-27,56054485.88805001,6
2023-06-28,55622217.67370001,5
2023-06-29,55521140.343700014,3
2023-06-30,55784196.343700014,3
2023-07-03,55872359.343700014,3
2023-07-04,56037571.343700014,3
2023-07-05,56146983.343700014,3
2023-07-06,55583629.829300016,20
2023-07-07,55775862.829300016,20
2023-07-10,55745772.829300016,20
2023-07-11,58292502.829300016,20
2023-07-12,58256729.339300014,19
2023-07-13,57907138.57850002,18
2023-07-14,58514299.57850002,18
2023-07-17,59410277.57850002,18
2023-07-18,60493134.57850002,18
2023-07-19,59964635.19520001,17
2023-07-20,59863818.120200016,16
2023-07-21,60265973.707700014,13
2023-07-24,62455192.707700014,13
2023-07-25,63760747.76770002,12
2023-07-26,61540670.88150001,6
2023-07-27,58593650.453450024,1
2023-07-28,59095850.453450024,1
2023-07-31,59379350.453450024,1
2023-08-01,59484650.453450024,1
2023-08-02,59970650.453450024,1
2023-08-03,60213650.453450024,1
2023-08-04,59584887.695950024,20
2023-08-07,57280084.578450024,18
2023-08-08,57957396.909950025,17
2023-08-09,57681766.909950025,17
2023-08-10,57517554.909950025,17
2023-08-11,56997687.81995002,15
2023-08-14,55875543.81995002,15
2023-08-16,54959277.56635002,8
2023-08-17,55400572.56635002,8
2023-08-18,56356200.56635002,8
2023-08-21,58108286.56635002,8
2023-08-22,58277103.56635002,8
2023-08-23,57646571.56635002,8
2023-08-24,57111796.31675002,7
2023-08-25,56563537.31675002,7
2023-08-28,56828890.02465002,6
2023-08-29,56879091.02465002,6
2023-08-30,56774019.02465002,6
2023-08-31,56941173.02465002,6
2023-09-01,56526151.36965002,5
2023-09-04,56371248.36965002,5
2023-09-05,56848118.78210003,19
2023-09-06,56397918.78210003,19
2023-09-07,55400054.78210003,19
2023-09-08,55069391.78210003,19
2023-09-11,54504796.29715003,17
2023-09-12,53543360.29715003,17
2023-09-13,52488012.77285003,12
2023-09-14,52480660.77285003,12
2023-09-15,53036849.05335003,11
2023-09-18,52817841.34335002,10
2023-09-19,52671687.26835003,9
2023-09-20,53178645.26835003,9
2023-09-21,52777869.26835003,9
2023-09-22,52482611.45735003,8
2023-09-25,52075361.45735003,8
2023-09-26,51826995.00735003,7
2023-09-27,52085364.84735003,6
2023-10-04,51582205.04735003,5
2023-10-05,51544845.04735003,5
2023-10-06,52046985.04735003,5
2023-10-10,51557591.43485003,4
2023-10-11,52466376.98925002,20
2023-10-12,55596460.98925002,20
2023-10-13,55355095.98925002,20
2023-10-16,54974160.80095002,19
2023-10-17,56080903.80095002,19
2023-10-18,53762888.29355002,17
2023-10-19,52229424.29355002,17
2023-10-20,50479216.575450025,10
2023-10-23,49359059.97610003,8
2023-10-24,49890410.88860003,7
2023-10-25,50086281.82860003,6
2023-10-26,49815095.57860003,5
2023-10-27,49534775.57860003,5
2023-10-30,49684225.57860003,5
2023-10-31,49273365.57860003,5
2023-11-01,49451535.57860003,5
2023-11-02,49675545.57860003,5
2023-11-03,49567355.57860003,5
2023-11-06,49668105.57860003,5
2023-11-07,50032385.57860003,5
2023-11-08,49812925.57860003,5
2023-11-09,49359989.486100025,20
2023-11-10,49599904.486100025,20
2023-11-13,48899236.100100026,18
2023-11-14,49147062.115100026,15
2023-11-15,49665542.115100026,15
2023-11-16,49881758.115100026,15
2023-11-17,49534296.70510003,13
2023-11-20,49831149.70510003,13
2023-11-21,49912316.31510003,12
2023-11-22,49643207.31510003,12
2023-11-23,49121033.31510003,12
2023-11-24,49416833.31510003,12
2023-11-27,49526873.50885002,11
2023-11-28,49690355.50885002,11
2023-11-29,49796517.50885002,11
2023-11-30,50991035.50885002,11
2023-12-01,50505265.50885002,11
2023-12-04,49783951.55985002,9
2023-12-05,48656770.72785003,6
2023-12-06,48324774.57785003,4
2023-12-07,48317346.68045003,3
2023-12-08,48391354.150350034,20
2023-12-11,48783887.150350034,20
2023-12-12,48468547.150350034,20
2023-12-13,48139187.150350034,20
2023-12-14,48534639.150350034,20
2023-12-15,48325803.150350034,20
2023-12-18,49380234.150350034,20
2023-12-19,49480953.150350034,20
2023-12-20,49745202.150350034,20
2023-12-21,49247494.32310003,18
2023-12-22,48917726.99810003,17
2023-12-26,48509680.51510003,15
2023-12-27,49827944.51510003,15
2023-12-28,50289992.25510003,14
2024-01-02,49621332.25510003,14
2024-01-03,48411366.17010003,13
2024-01-04,48505033.97010003,12
2024-01-05,48398749.700100034,11
2024-01-08,48339543.71010003,10
2024-01-09,48484550.71010003,10
2024-01-10,48401182.71010003,9
2024-01-11,48001496.53660004,20
2024-01-12,47035805.50660004,19
2024-01-15,46289075.67265004,17
2024-01-16,45340319.525450036,13
2024-01-17,44733548.655200034,12
2024-01-18,44977066.02920003,11
2024-01-19,44741166.02920003,11
2024-01-22,44226877.47670004,9
2024-01-23,44082239.27270004,7
2024-01-24,44039044.37275004,5
2024-01-25,44120484.37275004,5
2024-01-26,44179634.37275004,5
2024-01-29,44001614.37275004,5
2024-01-30,43681044.37275004,5
2024-01-31,43773098.62275004,4
2024-02-01,43759258.25275004,3
2024-02-02,43898878.25275004,3
2024-02-05,43928518.25275004,3
2024-02-06,43725236.39625004,2
2024-02-07,43810136.39625004,2
2024-02-08,43967036.39625004,2
2024-02-13,44572460.41340004,20
2024-02-14,44594493.76340004,19
2024-02-15,44971103.76340004,19
2024-02-16,45473316.76340004,19
2024-02-19,45519969.76340004,19
2024-02-20,46411381.76340004,19
2024-02-21,45989713.26340004,18
2024-02-22,45766397.26340004,18
2024-02-23,45438987.02790004,17
2024-02-26,45543465.02790004,17
2024-02-27,44573710.695400044,15
2024-02-28,44261074.08040004,12
2024-02-29,44311338.86840004,11
2024-03-04,45542751.86840004,11
2024-03-05,46162999.86840004,11
2024-03-06,46211863.405900046,10
2024-03-07,45899746.416400045,9
2024-03-08,46302368.416400045,9
2024-03-11,46170936.21990004,8
2024-03-12,46600650.21990004,8
2024-03-13,46868960.21990004,8
2024-03-14,46869554.14945004,20
2024-03-15,46182944.14945004,20
2024-03-18,47889289.14945004,20
2024-03-19,46844799.14945004,20
2024-03-20,46379169.14945004,20
2024-03-21,47798079.14945004,20
2024-03-22,47356899.14945004,20
2024-03-25,47515834.14945004,20
2024-03-26,48156669.14945004,20
2024-03-27,48937251.70945004,19
2024-03-28,48908055.99945004,16
2024-03-29,48541308.37445004,15
2024-04-01,48605888.37445004,15
2024-04-02,48271716.09445004,14
2024-04-03,48243885.63445004,12
2024-04-04,49515880.63445004,12
2024-04-05,48727254.82120004,10
2024-04-08,48643431.41220004,8
2024-04-09,48700161.41220004,8
2024-04-11,49907996.41220004,8
2024-04-12,49877519.920200035,6
2024-04-15,49470331.14345004,19
2024-04-16,47641544.41170004,15
2024-04-17,47402044.41170004,15
2024-04-18,48422419.41170004,15
2024-04-19,47696199.41170004,15
2024-04-22,47701956.90995004,13
2024-04-23,47986610.61495004,12
2024-04-24,48449100.61495004,12
2024-04-25,48212575.61495004,12
2024-04-26,48267025.61495004,12
2024-04-29,49493740.61495004,12
2024-04-30,49532055.61495004,12
2024-05-02,49583017.780200034,11
2024-05-03,49346082.780200034,11
2024-05-07,49723997.780200034,11
2024-05-08,49601412.780200034,11
2024-05-09,49357347.780200034,11
2024-05-10,49334082.780200034,11
2024-05-13,49307442.780200034,11
2024-05-14,49529227.780200034,11
2024-05-16,49484997.280200034,10
2024-05-17,48479224.71725002,20
2024-05-20,50729435.71725002,20
2024-05-21,50424110.71725002,20
2024-05-22,50251261.58350002,19
2024-05-23,49838256.08350002,18
2024-05-24,50810442.12350002,17
2024-05-27,51171543.12350002,17
2024-05-28,52082166.12350002,17
2024-05-29,51468181.80950002,16
2024-05-30,50698768.79425002,14
2024-05-31,50486786.79425002,14
2024-06-03,50815752.55425002,13
2024-06-04,49953793.88425002,12
2024-06-05,49518612.26925002,9
2024-06-07,49842129.26925002,8
2024-06-10,50299959.26925002,8
2024-06-11,50004290.26925002,8
2024-06-12,49998748.26925002,8
2024-06-13,50509739.26925002,8
2024-06-14,50832979.34175002,7
2024-06-17,51609515.34175002,7
2024-06-18,51389581.14775002,20
2024-06-19,51646588.14775002,20
2024-06-20,51125674.14775002,20
2024-06-21,52387896.14775002,20
2024-06-24,51696961.14775002,20
2024-06-25,50942330.14775002,20
2024-06-26,51782771.14775002,20
2024-06-27,52555052.14775002,20
2024-06-28,52731036.44800002,19
2024-07-01,50680781.92800002,15
2024-07-02,50387788.01800002,13
2024-07-03,49853110.54800002,12
2024-07-04,49576408.87800002,11
2024-07-05,49120366.65300002,7
2024-07-08,49507017.65300002,7
2024-07-09,49714046.65300002,7
2024-07-10,49853636.65300002,7
2024-07-11,50013178.65300002,7
2024-07-12,49829999.65300002,7
2024-07-15,50247212.65300002,7
2024-07-16,50475225.70800002,6
2024-07-17,48845525.22925003,20
2024-07-18,47730425.22925003,20
2024-07-19,47306744.529250026,18
2024-07-22,46606643.56550003,12
2024-07-23,47409663.56550003,12
2024-07-24,47418803.56550003,12
2024-07-25,45350357.91950002,8
2024-07-26,45554746.71950003,6
2024-07-29,46098926.71950003,6
2024-07-30,45874616.71950003,6
2024-07-31,45864436.71950003,6
2024-08-01,46151446.71950003,6
2024-08-02,45274697.70950003,3
2024-08-05,44278930.03250003,0
2024-08-06,44278930.03250003,0
2024-08-07,44278930.03250003,0
2024-08-08,44278930.03250003,0
2024-08-09,44278930.03250003,0
2024-08-12,44278930.03250003,0
2024-08-13,44278930.03250003,0
2024-08-14,44278930.03250003,0
2024-08-16,44168398.23170003,20
2024-08-19,43274594.23170003,20
2024-08-20,43655956.23170003,20
2024-08-21,43325780.23170003,20
2024-08-22,42662584.23170003,20
2024-08-23,42545849.11170003,19
2024-08-26,41930034.48670003,18
2024-08-27,41840725.33420003,17
2024-08-28,41929059.94420003,15
2024-08-29,40448499.70720003,10
2024-08-30,40729799.70720003,10
2024-09-02,40317657.04220003,9
2024-09-03,40097338.47220003,7
2024-09-04,39572483.27820003,4
2024-09-05,39498255.75820003,3
2024-09-06,39325960.42470003,1
2024-09-09,39325960.42470003,1
2024-09-10,39325960.42470003,1
2024-09-11,39325960.42470003,1
2024-09-12,39325960.42470003,1
2024-09-13,39325960.42470003,1
2024-09-19,39470360.477700025,20
2024-09-20,40683030.477700025,20
2024-09-23,40365563.38020003,18
2024-09-24,40615513.38020003,18
2024-09-25,40451173.38020003,18
2024-09-26,41740913.38020003,18
2024-09-27,41128623.38020003,18
2024-09-30,40852879.38020003,18
2024-10-02,40190104.34020003,16
2024-10-04,41158576.34020003,16
2024-10-07,41739902.34020003,16
2024-10-08,41531688.34020003,16
2024-10-10,41340232.34020003,16
2024-10-11,41266930.34020003,16
2024-10-14,42134890.34020003,16
2024-10-15,42542806.91020003,15
2024-10-16,42477514.63520003,13
2024-10-17,43193138.63520003,13
2024-10-18,42263192.63520003,13
2024-10-21,42427105.56020003,12
2024-10-22,42347729.56020003,12
2024-10-23,42184530.20820004,20
2024-10-24,42061180.20820004,20
2024-10-25,42325508.20820004,20
2024-10-28,42520096.20820004,20
2024-10-29,41929297.69670004,19
2024-10-30,41633467.69670004,19
2024-10-31,40914525.136700034,18
2024-11-01,40329301.87320004,13
2024-11-04,41064837.87320004,13
2024-11-05,41182513.87320004,13
2024-11-06,41657813.87320004,13
2024-11-07,41594715.87320004,13
2024-11-08,41551183.87320004,13
2024-11-11,41111529.659200035,12
2024-11-12,40073784.36170003,7
2024-11-13,39632499.262700036,5
2024-11-14,39896479.61270003,4
2024-11-15,39794661.61270003,4
2024-11-18,39656159.412700035,3
2024-11-19,39697909.412700035,3
2024-11-20,39599705.412700035,3
2024-11-21,38320246.87980003,20
2024-11-22,38423346.87980003,20
2024-11-25,38266007.89930003,18
2024-11-26,37067338.40255003,14
2024-11-27,36823098.64255003,13
2024-11-28,36636524.48255003,12
2024-11-29,36133780.99555004,10
2024-12-02,35892224.76155003,7
2024-12-03,36521284.76155003,7
2024-12-04,36389424.76155003,7
2024-12-05,36584744.76155003,7
2024-12-06,36239261.685550034,6
2024-12-09,35752687.40555003,5
2024-12-10,36437387.40555003,5
2024-12-11,36720687.40555003,5
2024-12-12,36682887.40555003,5
2024-12-13,36889687.40555003,5
2024-12-16,37271587.40555003,5
2024-12-17,37295087.40555003,5
2024-12-18,37171987.40555003,5
2024-12-19,37315387.40555003,5
2024-12-20,36465530.10530003,20
2024-12-23,38108735.10530003,20
2024-12-24,38077452.67330003,19
2024-12-26,38390042.67330003,19
2024-12-27,38121918.02330003,18
2024-12-30,38556983.02330003,18
2025-01-02,40073953.02330003,18
2025-01-03,39963598.02330003,18
2025-01-06,40264293.02330003,18
2025-01-07,40591373.02330003,18
2025-01-08,40234903.02330003,18
2025-01-09,41010683.02330003,18
2025-01-10,41065857.02330003,17
2025-01-13,41471477.02330003,17
2025-01-14,41517507.02330003,17
2025-01-15,41871012.02330003,17
2025-01-16,42319392.02330003,17
2025-01-17,42769742.02330003,17
2025-01-20,41615262.02330003,17
2025-01-21,42408462.02330003,17
2025-01-22,43428952.02330003,17
2025-01-23,43065834.408550024,20
2025-01-24,44306159.408550024,20
2025-01-31,42081555.20855003,17
2025-02-03,40566195.14330003,11
2025-02-04,41220530.14330003,11
2025-02-05,40978850.44330002,10
2025-02-06,41508360.44330002,10
2025-02-07,41062325.35330003,9
2025-02-10,40533069.378300026,8
2025-02-11,41118329.378300026,8
2025-02-12,41536059.378300026,8
2025-02-13,41720354.378300026,8
2025-02-14,41553034.378300026,8
2025-02-17,41609400.47830003,7
2025-02-18,42105410.47830003,7
2025-02-19,42311590.47830003,7
2025-02-20,41974623.128300026,6
2025-02-21,41959653.128300026,6
2025-02-24,42147306.42830002,4
2025-02-25,42152986.42830002,4
2025-02-26,41897966.42830002,4
2025-02-27,40592102.18530003,20
2025-02-28,39077828.37455003,16
2025-03-04,39796918.37455003,16
2025-03-05,40743648.37455003,16
2025-03-06,40501042.12455003,15
2025-03-07,39947352.12455003,15
2025-03-10,40285302.12455003,15
2025-03-11,39667451.78455003,14
2025-03-12,39045630.71955003,12
2025-03-13,39396750.71955003,12
2025-03-14,40054440.71955003,12
2025-03-17,40345140.71955003,12
2025-03-18,40708480.71955003,12
2025-03-19,40019220.71955003,12
2025-03-20,39437879.32955003,11
2025-03-21,39252641.75855003,10
2025-03-24,39115174.05855003,9
2025-03-25,38825864.25855003,7
2025-03-26,38812264.25855003,7
2025-03-27,38034431.44855004,2
2025-03-28,38006431.44855004,2
2025-03-31,38793950.03085004,20
2025-04-01,40142416.03085004,20
2025-04-02,39995030.03085004,20
2025-04-03,39965485.03085004,20
2025-04-04,39144362.71960004,17
2025-04-07,36126772.112600036,7
2025-04-08,36813631.112600036,7
2025-04-09,36609548.777100034,6
2025-04-10,37447001.777100034,6
2025-04-11,38119410.777100034,6
2025-04-14,38514416.777100034,6
2025-04-15,38494379.777100034,6
2025-04-16,38458599.777100034,6
2025-04-17,38758915.777100034,6
2025-04-18,38671563.777100034,6
2025-04-21,38404470.777100034,6
2025-04-22,38676170.777100034,6
2025-04-23,38742305.777100034,6
2025-04-24,39061446.777100034,6
2025-04-25,39599446.777100034,6
2025-04-28,39717108.777100034,6
2025-04-29,39481393.487600036,20
2025-04-30,39498804.58760004,19
2025-05-02,40039753.68860003,18
2025-05-07,40739500.68860003,18
2025-05-08,40839881.68860003,18
2025-05-09,41746499.68860003,18
2025-05-12,40465928.928600036,17
2025-05-13,40980413.928600036,17
2025-05-14,41861708.928600036,17
2025-05-15,41702868.928600036,17
2025-05-16,42242805.928600036,17
2025-05-19,41690069.303600036,16
2025-05-20,42023700.303600036,16
2025-05-21,42842675.303600036,16
2025-05-22,42035265.303600036,16
2025-05-23,42835055.303600036,16
2025-05-26,43105125.303600036,16
2025-05-27,43800725.303600036,16
2025-05-28,42990597.06360003,14
2025-05-29,43802367.06360003,14
2025-05-30,43300707.06360003,14
2025-06-02,43201845.06600004,20
2025-06-04,43967076.96575004,18
2025-06-05,44540388.96575004,18
2025-06-09,45101960.96575004,18
2025-06-10,46850684.96575004,18
2025-06-11,47551580.96575004,18
2025-06-12,48485868.96575004,18
2025-06-13,48697724.96575004,18
2025-06-16,50696362.96575004,18
2025-06-17,50484420.96575004,18
2025-06-18,50435384.96575004,18
2025-06-19,50587681.83195004,16
2025-06-20,50177351.83195004,16
2025-06-23,50195811.83195004,16
2025-06-24,50136714.631950036,15
2025-06-25,48799938.30695003,13
2025-06-26,48549676.836950034,12
2025-06-27,48440766.836950034,12
2025-06-30,48450592.877950035,10
2025-07-01,48473842.877950035,10
2025-07-02,47812298.20295004,6
2025-07-03,45960906.358950034,20
2025-07-04,43426928.93145003,13
2025-07-07,43715028.93145003,13
2025-07-08,44961678.93145003,13
2025-07-09,45728178.93145003,13
2025-07-10,45822728.93145003,13
2025-07-11,44809678.93145003,13
2025-07-14,45293678.93145003,13
2025-07-15,45998728.93145003,13
2025-07-16,45997428.93145003,13
2025-07-17,45814728.93145003,13
2025-07-18,45881228.93145003,13
2025-07-21,46080194.53645003,12
2025-07-22,45715844.53645003,12
2025-07-23,45686694.53645003,12
2025-07-24,46686504.85145003,11
2025-07-25,47242854.85145003,11
2025-07-28,47249254.85145003,11
2025-07-29,48023804.85145003,11
2025-07-30,47765904.85145003,11
2025-07-31,48619404.85145003,11
2025-08-01,46681092.33235003,20
2025-08-04,47283507.33235003,20
2025-08-05,48468137.33235003,20
2025-08-06,48848205.33235003,20
2025-08-07,49020470.33235003,20
2025-08-08,48792752.39235003,18
2025-08-11,48073790.70485003,15
2025-08-12,47170742.45485003,13
2025-08-13,46891132.45485003,12
2025-08-14,46858157.45485003,12
2025-08-18,46150311.94305004,10
2025-08-19,45626499.528050035,7
2025-08-20,45369169.528050035,7
2025-08-21,45615039.528050035,7
2025-08-22,45913593.77155004,6
2025-08-25,45989313.77155004,6
2025-08-26,45805273.77155004,6
2025-08-27,46129293.77155004,6
2025-08-28,46221093.77155004,6
2025-08-29,46736713.77155004,6
2025-09-01,46630612.93155004,5
2025-09-02,46896610.69055004,20
2025-09-03,47459400.69055004,20
2025-09-04,47449060.69055004,20
2025-09-05,47608280.69055004,20
2025-09-08,47843750.69055004,20
2025-09-09,47946470.69055004,20
2025-09-10,49508730.69055004,20
2025-09-11,49757380.69055004,20
2025-09-12,49191860.69055004,20
2025-09-15,49426020.69055004,20
2025-09-16,50243070.69055004,20
2025-09-17,49173370.69055004,20
2025-09-18,48732542.46055004,18
2025-09-19,48734720.572550036,17
2025-09-22,48392480.572550036,17
2025-09-23,48248630.572550036,17
2025-09-24,48096033.028550036,16
2025-09-25,47718199.14755004,14
2025-09-26,47030043.49755004,11
2025-09-29,47333222.24755004,10
2025-09-30,47720722.24755004,10
2025-10-01,48551914.93905003,20
2025-10-02,48459049.93905003,20
2025-10-10,48076334.93905003,20
2025-10-13,47955019.93905003,20
2025-10-14,46371740.63905004,16
2025-10-15,48053210.63905004,16
2025-10-16,47761125.63905004,16
2025-10-17,47508611.36155003,13
2025-10-20,48242511.36155003,13
2025-10-21,48833761.36155003,13
2025-10-22,49803961.36155003,13
2025-10-23,49510436.36155003,13
2025-10-24,49761736.36155003,13
2025-10-27,51223311.36155003,13
2025-10-28,51102011.36155003,13
2025-10-29,52000836.36155003,13
2025-10-30,51676035.99655004,12
2025-10-31,51423385.99655004,12
2025-11-03,52764460.99655004,12
2025-11-04,51960481.87655003,11
2025-11-05,50317427.87655003,7
2025-11-06,49029672.03405003,20
2025-11-07,47591986.86905003,17
2025-11-10,48993636.86905003,17
2025-11-11,48903514.86905003,17
2025-11-12,48970162.86905003,17
2025-11-13,49679806.86905003,17
2025-11-14,48730736.86905003,17
2025-11-17,48605524.95705003,15
2025-11-18,47355861.00705003,12
2025-11-19,46772688.18455003,10
2025-11-20,47338050.18455003,10
2025-11-21,46368789.16455003,6
2025-11-24,46106354.36455003,4
2025-11-25,45801994.064550035,3
2025-11-26,46076744.064550035,3
2025-11-27,46109244.064550035,3
2025-11-28,46351244.064550035,3
2025-12-01,46175244.064550035,3
2025-12-02,46128244.064550035,3
2025-12-03,46152244.064550035,3
2025-12-04,46166244.064550035,3
2025-12-05,46633144.98255004,20
2025-12-08,46935838.40755004,19
2025-12-09,47190658.40755004,19
2025-12-10,46712803.40755004,19
2025-12-11,46202188.17030004,18
2025-12-12,46833208.17030004,18
2025-12-15,45940778.17030004,18
2025-12-16,45260612.945300035,16
2025-12-17,45098542.945300035,16
2025-12-18,44599029.945300035,15
2025-12-19,45466070.195300035,14
2025-12-22,45870320.195300035,14
2025-12-23,46454550.59530003,13
2025-12-24,45732850.59530003,13
2025-12-26,45224981.59530003,12
2025-12-29,45564831.59530003,12
2025-12-30,45160264.702800035,8
2026-01-02,45409245.202800035,7
2026-01-05,46026245.202800035,7
2026-01-06,46666345.202800035,7
2026-01-07,46536645.202800035,7
2026-01-08,47129753.91280003,20
2026-01-09,47625653.91280003,20
2026-01-12,48490053.91280003,20
2026-01-13,49101281.087800026,19
2026-01-14,50640381.087800026,19
2026-01-15,51836631.087800026,19
2026-01-16,51563713.23780003,18
2026-01-19,51667913.23780003,18
2026-01-20,51249113.23780003,18
2026-01-21,50397532.062800035,16
2026-01-22,50970632.062800035,16
2026-01-23,51413132.062800035,16
2026-01-26,51373132.062800035,16
2026-01-27,52115732.062800035,16
2026-01-28,53290482.062800035,16
2026-01-29,53513782.062800035,16
2026-01-30,54438916.26280003,15
2026-02-02,52274662.312800035,12
2026-02-03,54051212.63780003,11
2026-02-04,54191812.63780003,11
2026-02-05,52802512.63780003,11
2026-02-06,51096572.59925003,20
2026-02-09,53511190.59925003,20
2026-02-10,52956232.59925003,20
2026-02-11,52877615.999250025,19
2026-02-12,53637713.999250025,19
2026-02-13,53987750.72425003,18
2026-02-19,56523642.72425003,18
2026-02-20,57397980.749250025,17
2026-02-23,57189819.60685003,16
2026-02-24,57339928.60685003,16
2026-02-25,58201372.20685003,15
2026-02-26,59055714.20685003,15
2026-02-27,59079632.20685003,15
2026-03-03,55732672.609350026,11
2026-03-04,51022601.69905003,0
2026-03-05,51022601.69905003,0
2026-03-06,51022601.69905003,0
2026-03-09,51022601.69905003,0
2026-03-10,51022601.69905003,0
2026-03-11,51022601.69905003,0
2026-03-12,51022601.69905003,0
2026-03-13,51796566.014250025,19
2026-03-16,51364336.014250025,19
2026-03-17,51802956.014250025,19
2026-03-18,52990826.014250025,19
2026-03-19,51936556.014250025,19
2026-03-20,52977096.014250025,19
2026-03-23,49198956.98925003,12
2026-03-24,49822333.224250026,10
2026-03-25,51050003.224250026,10
2026-03-26,50671843.224250026,10
2026-03-27,50839631.35425003,7
2026-03-30,49969331.99425002,6
