ticker,entry_date,exit_date,pnl_pct,exit_reason
069960,2020-01-13,2020-01-28,-0.11399603766249013,TRAIL
028050,2020-01-13,2020-02-03,-0.1415508883533936,TRAIL
006280,2020-01-13,2020-02-03,-0.0475673213899254,TRAIL
051900,2020-01-13,2020-02-03,-0.07374934004466288,TRAIL
005490,2020-01-13,2020-02-03,-0.09673758898197306,TRAIL
003690,2020-01-13,2020-02-13,-0.022117453093979902,REBAL
000100,2020-01-13,2020-02-13,-0.031880391991350766,REBAL
016360,2020-01-13,2020-02-13,-0.06453277938813635,REBAL
029780,2020-01-13,2020-02-13,-0.0014324435989520668,REBAL
051600,2020-01-13,2020-02-13,-0.018839505497345765,REBAL
000080,2020-01-13,2020-02-13,0.0869380468402837,REBAL
010120,2020-01-13,2020-02-13,-0.04639240163387399,REBAL
014680,2020-01-13,2020-02-21,-0.022975000550314924,TRAIL
003550,2020-02-13,2020-02-27,-0.12530124153661013,TRAIL
005387,2020-02-13,2020-02-27,-0.12532601160542506,TRAIL
005385,2020-02-13,2020-02-27,-0.132067778543225,TRAIL
005935,2020-01-13,2020-02-28,-0.07137237417502125,TRAIL
005930,2020-01-13,2020-02-28,-0.0943282674588652,TRAIL
051910,2020-01-13,2020-02-28,0.11565580860549182,TRAIL
051915,2020-02-13,2020-02-28,-0.11527705134344912,TRAIL
005380,2020-02-13,2020-02-28,-0.16402159414483566,TRAIL
051900,2020-02-13,2020-02-28,-0.13390338290453158,TRAIL
126560,2020-02-13,2020-02-28,-0.16447475014123375,TRAIL
214320,2020-02-13,2020-03-06,-0.13010772305725968,TRAIL
035720,2020-01-13,2020-03-09,0.007987365993718812,TRAIL
028260,2020-01-13,2020-03-09,-0.03667161269213302,TRAIL
185750,2020-01-13,2020-03-11,-0.09252523543691209,TRAIL
097950,2020-02-13,2020-03-12,-0.14428662979073148,TRAIL
034310,2020-02-13,2020-03-12,-0.13266942141264024,TRAIL
032640,2020-02-13,2020-03-12,-0.13990047808656408,TRAIL
004370,2020-02-13,2020-03-13,-0.07428286042479727,TRAIL
036570,2020-01-13,2020-03-16,-0.020556525285178245,TRAIL
010130,2020-03-13,2020-03-18,-0.11938133071653786,TRAIL
051915,2020-03-13,2020-03-18,-0.20702258233752183,TRAIL
005935,2020-03-13,2020-03-19,-0.11737945113119916,TRAIL
005930,2020-03-13,2020-03-19,-0.09854357688868555,TRAIL
097950,2020-03-13,2020-03-19,-0.2935229748946606,TRAIL
185750,2020-03-13,2020-03-19,-0.09716766899792444,TRAIL
003690,2020-03-13,2020-03-19,-0.20209279894848522,TRAIL
017670,2020-03-13,2020-03-19,-0.1341888601277984,TRAIL
028260,2020-03-13,2020-03-19,-0.15458755764204496,TRAIL
016360,2020-03-13,2020-03-19,-0.19268854106813707,TRAIL
032640,2020-03-13,2020-03-19,-0.18689338429637078,TRAIL
012750,2020-03-13,2020-03-23,-0.027807307310878184,TRAIL
035720,2020-03-13,2020-04-13,0.06891213979894689,REBAL
003120,2020-03-13,2020-04-13,0.1286243408653873,REBAL
051900,2020-03-13,2020-04-13,0.12410886063116972,REBAL
088980,2020-03-13,2020-05-18,0.10817318378636646,REBAL
000120,2020-03-13,2020-05-18,0.22039142690823602,REBAL
006280,2020-04-13,2020-05-18,-0.062497109805205425,REBAL
126560,2020-04-13,2020-05-18,0.11343383680196345,REBAL
293480,2020-04-13,2020-05-18,0.0024516839224143537,REBAL
005500,2020-04-13,2020-05-18,0.10202570322817298,REBAL
039490,2020-04-13,2020-05-18,-0.017356338479722993,REBAL
185750,2020-04-13,2020-05-18,0.13449590111396822,REBAL
007310,2020-04-13,2020-05-18,0.1343828882499411,REBAL
016580,2020-04-13,2020-05-18,-0.014541843313755616,REBAL
026960,2020-04-13,2020-05-18,0.06373722850301113,REBAL
001450,2020-04-13,2020-06-15,-0.004095290416021506,TRAIL
094280,2020-05-18,2020-06-15,-0.031011633918291263,TRAIL
001440,2020-05-18,2020-06-15,-0.11918163993118563,TRAIL
007070,2020-05-18,2020-06-15,-0.13665616953624476,TRAIL
213500,2020-05-18,2020-06-15,-0.14189342633330168,TRAIL
108670,2020-05-18,2020-06-15,0.07099985824201613,TRAIL
051900,2020-05-18,2020-06-15,-0.15057153715805732,TRAIL
002310,2020-05-18,2020-06-15,-0.1344416421115716,TRAIL
004370,2020-03-13,2020-06-16,0.45836147900383,REBAL
000100,2020-03-13,2020-06-16,0.33129137186030416,REBAL
271560,2020-04-13,2020-06-16,0.15596082362426067,REBAL
003230,2020-04-13,2020-06-16,0.2969679533808088,REBAL
181710,2020-05-18,2020-06-16,-0.09661433507011781,REBAL
001680,2020-05-18,2020-06-16,0.017176460662471117,REBAL
02826K,2020-06-16,2020-06-17,-0.17403141149582746,TRAIL
185750,2020-06-16,2020-06-19,0.04019221068871438,TRAIL
249420,2020-06-16,2020-06-22,0.005419722732869938,TRAIL
079550,2020-06-16,2020-06-24,-0.07936715800085713,TRAIL
234080,2020-06-16,2020-06-26,-0.13177538138832648,TRAIL
066575,2020-06-16,2020-06-29,-0.027528342406232857,TRAIL
000640,2020-06-16,2020-06-30,-0.12616564158743124,TRAIL
039490,2020-06-16,2020-07-08,-0.021526528040011855,TRAIL
005500,2020-06-16,2020-07-15,-0.002335741459159553,REBAL
001130,2020-06-16,2020-07-15,0.035346480260571626,REBAL
108670,2020-06-16,2020-07-15,0.14002750495466781,REBAL
096775,2020-06-16,2020-07-15,0.026322613609733363,REBAL
036570,2020-04-13,2020-07-20,0.3141046782375384,TRAIL
035720,2020-05-18,2020-07-20,0.39383649376342406,TRAIL
035420,2020-05-18,2020-07-20,0.21824622614226197,TRAIL
010120,2020-07-15,2020-07-30,-0.005939558396732598,TRAIL
002390,2020-06-16,2020-08-12,0.2634876475682858,TRAIL
185750,2020-07-15,2020-08-13,0.33312019129915543,TRAIL
008490,2020-04-13,2020-08-13,0.4730004212433189,REBAL
192080,2020-04-13,2020-08-13,0.5723773409412438,REBAL
000080,2020-04-13,2020-08-13,0.5444236546216257,REBAL
009450,2020-07-15,2020-08-13,0.06168924085925049,REBAL
006280,2020-07-15,2020-08-13,0.4515311142186485,REBAL
009290,2020-07-15,2020-08-13,0.0716167635289593,REBAL
004370,2020-07-15,2020-08-13,-0.0430272525813473,REBAL
004000,2020-07-15,2020-08-13,0.056789713663348264,REBAL
001680,2020-07-15,2020-08-13,-0.05485317543875508,REBAL
003230,2020-07-15,2020-08-13,-0.0905323029459518,REBAL
014680,2020-06-16,2020-08-20,0.30131548718973183,TRAIL
005385,2020-08-13,2020-08-20,-0.13769226365289672,TRAIL
005389,2020-08-13,2020-08-20,-0.14879939351796717,TRAIL
000270,2020-08-13,2020-08-20,-0.1238215396556256,TRAIL
097955,2020-07-15,2020-09-07,0.00530003703288372,TRAIL
006890,2020-08-13,2020-09-09,0.10683167234057829,TRAIL
210980,2020-08-13,2020-09-14,0.3077129317479231,TRAIL
003550,2020-08-13,2020-09-14,-0.12982756796696232,TRAIL
005380,2020-08-13,2020-09-14,-0.0069407324434044085,REBAL
00680K,2020-08-13,2020-09-14,-0.06665984992644657,REBAL
005387,2020-08-13,2020-09-14,-0.07247412983374753,REBAL
000100,2020-08-13,2020-09-14,0.000330323317065257,REBAL
039490,2020-08-13,2020-09-14,-0.05151111218073203,REBAL
001130,2020-08-13,2020-09-14,-0.09262015349015291,REBAL
018670,2020-09-14,2020-09-18,0.02055581625684918,TRAIL
306200,2020-08-13,2020-09-21,0.12322207302511198,TRAIL
002390,2020-08-13,2020-09-21,-0.05389052589522042,TRAIL
000500,2020-09-14,2020-09-21,-0.16752183710784618,TRAIL
012630,2020-09-14,2020-09-21,-0.13715138521873935,TRAIL
000215,2020-09-14,2020-09-22,-0.1545207877431386,TRAIL
251270,2020-07-15,2020-09-24,0.24954336221210777,TRAIL
006890,2020-09-14,2020-09-24,-0.1257571630462806,TRAIL
069260,2020-09-14,2020-09-24,-0.15030257756771215,TRAIL
017940,2020-09-14,2020-09-24,-0.12807526446627193,TRAIL
005090,2020-09-14,2020-09-24,0.03621513830523476,TRAIL
009450,2020-09-14,2020-09-25,-0.16456498614633053,TRAIL
066570,2020-07-15,2020-10-19,0.2570345358068347,REBAL
066575,2020-08-13,2020-10-19,-0.041245250888307605,REBAL
035720,2020-09-14,2020-10-19,-0.054266944919036324,REBAL
123890,2020-09-14,2020-10-19,-0.004095290416021612,REBAL
058860,2020-09-14,2020-10-19,-0.05281861280271322,REBAL
035420,2020-09-14,2020-10-19,-0.049437293453991366,REBAL
067830,2020-10-19,2020-10-26,-0.13116447186214328,TRAIL
000120,2020-10-19,2020-10-27,-0.12654259077470745,TRAIL
036460,2020-10-19,2020-10-29,-0.05096139439644404,TRAIL
069260,2020-10-19,2020-11-17,0.03046973204242469,TRAIL
026960,2020-08-13,2020-11-17,0.3826863060968259,REBAL
018670,2020-10-19,2020-11-17,-0.07493370072115811,REBAL
000430,2020-10-19,2020-11-17,-0.06199672701974124,REBAL
002460,2020-10-19,2020-11-17,-0.04988401269574479,REBAL
030000,2020-10-19,2020-11-17,-0.037218506921031964,REBAL
005850,2020-10-19,2020-11-17,0.059831025401869034,REBAL
000640,2020-10-19,2020-11-17,0.10848043574745377,REBAL
005380,2020-10-19,2020-11-17,0.054660149677428604,REBAL
108670,2020-10-19,2020-11-17,0.026796879305194858,REBAL
060980,2020-10-19,2020-11-17,0.09441769476693782,REBAL
005389,2020-10-19,2020-11-17,0.04053552243345237,REBAL
249420,2020-11-17,2020-11-25,0.04556924890706404,TRAIL
105840,2020-11-17,2020-11-30,-0.033839097396387595,TRAIL
006380,2020-11-17,2020-12-07,0.19508565150077428,TRAIL
139480,2020-09-14,2020-12-16,0.008965754955571548,REBAL
000270,2020-10-19,2020-12-16,0.31374663817460985,REBAL
003540,2020-10-19,2020-12-16,0.13115102816945684,REBAL
139130,2020-10-19,2020-12-16,0.18293657318161177,REBAL
083420,2020-11-17,2020-12-16,0.6544079872794405,REBAL
175330,2020-11-17,2020-12-16,-0.013907159475962215,REBAL
001500,2020-11-17,2020-12-16,0.0037968839136919377,REBAL
161000,2020-11-17,2020-12-16,-0.009555294306284625,REBAL
073240,2020-11-17,2020-12-16,-0.02754286102580537,REBAL
086790,2020-11-17,2020-12-16,-0.0013555250526543026,REBAL
039490,2020-11-17,2020-12-16,0.1065607884266427,REBAL
044450,2020-11-17,2020-12-16,-0.004095290416021536,REBAL
105560,2020-11-17,2020-12-16,0.011125960603821022,REBAL
004490,2020-12-16,2021-01-13,0.9573830835280166,TRAIL
084010,2020-12-16,2021-01-18,0.030170509031508332,TRAIL
004560,2020-12-16,2021-01-18,0.05536170717108173,TRAIL
015890,2020-12-16,2021-01-18,-0.1318952687976901,TRAIL
007690,2020-12-16,2021-01-18,-0.07887408273808681,TRAIL
016710,2020-10-19,2021-01-19,0.19508565150077412,REBAL
016360,2020-11-17,2021-01-19,0.05008605388776999,REBAL
002310,2020-11-17,2021-01-19,0.13673971902009652,REBAL
005490,2020-12-16,2021-01-19,-0.015099762345126343,REBAL
018880,2020-12-16,2021-01-19,0.10170954021487451,REBAL
009200,2020-12-16,2021-01-19,-0.06677460780242579,REBAL
090430,2020-12-16,2021-01-19,-0.013424608538588083,REBAL
009155,2020-12-16,2021-01-19,0.33703643570245545,REBAL
060980,2020-12-16,2021-01-19,0.07421962776882612,REBAL
005940,2020-12-16,2021-01-19,-0.049740922938620556,REBAL
008730,2020-12-16,2021-01-29,0.1359936073515457,TRAIL
003550,2021-01-19,2021-01-29,-0.0324050096786494,TRAIL
005389,2021-01-19,2021-01-29,-0.02838564918636251,TRAIL
005387,2021-01-19,2021-01-29,-0.058915733145414755,TRAIL
00104K,2021-01-19,2021-01-29,-0.09630868945157504,TRAIL
004960,2021-01-19,2021-01-29,-0.06553928278109997,TRAIL
001040,2021-01-19,2021-01-29,-0.13627066201057728,TRAIL
028260,2021-01-19,2021-01-29,-0.09145535266023021,TRAIL
004360,2021-01-19,2021-02-08,-0.042399317707713116,TRAIL
000660,2020-11-17,2021-02-19,0.31901137100958116,REBAL
005935,2020-12-16,2021-02-19,0.05281355013163426,REBAL
005930,2020-12-16,2021-02-19,0.10611278810744162,REBAL
023350,2021-01-19,2021-02-19,-0.043726928409735605,REBAL
000230,2021-01-19,2021-02-19,0.15387580144902327,REBAL
005385,2021-01-19,2021-02-19,-0.017315264437047836,REBAL
009150,2021-01-19,2021-02-19,-0.0015867143213517047,REBAL
006660,2021-01-19,2021-02-19,-0.010877842354164497,REBAL
003555,2021-01-19,2021-02-19,0.04053200605039599,REBAL
058850,2021-02-19,2021-02-22,-0.17906930147899272,TRAIL
136490,2021-01-19,2021-02-24,0.3185217281816053,TRAIL
280360,2021-02-19,2021-03-02,-0.12814036100477333,TRAIL
026960,2021-02-19,2021-03-05,-0.17905152318077452,TRAIL
047810,2021-02-19,2021-03-09,-0.12724479751511572,TRAIL
009155,2021-02-19,2021-03-09,-0.14401578680385327,TRAIL
009580,2021-02-19,2021-03-10,-0.045434731191205606,TRAIL
002310,2021-02-19,2021-03-10,-0.11778803442999941,TRAIL
004360,2021-02-19,2021-03-10,-0.13228104511494948,TRAIL
104700,2020-12-16,2021-03-23,0.328855100657912,REBAL
010955,2021-02-19,2021-03-23,-0.06405281885015912,REBAL
009160,2021-02-19,2021-03-23,-0.04805455461379223,REBAL
016610,2021-02-19,2021-03-23,-0.03605844832496683,REBAL
035420,2021-02-19,2021-03-23,0.021636108010671427,REBAL
035720,2021-02-19,2021-03-23,-0.006121921957438074,REBAL
130660,2021-02-19,2021-03-23,-0.05501066411663401,REBAL
183190,2021-02-19,2021-03-23,-0.06720847824142955,REBAL
003080,2021-03-23,2021-04-12,-0.11591617008860863,TRAIL
128820,2021-03-23,2021-04-12,0.04898533157871031,TRAIL
092440,2021-03-23,2021-04-13,-0.0777361316176539,TRAIL
016880,2021-03-23,2021-04-15,0.32864857283283117,TRAIL
004250,2021-02-19,2021-04-21,0.1440455351345952,REBAL
227840,2021-03-23,2021-04-21,0.0023716232825756523,REBAL
139130,2021-03-23,2021-04-21,-0.08832037442655241,REBAL
031430,2021-03-23,2021-04-21,-0.06046725510945432,REBAL
023530,2021-03-23,2021-04-21,-0.04284644643096247,REBAL
005440,2021-03-23,2021-04-21,-0.06791307259075777,REBAL
069960,2021-03-23,2021-04-21,0.019779137553457216,REBAL
047810,2021-03-23,2021-04-21,-0.09392198971183147,REBAL
002700,2021-03-23,2021-04-21,0.013262525873023864,REBAL
052690,2021-03-23,2021-04-21,0.9639519447739995,REBAL
192820,2021-03-23,2021-04-21,0.08753064133189256,REBAL
090435,2021-03-23,2021-04-21,0.059884042442100736,REBAL
138930,2021-03-23,2021-04-21,-0.009979513220062755,REBAL
090350,2021-04-21,2021-04-22,-0.15175308647421396,TRAIL
104700,2021-04-21,2021-05-03,-0.055607602980710075,TRAIL
007690,2021-04-21,2021-05-10,-0.0972579020349893,TRAIL
014830,2021-02-19,2021-05-12,0.27885842999918503,TRAIL
005010,2021-04-21,2021-05-14,0.43280023613171825,TRAIL
138040,2021-03-23,2021-05-17,0.1485869647118357,TRAIL
000320,2021-04-21,2021-05-17,-0.09879788549916073,TRAIL
009160,2021-04-21,2021-05-20,0.08939250500776776,TRAIL
027410,2021-02-19,2021-05-24,0.09434669076196632,TRAIL
000700,2021-04-21,2021-05-24,-0.008127293288831126,TRAIL
002380,2021-04-21,2021-05-24,0.16188882784797484,REBAL
001750,2021-04-21,2021-05-24,0.06254517342231142,REBAL
002840,2021-04-21,2021-05-24,-0.017523219084569597,REBAL
002310,2021-04-21,2021-05-24,0.03418765209000468,REBAL
011700,2021-04-21,2021-05-24,0.019065284225466248,REBAL
035720,2021-04-21,2021-05-24,-0.029097082288422834,REBAL
000860,2021-04-21,2021-05-24,-0.032134111794831714,REBAL
003920,2021-05-24,2021-06-07,0.4880620860272245,TRAIL
003960,2021-05-24,2021-06-09,0.15660751499412032,TRAIL
138040,2021-05-24,2021-06-10,-0.043150377066373764,TRAIL
051600,2021-05-24,2021-06-11,0.04390011727477247,TRAIL
183190,2021-04-21,2021-06-17,0.14262281412090397,TRAIL
300720,2021-04-21,2021-06-22,0.008923071800762456,REBAL
003545,2021-04-21,2021-06-22,0.09483564099960545,REBAL
031440,2021-05-24,2021-06-22,0.040699586688697165,REBAL
010960,2021-05-24,2021-06-22,0.03414479025247843,REBAL
028100,2021-05-24,2021-06-22,-0.02216158900257888,REBAL
272550,2021-05-24,2021-06-22,-0.04180596788735984,REBAL
003610,2021-05-24,2021-06-22,-0.06521579605835957,REBAL
175330,2021-05-24,2021-06-22,-0.03463636817659692,REBAL
138930,2021-05-24,2021-06-22,-0.024816324685649142,REBAL
267250,2021-05-24,2021-06-22,0.008600378686323773,REBAL
082640,2021-05-24,2021-06-22,0.036781395425111864,REBAL
001940,2021-05-24,2021-06-22,0.08454544289773573,REBAL
005300,2021-05-24,2021-06-22,-0.04921718664312746,REBAL
005945,2021-05-24,2021-06-22,-0.0432356501813308,REBAL
078520,2021-06-22,2021-06-28,-0.1639318487443144,TRAIL
028050,2021-06-22,2021-06-29,-0.03433531196209382,TRAIL
009270,2021-06-22,2021-07-08,-0.13501234144114546,TRAIL
009160,2021-06-22,2021-07-09,0.05231761252337583,TRAIL
007590,2021-06-22,2021-07-09,-0.14725659241871844,TRAIL
025860,2021-06-22,2021-07-09,-0.1377797964772944,TRAIL
035720,2021-06-22,2021-07-21,-0.08603681715394379,TRAIL
008970,2021-06-22,2021-07-21,-0.12553984206177216,TRAIL
010955,2021-06-22,2021-07-21,-0.10400806063318453,TRAIL
003570,2021-06-22,2021-07-21,0.0444854271246603,REBAL
070960,2021-06-22,2021-07-21,-0.08313534673221032,REBAL
100840,2021-06-22,2021-07-21,-0.039609780464865525,REBAL
003960,2021-06-22,2021-07-21,0.013108437772569235,REBAL
039570,2021-06-22,2021-07-21,-0.06889730919032146,REBAL
071950,2021-06-22,2021-07-21,-0.020394876497592293,REBAL
117580,2021-06-22,2021-07-21,-0.0923749322628008,REBAL
009450,2021-06-22,2021-07-21,-0.014184050136843422,REBAL
007610,2021-06-22,2021-07-26,0.015729510594432446,TRAIL
004250,2021-07-21,2021-07-27,0.040870306839442344,TRAIL
016090,2021-05-24,2021-07-30,-0.018072900375094868,TRAIL
001420,2021-07-21,2021-08-10,-0.13554774771250827,TRAIL
058730,2021-07-21,2021-08-11,-0.08376766718273995,TRAIL
053210,2021-07-21,2021-08-17,-0.11377642583275929,TRAIL
005750,2021-07-21,2021-08-17,-0.1103867443391377,TRAIL
000720,2021-07-21,2021-08-17,-0.13158285206218073,TRAIL
344820,2021-07-21,2021-08-17,-0.013274135665643548,TRAIL
010960,2021-07-21,2021-08-17,-0.12581697714295237,TRAIL
051600,2021-07-21,2021-08-18,-0.13212399597118607,TRAIL
002200,2021-07-21,2021-08-19,-0.14487939072495787,TRAIL
178920,2021-07-21,2021-08-20,-0.03323535937114665,TRAIL
016710,2021-07-21,2021-08-20,0.010376244333547445,REBAL
030200,2021-07-21,2021-08-20,-0.015933682208996092,REBAL
020150,2021-07-21,2021-08-20,-0.050022934790039955,REBAL
024090,2021-08-20,2021-08-23,-0.17339909104529788,TRAIL
035420,2021-07-21,2021-09-09,-0.10301133380585238,TRAIL
035720,2021-07-21,2021-09-09,-0.1635702275716261,TRAIL
003960,2021-08-20,2021-09-23,0.07041582836672142,TRAIL
178920,2021-08-20,2021-09-23,-0.002407316331981009,REBAL
207940,2021-08-20,2021-09-23,-0.06703650826415028,REBAL
006400,2021-08-20,2021-09-23,-0.07981497959426727,REBAL
025860,2021-08-20,2021-09-23,-0.013490617864926951,REBAL
213500,2021-08-20,2021-09-23,-0.03622124878969825,REBAL
000810,2021-08-20,2021-09-23,-0.006318291999914418,REBAL
064350,2021-08-20,2021-09-23,0.02803066795765508,REBAL
010130,2021-08-20,2021-09-23,0.026022795559300354,REBAL
001450,2021-08-20,2021-09-23,-0.046804654179856915,REBAL
139480,2021-08-20,2021-09-23,-0.01275533136892577,REBAL
005500,2021-08-20,2021-09-23,-0.06289409245788008,REBAL
009450,2021-08-20,2021-09-23,-0.061297475502582896,REBAL
138040,2021-06-22,2021-09-27,0.6339843601968291,TRAIL
012510,2021-09-23,2021-10-01,-0.13842662333665115,TRAIL
145990,2021-09-23,2021-10-05,-0.1295534161688085,TRAIL
017940,2021-09-23,2021-10-05,-0.1263993775579137,TRAIL
007340,2021-08-20,2021-10-06,0.02854967782133672,TRAIL
003960,2021-09-23,2021-10-12,-0.1334973826152556,TRAIL
004800,2021-09-23,2021-10-12,-0.13989562148363627,TRAIL
117580,2021-09-23,2021-10-20,0.2325553336435376,TRAIL
060980,2021-09-23,2021-10-26,-0.09543046660361737,REBAL
003540,2021-09-23,2021-10-26,-0.02963130861048261,REBAL
003545,2021-09-23,2021-10-26,-0.009282294111771396,REBAL
002460,2021-09-23,2021-10-26,-0.0825398394585952,REBAL
000720,2021-09-23,2021-10-26,-0.06384957299106028,REBAL
020150,2021-09-23,2021-10-26,0.2976940155185173,REBAL
010120,2021-09-23,2021-10-26,-0.06531282128999927,REBAL
016360,2021-09-23,2021-10-26,0.0010382390148236404,REBAL
000880,2021-09-23,2021-10-26,-0.0026540390273327766,REBAL
006360,2021-09-23,2021-10-26,-0.08315277563106734,REBAL
005830,2021-07-21,2021-11-03,0.06730228986665342,TRAIL
005300,2021-10-26,2021-11-04,-0.14327452001626698,TRAIL
010130,2021-10-26,2021-11-05,-0.1268543778821022,TRAIL
000810,2021-10-26,2021-11-11,-0.11608457502787455,TRAIL
001450,2021-10-26,2021-11-11,-0.13141760880416595,TRAIL
114090,2021-10-26,2021-11-11,-0.13649880671909387,TRAIL
070960,2021-10-26,2021-11-17,-0.12366678793321316,TRAIL
020000,2021-10-26,2021-11-17,-0.1507524907999635,TRAIL
000080,2021-10-26,2021-11-18,-0.12758747440443488,TRAIL
139130,2021-10-26,2021-11-22,-0.12766124512366347,TRAIL
175330,2021-08-20,2021-11-24,0.10251591870393435,REBAL
111770,2021-10-26,2021-11-24,-0.062487097492606704,REBAL
051600,2021-10-26,2021-11-24,-0.05253861904963126,REBAL
086790,2021-10-26,2021-11-24,-0.10064242769918912,REBAL
138930,2021-10-26,2021-11-30,-0.13116273973044407,TRAIL
286940,2021-11-24,2021-11-30,-0.11992744374310882,TRAIL
013570,2021-11-24,2021-11-30,0.004344580004181745,TRAIL
001820,2021-11-24,2021-11-30,-0.13185938144817655,TRAIL
007340,2021-11-24,2021-12-20,-0.14388499961296258,TRAIL
024110,2021-10-26,2021-12-23,-0.03858549680854034,REBAL
105560,2021-10-26,2021-12-23,-0.03264567838048632,REBAL
100250,2021-11-24,2021-12-23,-0.004095290416021494,REBAL
900140,2021-11-24,2021-12-23,-0.0989991509763771,REBAL
090460,2021-11-24,2021-12-23,0.06533075905016932,REBAL
034220,2021-11-24,2021-12-23,0.04801913495147717,REBAL
009150,2021-11-24,2021-12-23,0.018284590698225092,REBAL
006800,2021-11-24,2021-12-23,-0.004095290416021477,REBAL
348950,2021-11-24,2021-12-23,-0.00781690741745651,REBAL
060980,2021-11-24,2021-12-23,-0.028710854813565893,REBAL
181710,2021-11-24,2021-12-27,-0.10238290759110645,TRAIL
003540,2021-12-23,2021-12-30,-0.11130991226118665,TRAIL
016360,2021-12-23,2022-01-06,-0.1492271325161993,TRAIL
005940,2021-12-23,2022-01-06,-0.12672534793942192,TRAIL
034830,2021-12-23,2022-01-18,-0.12972129582972267,TRAIL
033780,2021-11-24,2022-01-24,-0.06316437164876053,REBAL
017670,2021-12-23,2022-01-24,-0.08708734954801979,REBAL
003230,2021-12-23,2022-01-24,-0.07747774270115675,REBAL
000100,2021-12-23,2022-01-24,-0.06247712480470792,REBAL
003520,2021-12-23,2022-01-24,-0.05848556645733113,REBAL
021240,2021-12-23,2022-01-24,-0.07885149635171466,REBAL
005930,2021-12-23,2022-01-24,-0.05900732954095272,REBAL
139130,2021-12-23,2022-01-24,-0.03237656005938003,REBAL
138930,2021-12-23,2022-01-24,-0.045731984489024005,REBAL
207940,2021-12-23,2022-01-24,-0.10136478380669349,REBAL
286940,2022-01-24,2022-01-28,-0.125576420449816,TRAIL
316140,2021-10-26,2022-02-25,0.07135203606761317,REBAL
088980,2021-10-26,2022-02-25,0.02197276817256246,REBAL
010130,2021-12-23,2022-02-25,0.003478129428723587,REBAL
004890,2022-01-24,2022-02-25,0.13772658278422847,REBAL
005830,2022-01-24,2022-02-25,-0.06977612248981141,REBAL
100250,2022-01-24,2022-02-25,0.011972156915235982,REBAL
002310,2022-01-24,2022-02-25,-0.12160048825861873,REBAL
003690,2022-01-24,2022-02-25,0.002011516719312721,REBAL
009150,2022-01-24,2022-02-25,-0.0789962017217804,REBAL
282330,2022-01-24,2022-02-25,0.014754640995662432,REBAL
000860,2022-01-24,2022-02-25,-0.05357779645704128,REBAL
105560,2022-01-24,2022-03-02,-0.058327725096337234,TRAIL
004370,2021-12-23,2022-03-07,-0.08774497283749678,TRAIL
086790,2022-01-24,2022-03-07,-0.00847289353507203,TRAIL
011170,2022-02-25,2022-03-07,-0.14222657425417898,TRAIL
000660,2022-01-24,2022-03-11,0.00017897872382382577,TRAIL
017960,2022-02-25,2022-03-16,-0.05966078923401176,TRAIL
005090,2022-02-25,2022-03-29,-0.040624613740530474,TRAIL
055550,2022-01-24,2022-03-30,0.04691135284052022,REBAL
161890,2022-02-25,2022-03-30,-0.04862320000483632,REBAL
004170,2022-02-25,2022-03-30,0.0036549407869667545,REBAL
034230,2022-02-25,2022-03-30,0.008012973530288299,REBAL
114090,2022-02-25,2022-03-30,-0.007494282598901999,REBAL
000520,2022-02-25,2022-03-30,0.0373845360927476,REBAL
008770,2022-02-25,2022-03-30,-0.0004158395185438387,REBAL
006360,2022-02-25,2022-04-15,0.007803212685340166,TRAIL
010780,2022-01-24,2022-04-25,0.052582213381440694,TRAIL
007540,2022-03-30,2022-04-27,0.5834011281762815,TRAIL
079430,2022-03-30,2022-04-27,-0.0999743152517463,TRAIL
001450,2022-01-24,2022-04-28,0.20796046523684067,REBAL
000080,2022-02-25,2022-04-28,0.05719115325068472,REBAL
047810,2022-03-30,2022-04-28,0.0768823983486952,REBAL
001060,2022-03-30,2022-04-28,0.03896902627351369,REBAL
005610,2022-03-30,2022-04-28,0.013376722032820152,REBAL
005830,2022-03-30,2022-04-28,-0.04826273819442421,REBAL
010130,2022-03-30,2022-04-28,-0.01250664776048083,REBAL
316140,2022-03-30,2022-04-28,-0.04264644046443362,REBAL
365550,2022-03-30,2022-04-28,0.024379571251681362,REBAL
000180,2022-03-30,2022-04-28,0.1178522250432409,REBAL
030200,2022-03-30,2022-04-28,-0.008327180116803353,REBAL
282330,2022-03-30,2022-04-28,0.018799070723840162,REBAL
011150,2022-03-30,2022-05-09,-0.06723278994706322,TRAIL
003230,2022-04-28,2022-05-09,-0.1477353927598646,TRAIL
003350,2022-04-28,2022-05-09,-0.07017427588604858,TRAIL
001130,2022-03-30,2022-05-10,-0.05942332983735371,TRAIL
084690,2022-04-28,2022-05-18,-0.12681340628892887,TRAIL
000400,2022-04-28,2022-05-24,-0.1383471507766068,TRAIL
001685,2022-04-28,2022-05-24,-0.11871347949857654,TRAIL
227840,2022-04-28,2022-05-24,-0.08159760244590321,TRAIL
001680,2022-04-28,2022-05-24,-0.13202771358392384,TRAIL
006090,2022-04-28,2022-05-30,-0.08001627724529338,REBAL
010100,2022-04-28,2022-05-30,-0.08450995640727442,REBAL
012610,2022-04-28,2022-05-30,-0.04835772195308732,REBAL
010040,2022-04-28,2022-05-30,-0.07666121146611057,REBAL
101530,2022-04-28,2022-05-30,-0.10587456293394455,REBAL
067830,2022-04-28,2022-05-30,-0.059577446938805914,REBAL
088260,2022-04-28,2022-05-30,-0.017199299752652893,REBAL
213500,2022-04-28,2022-05-30,-0.0414842044277068,REBAL
015230,2022-05-30,2022-06-10,-0.06306333243086232,TRAIL
004380,2022-05-30,2022-06-15,-0.09157340679839805,TRAIL
163560,2022-05-30,2022-06-15,-0.1104418988514967,TRAIL
011760,2022-05-30,2022-06-15,-0.0929192239735115,TRAIL
069260,2022-05-30,2022-06-16,-0.1322810451149494,TRAIL
086280,2022-02-25,2022-06-17,0.0645960791981778,TRAIL
006260,2022-05-30,2022-06-20,-0.01064729508433718,TRAIL
000210,2022-05-30,2022-06-23,-0.08696403296684307,TRAIL
055550,2022-05-30,2022-06-23,-0.1256883072838328,TRAIL
032830,2022-05-30,2022-06-30,-0.08720676258274215,REBAL
009440,2022-05-30,2022-06-30,0.07889676871597677,REBAL
030000,2022-05-30,2022-06-30,-0.08114787916526549,REBAL
006260,2022-06-30,2022-07-06,-0.20117008944245837,TRAIL
010120,2022-06-30,2022-07-06,-0.098114266495628,TRAIL
010955,2022-06-30,2022-07-06,-0.13748891970580865,TRAIL
267250,2022-06-30,2022-07-06,-0.13465086579005583,TRAIL
023530,2022-05-30,2022-07-11,-0.044620405760232414,TRAIL
004990,2022-05-30,2022-07-14,-0.059740395965842685,TRAIL
282330,2022-05-30,2022-07-29,0.0066422266684418915,REBAL
271560,2022-06-30,2022-07-29,-0.04203451744779223,REBAL
003230,2022-06-30,2022-07-29,-0.008977176247315415,REBAL
000210,2022-06-30,2022-07-29,-0.08169825479918871,REBAL
028260,2022-06-30,2022-07-29,-0.01634002045189016,REBAL
010140,2022-06-30,2022-07-29,-0.06823830560956601,REBAL
053210,2022-07-29,2022-08-23,-0.05399901224702699,TRAIL
128940,2022-04-28,2022-08-30,-0.06324336002585675,REBAL
001450,2022-05-30,2022-08-30,0.006917873828982841,REBAL
033780,2022-06-30,2022-08-30,-0.013671297238944556,REBAL
003550,2022-06-30,2022-08-30,0.027420681406256305,REBAL
012330,2022-07-29,2022-08-30,-0.0973935529696404,REBAL
207940,2022-07-29,2022-08-30,-0.040810815117555334,REBAL
005380,2022-07-29,2022-08-30,-0.032041596042102605,REBAL
005387,2022-07-29,2022-08-30,-0.04707644104017218,REBAL
005385,2022-07-29,2022-08-30,-0.04670083948913295,REBAL
000270,2022-07-29,2022-08-30,-0.03860683975804064,REBAL
005935,2022-07-29,2022-08-30,-0.05301692527277847,REBAL
010130,2022-08-30,2022-09-19,-0.06305284922339312,TRAIL
000720,2022-08-30,2022-09-23,-0.13557127598480034,TRAIL
000880,2022-08-30,2022-09-23,-0.13372098277457112,TRAIL
114090,2022-07-29,2022-09-26,0.009931536479527566,TRAIL
009770,2022-08-30,2022-09-26,-0.14471306502505507,TRAIL
006260,2022-08-30,2022-09-28,-0.15834820032151006,TRAIL
213500,2022-08-30,2022-09-28,0.0025440743145382374,TRAIL
267250,2022-08-30,2022-09-28,-0.13218592830463619,TRAIL
078930,2022-08-30,2022-09-28,-0.09640924931966183,TRAIL
000210,2022-08-30,2022-09-28,-0.12212844118153016,TRAIL
030200,2022-05-30,2022-09-30,-0.07179077394329854,REBAL
007310,2022-08-30,2022-09-30,-0.008244893372621437,REBAL
010140,2022-08-30,2022-09-30,-0.12300928559022788,REBAL
022100,2022-07-29,2022-10-07,-0.06138930078125897,TRAIL
005500,2022-09-30,2022-10-13,-0.1434476285107947,TRAIL
004990,2022-07-29,2022-10-19,-0.061270060125115065,TRAIL
000670,2022-09-30,2022-10-21,-0.0584044949405777,TRAIL
015890,2022-09-30,2022-10-26,-0.049363686306202435,TRAIL
213500,2022-09-30,2022-10-28,-0.09643082640394003,TRAIL
097950,2022-07-29,2022-11-02,0.0447604123182868,REBAL
004370,2022-08-30,2022-11-02,-0.02190822018093831,REBAL
004170,2022-09-30,2022-11-02,-0.08708734954801967,REBAL
003920,2022-09-30,2022-11-02,-0.03571257495840499,REBAL
161390,2022-09-30,2022-11-02,-0.03419131185949344,REBAL
271560,2022-09-30,2022-11-02,-0.0642253860890165,REBAL
001450,2022-11-02,2022-11-14,-0.13490068510764855,TRAIL
010130,2022-09-30,2022-12-01,0.07199250573216016,REBAL
207940,2022-09-30,2022-12-01,0.09255817608581517,REBAL
192080,2022-11-02,2022-12-01,0.01148754214961447,REBAL
078930,2022-11-02,2022-12-01,0.04650743536824551,REBAL
267250,2022-11-02,2022-12-01,0.05989199734967073,REBAL
000100,2022-11-02,2022-12-01,-0.033776478230590476,REBAL
028260,2022-11-02,2022-12-01,0.016652724366977976,REBAL
003550,2022-11-02,2022-12-01,0.03378574761723396,REBAL
069260,2022-11-02,2022-12-01,0.021864311018631906,REBAL
004360,2022-09-30,2022-12-08,0.8698619037086942,TRAIL
024110,2022-11-02,2022-12-29,-0.06413547864931407,TRAIL
086790,2022-11-02,2023-01-02,-0.020893683107799533,TRAIL
022100,2022-12-01,2023-01-02,-0.13829521582095486,TRAIL
039490,2022-12-01,2023-01-02,-0.13738018195563326,TRAIL
033780,2022-09-30,2023-01-02,0.043817650938534194,REBAL
007070,2022-12-01,2023-01-02,-0.05082830420691886,REBAL
006260,2022-12-01,2023-01-02,-0.08686837313870062,REBAL
088350,2022-12-01,2023-01-02,0.10105002752810363,REBAL
293480,2023-01-02,2023-01-03,-0.12727297818035566,TRAIL
128940,2023-01-02,2023-01-06,-0.12486037085389179,TRAIL
282330,2022-12-01,2023-01-27,-0.0950791774644345,TRAIL
032830,2022-11-02,2023-02-02,0.05824151703930953,REBAL
271560,2022-12-01,2023-02-02,0.06371098768331304,REBAL
004370,2023-01-02,2023-02-02,-0.054308973252188496,REBAL
008770,2023-01-02,2023-02-02,-0.015079533536433036,REBAL
001040,2023-01-02,2023-02-02,-0.01354634341325982,REBAL
005830,2023-01-02,2023-02-02,0.0063721765015277475,REBAL
027410,2023-01-02,2023-02-02,-0.007606117829361124,REBAL
006040,2023-01-02,2023-02-02,-0.09517643520131576,REBAL
000540,2023-01-02,2023-02-02,0.06913299705338867,REBAL
105560,2023-02-02,2023-02-15,-0.13009363322300677,TRAIL
055550,2023-02-02,2023-03-03,-0.12459621613080896,TRAIL
017800,2023-01-02,2023-03-06,-0.021659747375174704,REBAL
175330,2023-02-02,2023-03-06,-0.03628824766013352,REBAL
023590,2023-02-02,2023-03-06,-0.09993549259355926,REBAL
086790,2023-02-02,2023-03-06,-0.11912379790596445,REBAL
248070,2023-02-02,2023-03-06,-0.008601646567985358,REBAL
071050,2023-02-02,2023-03-06,-0.029348024731938725,REBAL
004020,2023-02-02,2023-03-06,0.0671425285814017,REBAL
139130,2023-02-02,2023-03-06,-0.009202494054913786,REBAL
272210,2023-02-02,2023-03-06,-0.07678906483820981,REBAL
095720,2023-03-06,2023-03-14,-0.08932326873224157,TRAIL
161390,2023-03-06,2023-03-14,-0.13051842712486858,TRAIL
003690,2023-02-02,2023-03-17,-0.07268716931619282,TRAIL
286940,2023-03-06,2023-03-30,-0.08123076706194075,TRAIL
114090,2022-12-01,2023-04-04,0.20094391449832694,REBAL
003200,2023-03-06,2023-04-04,-0.022885945313832607,REBAL
005830,2023-03-06,2023-04-04,-0.07005781014171367,REBAL
139480,2023-03-06,2023-04-04,-0.1064142674280741,REBAL
077500,2023-03-06,2023-04-04,0.08097734958558103,REBAL
001450,2023-03-06,2023-04-04,-0.02459921090745632,REBAL
016710,2021-10-26,2023-04-24,1.1123846110151439,TRAIL
004690,2022-05-30,2023-04-24,1.1624472977571119,TRAIL
017390,2022-06-30,2023-04-24,0.3505540057505298,TRAIL
001040,2023-03-06,2023-04-24,0.07521452718452276,TRAIL
015890,2023-04-04,2023-04-24,0.09138425564262877,TRAIL
005810,2023-04-04,2023-04-25,0.05109225349236321,TRAIL
005490,2022-11-02,2023-04-26,0.43960544595505063,TRAIL
017800,2023-04-04,2023-04-27,0.05734038972065246,TRAIL
066570,2023-03-06,2023-05-04,-0.030771309422735156,REBAL
373220,2023-04-04,2023-05-04,-0.04318370051914701,REBAL
051600,2023-04-04,2023-05-04,-0.052414117296106816,REBAL
001740,2023-04-04,2023-05-04,0.018861898279108533,REBAL
095720,2023-04-04,2023-05-04,0.012124655994140933,REBAL
344820,2023-05-04,2023-05-11,-0.13229153494757626,TRAIL
103140,2023-01-02,2023-05-16,0.18531897827157015,TRAIL
271560,2023-04-04,2023-05-19,-0.08894493354303189,TRAIL
001450,2023-05-04,2023-05-30,-0.10491190944367458,TRAIL
000270,2023-04-04,2023-06-07,0.08239767443618494,REBAL
005387,2023-04-04,2023-06-07,0.13758585726103456,REBAL
000860,2023-05-04,2023-06-07,-0.09373739503998167,REBAL
005389,2023-05-04,2023-06-07,0.0005584699091372694,REBAL
005830,2023-05-04,2023-06-07,0.005989820567107259,REBAL
009450,2023-05-04,2023-06-07,-0.04050218428053031,REBAL
128940,2023-05-04,2023-06-07,-0.016800535423588708,REBAL
005490,2023-05-04,2023-06-07,0.02632410974391409,REBAL
005380,2023-05-04,2023-06-07,0.008353518453778155,REBAL
090350,2023-05-04,2023-06-07,-0.06954357363074086,REBAL
001060,2023-05-04,2023-06-07,0.013255119676473507,REBAL
023000,2023-05-04,2023-06-07,0.01619743877612852,REBAL
000810,2023-05-04,2023-06-07,0.04878460566808359,REBAL
068270,2023-06-07,2023-06-27,-0.12785569109317257,TRAIL
004370,2023-05-04,2023-06-29,-0.0445194668197993,TRAIL
294870,2023-06-07,2023-07-06,-0.15779397000536,TRAIL
069260,2023-05-04,2023-07-06,-0.0733756180392548,REBAL
001200,2023-06-07,2023-07-06,0.16530413892336568,REBAL
000880,2023-06-07,2023-07-06,-0.045859036301801236,REBAL
005180,2023-06-07,2023-07-06,-0.053074210559495925,REBAL
016360,2023-06-07,2023-07-06,-0.04960706477873031,REBAL
005935,2023-06-07,2023-07-06,-0.007437252528719462,REBAL
006800,2023-06-07,2023-07-06,-0.04398466463166818,REBAL
000100,2023-06-07,2023-07-06,-0.04308746874005506,REBAL
089860,2023-06-07,2023-07-06,-0.07535252687688547,REBAL
049800,2023-07-06,2023-07-21,-0.010304172645348093,TRAIL
066570,2023-06-07,2023-07-28,-0.14148822385044418,TRAIL
086280,2023-07-06,2023-07-31,-0.1277091773036741,TRAIL
204320,2023-07-06,2023-07-31,-0.13444440023916,TRAIL
066575,2023-06-07,2023-08-02,-0.14366602277182322,TRAIL
005385,2023-05-04,2023-08-04,-0.043637213326558136,REBAL
005930,2023-06-07,2023-08-04,-0.03901481038740933,REBAL
402340,2023-06-07,2023-08-04,-0.012860128344153308,REBAL
009450,2023-07-06,2023-08-04,0.11329271717752723,REBAL
011760,2023-07-06,2023-08-04,0.02138627997845113,REBAL
111770,2023-07-06,2023-08-04,-0.09390312252021289,REBAL
004000,2023-07-06,2023-08-04,-0.10353951986053046,REBAL
005387,2023-07-06,2023-08-04,-0.060366139477717295,REBAL
007690,2023-07-06,2023-08-04,-0.006006815770309414,REBAL
281820,2023-07-06,2023-08-04,-0.026325306254949596,REBAL
003490,2023-07-06,2023-08-04,-0.07772248684440909,REBAL
005380,2023-07-06,2023-08-04,-0.06463067472406735,REBAL
009540,2023-06-07,2023-08-17,0.07097767910414485,TRAIL
000660,2023-06-07,2023-09-05,0.08202710397302539,REBAL
010140,2023-06-07,2023-09-05,0.29007963918416907,REBAL
000100,2023-08-04,2023-09-05,-0.07067535076145057,REBAL
028050,2023-08-04,2023-09-05,-0.09907257879596505,REBAL
002310,2023-08-04,2023-09-05,-0.03211306996953509,REBAL
005940,2023-08-04,2023-09-05,0.00968204746359875,REBAL
009150,2023-08-04,2023-09-05,-0.04006033245615211,REBAL
000810,2023-08-04,2023-09-05,0.012537773627134641,REBAL
014530,2023-08-04,2023-09-05,0.07336396477384347,REBAL
010950,2023-08-04,2023-09-05,-0.010495706287383904,REBAL
081660,2023-08-04,2023-09-05,-0.030873778125705974,REBAL
069260,2023-08-04,2023-09-05,-0.049759043475548985,REBAL
267250,2023-08-04,2023-09-05,-0.03471371999870057,REBAL
001740,2023-08-04,2023-09-12,0.06441493289428567,TRAIL
003220,2023-08-04,2023-09-26,0.006486197123308186,TRAIL
069960,2023-08-04,2023-10-04,0.037985190270625344,TRAIL
192400,2023-09-05,2023-10-04,-0.1415301403386106,TRAIL
008770,2023-09-05,2023-10-04,-0.106847363627067,TRAIL
009540,2023-09-05,2023-10-04,-0.14027336437890497,TRAIL
004170,2023-09-05,2023-10-04,-0.11634354305498311,TRAIL
161390,2023-08-04,2023-10-11,-0.05684181980130162,REBAL
018260,2023-08-04,2023-10-11,0.07560803910002334,REBAL
007690,2023-09-05,2023-10-11,-0.12240311939142316,REBAL
090350,2023-09-05,2023-10-11,-0.08011855068960769,REBAL
006120,2023-09-05,2023-10-11,-0.021351065087031124,REBAL
012330,2023-09-05,2023-10-11,-0.010479294964636846,REBAL
000100,2023-10-11,2023-10-18,-0.21172944965153878,TRAIL
005180,2023-09-05,2023-10-19,-0.10076735929505239,TRAIL
003850,2023-10-11,2023-10-25,-0.08040612655291222,TRAIL
018670,2023-10-11,2023-10-26,-0.01877037655858522,TRAIL
001450,2023-10-11,2023-11-02,-0.12395900731988824,TRAIL
105560,2023-08-04,2023-11-09,0.003609968458902846,REBAL
030200,2023-09-05,2023-11-09,0.0005082752677256051,REBAL
024110,2023-09-05,2023-11-09,0.04933900482530201,REBAL
210980,2023-10-11,2023-11-09,-0.04788053373430185,REBAL
185750,2023-10-11,2023-11-09,0.3557789692755463,REBAL
005830,2023-10-11,2023-11-09,-0.09291622326632057,REBAL
139130,2023-10-11,2023-11-09,-0.02950719673590444,REBAL
030000,2023-10-11,2023-11-09,-0.03268585624139893,REBAL
000810,2023-10-11,2023-11-09,-0.08535506747885098,REBAL
086790,2023-10-11,2023-11-09,-0.07850196412057167,REBAL
005940,2023-10-11,2023-11-09,-0.0382731450823926,REBAL
012750,2023-10-11,2023-11-09,-0.043862318750104046,REBAL
004370,2023-09-05,2023-11-16,-0.04526677003010781,TRAIL
002210,2023-11-09,2023-11-27,-0.12586529857476123,TRAIL
175330,2023-09-05,2023-12-08,0.06982753338815006,REBAL
025540,2023-11-09,2023-12-08,-0.005492071214877126,REBAL
000240,2023-11-09,2023-12-08,0.5680972336358643,REBAL
005300,2023-11-09,2023-12-08,-0.07451909028022032,REBAL
000210,2023-11-09,2023-12-08,0.04792958247269365,REBAL
007070,2023-11-09,2023-12-08,-0.06484075560033183,REBAL
006800,2023-11-09,2023-12-08,-0.030975309568085717,REBAL
001680,2023-11-09,2023-12-08,0.012911620747140275,REBAL
029780,2023-11-09,2023-12-08,0.019065284225466293,REBAL
402340,2023-11-09,2023-12-08,0.0472510318826154,REBAL
192080,2023-11-09,2023-12-08,0.020995980465509767,REBAL
078930,2023-11-09,2023-12-08,0.011465720671228082,REBAL
023530,2023-11-09,2023-12-08,-0.02436815982231118,REBAL
003690,2023-09-05,2023-12-15,0.06519733403497588,TRAIL
071050,2023-12-08,2024-01-04,-0.1038466506651438,TRAIL
002320,2023-12-08,2024-01-11,-0.06151325577971017,REBAL
000080,2023-12-08,2024-01-11,-0.049363686306202414,REBAL
015760,2023-12-08,2024-01-11,-0.03600881874958743,REBAL
034730,2023-12-08,2024-01-11,-0.03335218552718429,REBAL
006280,2023-12-08,2024-01-11,-0.03838053451645359,REBAL
139130,2023-12-08,2024-01-11,-0.02413124315321409,REBAL
280360,2023-12-08,2024-01-11,0.02501577032566399,REBAL
214320,2023-12-08,2024-01-11,-0.08155454560588658,REBAL
030200,2023-12-08,2024-01-11,-0.028596564023731515,REBAL
028260,2023-12-08,2024-01-17,-0.04019068351461718,TRAIL
000270,2023-12-08,2024-01-17,0.021470524765830886,TRAIL
003000,2024-01-11,2024-01-18,-0.06850850110677509,TRAIL
375500,2023-11-09,2024-02-13,0.08668785998142951,REBAL
035150,2023-11-09,2024-02-13,0.23513834090795582,REBAL
021240,2023-11-09,2024-02-13,0.29260132098087194,REBAL
000120,2023-12-08,2024-02-13,0.21199724090880387,REBAL
161390,2023-12-08,2024-02-13,0.12120291599584547,REBAL
018260,2023-12-08,2024-02-13,-0.060812460037154466,REBAL
039130,2024-01-11,2024-02-13,0.10996559085257074,REBAL
192080,2024-01-11,2024-02-13,0.021722954740056224,REBAL
003850,2024-01-11,2024-02-13,0.04230579182516462,REBAL
012690,2024-01-11,2024-02-13,-0.0007193422479401716,REBAL
000210,2024-01-11,2024-02-13,0.12492880151388645,REBAL
285130,2024-01-11,2024-02-13,-0.0168632995132521,REBAL
020560,2024-01-11,2024-02-13,0.1508796771467914,REBAL
003490,2024-01-11,2024-02-13,-0.033448271330075684,REBAL
005930,2024-01-11,2024-02-13,0.021861073756949026,REBAL
005935,2024-01-11,2024-02-13,0.06527120676893215,REBAL
000810,2024-02-13,2024-02-15,-0.12671418859302783,TRAIL
005440,2024-02-13,2024-02-26,-0.13962667730497033,TRAIL
023590,2024-02-13,2024-02-26,-0.09079235218784111,TRAIL
028260,2024-02-13,2024-02-27,-0.046776920826763504,TRAIL
078930,2024-02-13,2024-02-27,-0.1254771504133011,TRAIL
294870,2023-11-09,2024-03-12,0.3081469211110897,TRAIL
029460,2024-02-13,2024-03-12,-0.12832456811880483,TRAIL
034730,2024-02-13,2024-03-12,-0.08289326386447311,TRAIL
402340,2024-02-13,2024-03-14,0.09287842937345396,REBAL
012630,2024-02-13,2024-03-14,-0.09778667424447952,REBAL
000270,2024-02-13,2024-03-22,-0.03321030342191602,TRAIL
105560,2024-02-13,2024-03-27,-0.019722896415199493,TRAIL
000815,2024-02-13,2024-03-29,-0.006293755558590968,TRAIL
032830,2024-02-13,2024-03-29,0.1074940324650747,TRAIL
024110,2024-03-14,2024-03-29,-0.09706423241210817,TRAIL
005387,2024-02-13,2024-04-01,-0.016710083404085307,TRAIL
086790,2024-02-13,2024-04-01,0.0012304032181173707,TRAIL
005940,2024-03-14,2024-04-01,-0.12577392030293574,TRAIL
039130,2024-03-14,2024-04-01,-0.07837128854328936,TRAIL
005385,2024-02-13,2024-04-02,-0.012286418938987766,TRAIL
005380,2024-02-13,2024-04-02,-0.12709547367141333,TRAIL
005389,2024-02-13,2024-04-02,-0.0431369468440042,TRAIL
055550,2024-02-13,2024-04-02,0.003728876774873878,TRAIL
015760,2024-03-14,2024-04-02,-0.11131484507102547,TRAIL
02826K,2024-03-14,2024-04-03,-0.1418436365746959,TRAIL
029780,2024-03-14,2024-04-03,-0.08447095424121025,TRAIL
192080,2024-03-14,2024-04-03,-0.14091287032691954,TRAIL
028260,2024-03-14,2024-04-11,-0.12388993232289153,TRAIL
175330,2024-03-14,2024-04-12,-0.10107477524442397,TRAIL
103140,2024-03-14,2024-04-15,0.3907567970842343,REBAL
057050,2024-04-15,2024-04-24,-0.1423228671642994,TRAIL
161390,2024-04-15,2024-05-02,-0.0875043950712962,TRAIL
010950,2024-04-15,2024-05-02,-0.13597871111588006,TRAIL
005935,2024-04-15,2024-05-17,-0.04816187048610915,REBAL
005930,2024-04-15,2024-05-17,-0.055752591395648934,REBAL
005389,2024-04-15,2024-05-17,0.05295101109914075,REBAL
005380,2024-04-15,2024-05-17,0.04232399689509606,REBAL
005385,2024-04-15,2024-05-17,0.05921239105445693,REBAL
272450,2024-04-15,2024-05-17,-0.0160133722061066,REBAL
005387,2024-04-15,2024-05-17,0.05810649728372448,REBAL
294870,2024-04-15,2024-05-17,0.11961958033975219,REBAL
012750,2024-04-15,2024-05-17,0.022199223368373946,REBAL
009150,2024-04-15,2024-05-17,-0.018787919229640355,REBAL
271980,2024-04-15,2024-05-17,-0.025419638942993306,REBAL
097950,2024-04-15,2024-05-17,0.05458062400214273,REBAL
039570,2024-05-17,2024-05-23,-0.12858337911401885,TRAIL
104700,2024-04-15,2024-05-28,-0.05577372301536604,TRAIL
138040,2024-04-15,2024-06-04,-0.02614005612295867,TRAIL
012690,2024-05-17,2024-06-05,0.06740556052846924,TRAIL
036460,2024-05-17,2024-06-07,0.32555957861003393,TRAIL
029780,2024-05-17,2024-06-17,-0.03716492317359947,TRAIL
005180,2024-04-15,2024-06-18,0.8995643860332486,REBAL
000815,2024-04-15,2024-06-18,0.10027900229146962,REBAL
086790,2024-04-15,2024-06-18,0.07813537367806833,REBAL
005940,2024-05-17,2024-06-18,-0.06784563092022623,REBAL
017810,2024-05-17,2024-06-18,0.382986369399008,REBAL
055550,2024-05-17,2024-06-18,-0.029149496946436156,REBAL
138930,2024-05-17,2024-06-18,-0.06213169540343297,REBAL
175330,2024-05-17,2024-06-18,0.050981257917031765,REBAL
071050,2024-05-17,2024-06-18,-0.06802640586720422,REBAL
004370,2024-05-17,2024-06-18,0.41497352302278123,REBAL
014710,2024-05-17,2024-06-18,0.5790489130271272,REBAL
021240,2024-05-17,2024-06-18,-0.11062642628724131,REBAL
005090,2024-05-17,2024-06-18,0.02648911525258434,REBAL
145990,2024-06-18,2024-06-21,-0.1328620204604312,TRAIL
264900,2024-06-18,2024-06-26,-0.12701325907638641,TRAIL
007310,2024-06-18,2024-06-26,-0.13356290266193876,TRAIL
007160,2024-06-18,2024-06-26,-0.13492187650190057,TRAIL
001680,2024-06-18,2024-07-01,-0.1332848997052404,TRAIL
033920,2024-06-18,2024-07-01,-0.1445250192494458,TRAIL
339770,2024-06-18,2024-07-02,-0.12582882468886694,TRAIL
126720,2024-06-18,2024-07-03,-0.0715470038141397,TRAIL
025540,2024-06-18,2024-07-04,-0.12908199629171443,TRAIL
077970,2024-06-18,2024-07-09,-0.047844612618612455,TRAIL
280360,2024-05-17,2024-07-12,0.22136547296492246,TRAIL
097950,2024-06-18,2024-07-17,-0.057243953443374934,REBAL
005380,2024-06-18,2024-07-17,-0.021847602529817912,REBAL
026960,2024-06-18,2024-07-17,-0.07368863156767304,REBAL
005389,2024-06-18,2024-07-17,0.019065284225466297,REBAL
018670,2024-06-18,2024-07-17,-0.00524862534315995,REBAL
005385,2024-06-18,2024-07-17,0.020817518060453784,REBAL
000270,2024-06-18,2024-07-17,-0.056995540578680975,REBAL
003220,2024-07-17,2024-07-19,-0.14312020475815868,TRAIL
005387,2024-06-18,2024-07-22,-0.01246926395006103,TRAIL
034220,2024-07-17,2024-07-26,-0.14214148778409777,TRAIL
017800,2024-07-17,2024-07-30,-0.12687806283048467,TRAIL
066570,2024-07-17,2024-08-02,-0.12271860693535766,TRAIL
009150,2024-07-17,2024-08-02,-0.13204138157785208,TRAIL
009540,2024-07-17,2024-08-05,-0.043931478799380703,TRAIL
086280,2024-07-17,2024-08-05,-0.14500267138833497,TRAIL
294870,2024-07-17,2024-08-05,-0.03289253503049797,TRAIL
055550,2024-07-17,2024-08-05,-0.0003085804936490337,TRAIL
006360,2024-07-17,2024-08-05,-0.03849516996563803,TRAIL
077970,2024-07-17,2024-08-05,-0.20686820976121792,TRAIL
071050,2024-07-17,2024-08-05,-0.13452755797408694,TRAIL
001750,2024-07-17,2024-08-08,0.022925379999047556,TRAIL
395400,2024-06-18,2024-08-16,0.07722460633685889,REBAL
016360,2024-07-17,2024-08-16,-0.02152907089013938,REBAL
000815,2024-07-17,2024-08-16,-0.052198022363727156,REBAL
005940,2024-07-17,2024-08-16,-0.004095290416021589,REBAL
175330,2024-07-17,2024-08-16,-0.01429226696466291,REBAL
017960,2024-08-16,2024-08-29,-0.07001242829119715,TRAIL
003520,2024-08-16,2024-09-04,-0.06956312989066549,TRAIL
006280,2024-08-16,2024-09-05,-0.019284818479968265,TRAIL
006360,2024-08-16,2024-09-05,-0.04279097442848698,TRAIL
047810,2024-08-16,2024-09-06,-0.13913321713927287,TRAIL
055550,2024-08-16,2024-09-11,-0.05058276339480687,TRAIL
267250,2024-07-17,2024-09-19,-0.010227708578484507,REBAL
012630,2024-08-16,2024-09-19,0.08939378805283014,REBAL
330590,2024-08-16,2024-09-19,-0.04975850162047018,REBAL
078935,2024-08-16,2024-09-19,-0.0017792329518728559,REBAL
005300,2024-08-16,2024-09-19,-0.08638993728640634,REBAL
007340,2024-08-16,2024-09-19,0.013368132056198335,REBAL
000880,2024-08-16,2024-09-19,-0.02676629193500636,REBAL
000080,2024-08-16,2024-09-19,-0.07410219743893169,REBAL
003690,2024-08-16,2024-09-19,0.011122967123050782,REBAL
001750,2024-08-16,2024-09-23,-0.03230602988381547,TRAIL
138930,2024-08-16,2024-09-25,-0.08599202287927264,TRAIL
016610,2024-09-19,2024-09-25,-0.12471222741964579,TRAIL
015760,2024-09-19,2024-09-25,-0.1237805127207924,TRAIL
018260,2024-09-19,2024-10-10,-0.13248300598889592,TRAIL
033780,2024-08-16,2024-10-11,-0.009907963818262732,TRAIL
010130,2024-09-19,2024-10-23,0.2760487442386763,REBAL
035250,2024-09-19,2024-10-23,-0.07610857939378685,REBAL
021240,2024-09-19,2024-10-23,-0.02612858045106531,REBAL
006280,2024-09-19,2024-10-23,0.05022678465219536,REBAL
017670,2024-09-19,2024-10-23,-0.010975461121264966,REBAL
395400,2024-09-19,2024-10-23,-0.08316522955123355,REBAL
128940,2024-09-19,2024-11-01,-0.06510017308579054,TRAIL
207940,2024-08-16,2024-11-13,0.006499846424603181,TRAIL
006800,2024-09-19,2024-11-13,-0.08113911322797898,TRAIL
139480,2024-10-23,2024-11-13,-0.0957817557428006,TRAIL
170900,2024-10-23,2024-11-14,-0.13876800300344264,TRAIL
016360,2024-09-19,2024-11-21,-0.03652496058104598,REBAL
111110,2024-10-23,2024-11-21,-0.028534669792315472,REBAL
316140,2024-10-23,2024-11-21,-0.0028968491289168975,REBAL
192080,2024-10-23,2024-11-21,-0.05614948135088431,REBAL
071050,2024-10-23,2024-11-21,-0.0656329080321817,REBAL
138930,2024-10-23,2024-11-21,-0.00821911944121402,REBAL
047810,2024-10-23,2024-11-26,0.037911235120033665,TRAIL
015760,2024-11-21,2024-12-06,-0.10326376785340924,TRAIL
051600,2024-08-16,2024-12-09,-0.021858156817638263,TRAIL
175330,2024-09-19,2024-12-09,0.16743250173891377,TRAIL
272450,2024-11-21,2024-12-09,-0.1108634529750247,TRAIL
033780,2024-10-23,2024-12-20,-0.0231600113834451,TRAIL
138040,2024-09-19,2024-12-20,0.04512397493670928,REBAL
012330,2024-10-23,2024-12-20,-0.012094525031153932,REBAL
035250,2024-11-21,2024-12-20,-0.037464714538419396,REBAL
086280,2024-11-21,2024-12-20,-0.06324992328797471,REBAL
003490,2024-10-23,2024-12-30,-0.04629464251703758,TRAIL
032640,2024-11-21,2024-12-30,-0.020219461904524044,TRAIL
139480,2024-12-20,2024-12-30,-0.02107971181977939,TRAIL
017800,2024-11-21,2025-01-02,-0.025081788127561323,TRAIL
300720,2024-12-20,2025-01-02,-0.09912197959164286,TRAIL
051600,2024-12-20,2025-01-08,-0.14475399682118145,TRAIL
035720,2024-12-20,2025-01-23,-0.1273629076561954,TRAIL
271560,2024-10-23,2025-01-23,0.0009498195616075757,REBAL
003690,2024-11-21,2025-01-23,0.00968452317570654,REBAL
192080,2024-12-20,2025-01-23,-0.057185798831343906,REBAL
111770,2024-12-20,2025-01-23,-0.019563344447791953,REBAL
021240,2024-12-20,2025-01-23,0.16140490913583494,REBAL
014580,2024-12-20,2025-01-23,-0.07348209395261027,REBAL
016360,2024-12-20,2025-01-23,-0.06470648994998886,REBAL
086280,2025-01-23,2025-02-12,-0.02499883754372122,TRAIL
000880,2025-01-23,2025-02-21,0.3814162100680991,TRAIL
267250,2025-01-23,2025-02-24,-0.11059038862065372,TRAIL
030200,2024-09-19,2025-02-27,0.12908486601355199,REBAL
001530,2024-11-21,2025-02-27,0.14959545367600993,REBAL
039130,2024-11-21,2025-02-27,0.017673118536633673,REBAL
138930,2024-12-20,2025-02-27,0.1013869832135792,REBAL
017960,2025-01-23,2025-02-27,0.08327674716228492,REBAL
064960,2025-01-23,2025-02-27,-0.054828496092431574,REBAL
175330,2025-01-23,2025-02-27,-0.0853414929936781,REBAL
139130,2025-01-23,2025-02-27,0.002406807796713874,REBAL
020560,2025-01-23,2025-02-27,0.03268528124475037,REBAL
010950,2025-01-23,2025-02-27,-0.06258235329534163,REBAL
024110,2025-01-23,2025-02-27,0.02771004961061248,REBAL
108320,2025-01-23,2025-02-27,-0.00569900170359651,REBAL
003490,2025-01-23,2025-02-27,0.002103286614584178,REBAL
120110,2025-02-27,2025-03-13,-0.1246011454004529,TRAIL
00088K,2025-02-27,2025-03-21,-0.034224420793974836,TRAIL
004020,2025-02-27,2025-03-25,0.06371923261012481,TRAIL
035420,2024-11-21,2025-03-26,0.05485234036932289,TRAIL
306200,2025-02-27,2025-03-27,0.1222325237307146,TRAIL
207940,2025-02-27,2025-03-31,-0.13392212509732734,TRAIL
005940,2025-01-23,2025-03-31,-0.01524607792710879,REBAL
000120,2025-02-27,2025-03-31,-0.11556161251380988,REBAL
323410,2025-02-27,2025-03-31,-0.10966118963192324,REBAL
007340,2025-02-27,2025-03-31,-0.04977899269051602,REBAL
009150,2025-02-27,2025-03-31,-0.07217334315009204,REBAL
023530,2025-02-27,2025-03-31,-0.018166157584398015,REBAL
017800,2025-02-27,2025-03-31,-0.049843563294437516,REBAL
111770,2025-02-27,2025-04-03,-0.047348480843121675,TRAIL
138040,2025-01-23,2025-04-07,0.0030888734042415697,TRAIL
001680,2025-02-27,2025-04-07,-0.05930535960404602,TRAIL
018670,2024-11-21,2025-04-14,0.12724939336438187,TRAIL
069960,2025-02-27,2025-04-29,0.03208809868651046,REBAL
271560,2025-03-31,2025-04-29,0.04509584341958229,REBAL
009580,2025-03-31,2025-04-29,0.0009515239906539578,REBAL
064960,2025-03-31,2025-04-29,0.06485195870902309,REBAL
030200,2025-03-31,2025-04-29,0.05246724887069529,REBAL
011210,2025-03-31,2025-04-29,-0.030801115030563996,REBAL
012330,2025-03-31,2025-04-29,-0.03993277049574793,REBAL
005930,2025-03-31,2025-04-29,-0.0676992886751664,REBAL
005935,2025-03-31,2025-04-29,-0.052004728850460584,REBAL
451800,2025-03-31,2025-04-29,-0.024576621204381078,REBAL
306200,2025-03-31,2025-05-12,-0.05194322618374346,TRAIL
005610,2025-03-31,2025-05-12,0.03177777802525375,TRAIL
001680,2025-04-29,2025-05-19,-0.08813788194209567,TRAIL
192080,2025-04-29,2025-05-19,-0.12240311939142326,TRAIL
037560,2025-04-29,2025-05-20,-0.13028869539755303,TRAIL
014440,2025-04-29,2025-05-22,-0.1200637652807546,TRAIL
000720,2025-02-27,2025-06-02,0.7389704237869749,REBAL
139480,2025-02-27,2025-06-02,0.19376657241523243,REBAL
006800,2025-03-31,2025-06-02,0.6761384493211677,REBAL
034230,2025-04-29,2025-06-02,0.016146675225929212,REBAL
032640,2025-04-29,2025-06-02,0.038492739928030116,REBAL
000970,2025-04-29,2025-06-02,-0.03160647023878331,REBAL
010960,2025-04-29,2025-06-02,-0.011178538706092641,REBAL
008770,2025-04-29,2025-06-02,0.13051725910392045,REBAL
004170,2025-04-29,2025-06-02,0.11912251166260854,REBAL
015760,2025-04-29,2025-06-10,0.06996415961174984,TRAIL
023530,2025-04-29,2025-06-17,0.07070756700486634,TRAIL
004990,2025-06-02,2025-06-17,-0.06823830560956597,TRAIL
003240,2025-06-02,2025-06-30,0.025226825113264822,TRAIL
032350,2025-04-29,2025-07-03,0.7611475927931387,REBAL
136490,2025-06-02,2025-07-03,0.25494313663639134,REBAL
004690,2025-06-02,2025-07-03,0.08181099369313087,REBAL
267250,2025-06-02,2025-07-03,0.17377792283060534,REBAL
071050,2025-06-02,2025-07-03,0.30427183668622054,REBAL
005440,2025-06-02,2025-07-03,0.20655122111579732,REBAL
003540,2025-06-02,2025-07-03,0.0792529578109638,REBAL
069960,2025-06-02,2025-07-03,0.08110833831416446,REBAL
003470,2025-06-02,2025-07-03,0.09026885845126492,REBAL
00680K,2025-06-02,2025-07-04,0.3788128996481632,TRAIL
007700,2025-07-03,2025-07-07,-0.12968504361577105,TRAIL
001720,2025-06-02,2025-07-17,0.24932689014775855,TRAIL
012630,2025-03-31,2025-07-21,0.455033660443033,TRAIL
005945,2025-07-03,2025-07-22,-0.020767802295217602,TRAIL
023590,2025-06-02,2025-07-23,0.3427095153422725,TRAIL
383800,2025-07-03,2025-07-23,-0.12391814502079995,TRAIL
071055,2025-06-02,2025-07-24,0.19431263361493908,TRAIL
005940,2025-07-03,2025-07-24,0.013117877403948432,TRAIL
000070,2025-07-03,2025-07-24,-0.010818016955673049,TRAIL
006040,2025-04-29,2025-07-25,0.1418882570757914,TRAIL
001800,2025-07-03,2025-07-25,-0.0528310527999183,TRAIL
016360,2025-06-02,2025-07-28,0.1594114529485122,TRAIL
000320,2025-07-03,2025-07-28,-0.09149100982849312,TRAIL
006120,2025-07-03,2025-07-28,-0.0932807867966764,TRAIL
139130,2025-07-03,2025-07-28,0.012540931004515645,TRAIL
086790,2025-07-03,2025-07-28,-0.04161224865377406,TRAIL
001550,2025-07-03,2025-07-28,-0.13540118518875702,TRAIL
009970,2025-07-03,2025-08-18,-0.14797954024260201,TRAIL
032350,2025-08-01,2025-08-29,-0.07799430654747043,TRAIL
085620,2025-08-01,2025-09-02,-0.0014145240375989625,REBAL
028260,2025-08-01,2025-09-02,-0.003496430097570596,REBAL
005930,2025-08-01,2025-09-02,-0.03814331467530282,REBAL
071055,2025-08-01,2025-09-02,0.010210523091814593,REBAL
055550,2025-08-01,2025-09-02,-0.04733067451472711,REBAL
030610,2025-08-01,2025-09-02,0.016749226761317505,REBAL
093050,2025-08-01,2025-09-02,-0.08499370527122865,REBAL
088350,2025-08-01,2025-09-02,-0.09529005306688003,REBAL
00680K,2025-08-01,2025-09-02,-0.009988217691666473,REBAL
005935,2025-08-01,2025-09-02,-0.030349368876056167,REBAL
004690,2025-08-01,2025-09-02,-0.07111347999005191,REBAL
019180,2025-09-02,2025-09-22,0.16417151709718505,TRAIL
139130,2025-08-01,2025-10-01,-0.009169040755969032,REBAL
138930,2025-08-01,2025-10-01,0.01397416000211059,REBAL
003540,2025-08-01,2025-10-01,0.03911950960537391,REBAL
175330,2025-08-01,2025-10-01,0.00026315470250776505,REBAL
003690,2025-08-01,2025-10-01,0.038183683104052936,REBAL
033530,2025-09-02,2025-10-01,-0.013859062078609645,REBAL
012330,2025-09-02,2025-10-01,-0.07534197259465758,REBAL
114090,2025-09-02,2025-10-01,-0.03514121962676909,REBAL
011210,2025-09-02,2025-10-01,-0.06850225522502407,REBAL
033780,2025-09-02,2025-10-01,-0.009932094574755553,REBAL
005380,2025-09-02,2025-10-01,-0.028880249251821827,REBAL
081660,2025-09-02,2025-10-01,-0.049756348971916484,REBAL
001450,2025-09-02,2025-10-01,0.013881328890548437,REBAL
024110,2025-09-02,2025-10-01,0.026977357847042863,REBAL
000270,2025-09-02,2025-10-01,-0.05754780307730861,REBAL
034230,2025-07-03,2025-10-10,0.28211399543321025,TRAIL
023590,2025-09-02,2025-10-14,-0.018762517361293706,TRAIL
012750,2025-09-02,2025-10-30,-0.0595634008232305,TRAIL
004800,2025-10-01,2025-11-04,0.638874767701354,TRAIL
316140,2025-08-01,2025-11-06,0.07992136203859393,REBAL
069960,2025-10-01,2025-11-06,-0.05580140400616036,REBAL
028260,2025-10-01,2025-11-06,0.18585636216626744,REBAL
004000,2025-10-01,2025-11-06,-0.019087404323737393,REBAL
111770,2025-10-01,2025-11-06,-0.10197672053113963,REBAL
032640,2025-10-01,2025-11-06,-0.014476056118525555,REBAL
462520,2025-10-01,2025-11-06,-0.06365105377984748,REBAL
009970,2025-10-01,2025-11-06,0.01026526776110862,REBAL
001120,2025-10-01,2025-11-06,-0.06555143546946333,REBAL
005830,2025-10-01,2025-11-06,-0.06543724716575935,REBAL
005935,2025-10-01,2025-11-07,0.11927797957721765,TRAIL
352820,2025-11-06,2025-11-11,-0.16250134142496078,TRAIL
005930,2025-10-01,2025-11-14,0.14018772404667496,TRAIL
066575,2025-11-06,2025-11-24,-0.0589716723726898,TRAIL
003540,2025-11-06,2025-11-24,-0.06413209914980762,TRAIL
000070,2025-11-06,2025-11-25,-0.15533583370527895,TRAIL
015860,2025-11-06,2025-11-26,0.004404607532063811,TRAIL
010950,2025-11-06,2025-11-27,0.023568729294644517,TRAIL
009155,2025-10-01,2025-12-05,0.3767945809687281,REBAL
071055,2025-10-01,2025-12-05,0.24822605634997685,REBAL
210980,2025-10-01,2025-12-05,-0.004881324125243384,REBAL
055550,2025-10-01,2025-12-05,0.11880358863902268,REBAL
005389,2025-11-06,2025-12-05,-0.010568671028317399,REBAL
005385,2025-11-06,2025-12-05,-0.012003218631080484,REBAL
005387,2025-11-06,2025-12-05,-0.013835189776256083,REBAL
03473K,2025-11-06,2025-12-05,0.09955338255279565,REBAL
207940,2025-11-06,2025-12-05,-0.0761418192117462,REBAL
066570,2025-11-06,2025-12-05,0.09761888306561939,REBAL
060980,2025-12-05,2025-12-23,-0.13428512363453776,TRAIL
007070,2025-12-05,2026-01-02,-0.1135550873252515,TRAIL
105630,2025-12-05,2026-01-02,-0.01090101736078671,TRAIL
073240,2025-12-05,2026-01-08,-0.12481101278983701,TRAIL
030000,2025-12-05,2026-01-08,-0.1113465668327576,TRAIL
005380,2025-11-06,2026-01-08,0.3097326053180918,REBAL
011210,2025-11-06,2026-01-08,0.6745300426633266,REBAL
161390,2025-12-05,2026-01-08,-0.09020124409946507,REBAL
010950,2025-12-05,2026-01-08,0.0020827785019931527,REBAL
016610,2025-12-05,2026-01-08,0.14108301915193072,REBAL
000850,2025-12-05,2026-01-08,-0.0571239827445191,REBAL
069960,2025-12-05,2026-01-08,-0.036152308964861955,REBAL
000120,2025-12-05,2026-01-08,-0.04583979920097877,REBAL
016360,2025-12-05,2026-01-08,-0.049756348971916525,REBAL
015860,2025-12-05,2026-01-08,-0.059423329837353656,REBAL
316140,2025-12-05,2026-01-08,-0.027009912052467097,REBAL
081660,2025-12-05,2026-01-08,-0.07443385174314104,REBAL
001450,2026-01-08,2026-01-13,-0.13349738261525573,TRAIL
005387,2026-01-08,2026-01-26,0.14799894347441875,TRAIL
005385,2026-01-08,2026-01-27,0.14154238754464615,TRAIL
005389,2026-01-08,2026-01-27,0.1372448976253727,TRAIL
000270,2026-01-08,2026-01-28,0.13806820629558447,TRAIL
207940,2026-01-08,2026-02-02,-0.03565763548489695,TRAIL
006120,2026-01-08,2026-02-02,-0.15527331362360516,TRAIL
012330,2026-01-08,2026-02-06,0.048839076100802986,TRAIL
005930,2025-12-05,2026-02-06,0.45744459398756965,REBAL
417310,2026-01-08,2026-02-06,-0.009728235605976028,REBAL
006280,2026-01-08,2026-02-06,0.034208736875669915,REBAL
068270,2026-01-08,2026-02-06,-0.017991635200914298,REBAL
395400,2026-01-08,2026-02-06,-0.059798435189362786,REBAL
025540,2026-01-08,2026-02-06,0.02676372875418612,REBAL
079160,2026-01-08,2026-02-06,0.016580931928282326,REBAL
000860,2026-01-08,2026-02-06,0.27053521511788486,REBAL
139130,2026-01-08,2026-02-06,0.10258512092331351,REBAL
001120,2026-02-06,2026-02-27,0.034769283616523955,TRAIL
005935,2025-12-05,2026-03-03,0.6308097399017746,TRAIL
001060,2026-01-08,2026-03-03,0.23302487853254475,TRAIL
005385,2026-02-06,2026-03-03,0.14164686220602396,TRAIL
005940,2026-02-06,2026-03-03,0.3005343854567248,TRAIL
005387,2026-02-06,2026-03-03,0.1304321602737497,TRAIL
002350,2026-02-06,2026-03-03,-0.03261489836516185,TRAIL
005389,2026-02-06,2026-03-03,0.11209359236877582,TRAIL
078930,2025-12-05,2026-03-04,0.05066235684632768,TRAIL
017670,2026-02-06,2026-03-04,-0.048748626579433615,TRAIL
023530,2026-02-06,2026-03-04,-0.05925308971605731,TRAIL
029530,2026-02-06,2026-03-04,-0.16816525904600155,TRAIL
000270,2026-02-06,2026-03-04,0.009432522586089445,TRAIL
081660,2026-02-06,2026-03-04,-0.06757925596719154,TRAIL
028670,2026-02-06,2026-03-04,0.06188597398705788,TRAIL
017940,2026-02-06,2026-03-04,-0.06255933207176102,TRAIL
005090,2026-02-06,2026-03-04,0.4584222526117438,TRAIL
028050,2026-02-06,2026-03-04,-0.015249423163362166,TRAIL
086790,2026-02-06,2026-03-04,-0.07019516052115289,TRAIL
025860,2026-03-13,2026-03-16,-0.12364438068144319,TRAIL
001230,2026-03-13,2026-03-30,-0.03795605054187684,TRAIL
005385,2026-03-13,2026-03-30,-0.06369576531390433,TRAIL
005830,2026-03-13,2026-03-30,-0.05256342228453494,TRAIL
